Customer ID,Age,Gender,Location,Region,Size,Season,Review Rating,Subscription Status,Shipping Type,Discount Applied,Promo Code Used,Previous Purchases,Payment Method,Frequency of Purchases
1,55,Male,Kentucky,South,L,Winter,3.1,Yes,Express,Yes,Yes,14,Venmo,Fortnightly
2,19,Male,Maine,North,L,Winter,3.1,Yes,Express,Yes,Yes,2,Cash,Fortnightly
3,50,Male,Massachusetts,East,S,Spring,3.1,Yes,Free Shipping,Yes,Yes,23,Credit Card,Weekly
4,21,Male,Rhode Island,East,M,Spring,3.5,Yes,Next Day Air,Yes,Yes,49,PayPal,Weekly
5,45,Male,Oregon,West,M,Spring,2.7,Yes,Free Shipping,Yes,Yes,31,PayPal,Annually
6,46,Male,Wyoming,West,M,Summer,2.9,Yes,Standard,Yes,Yes,14,Venmo,Weekly
7,63,Male,Montana,West,M,Autumn,3.2,Yes,Free Shipping,Yes,Yes,49,Cash,Quarterly
8,27,Male,Louisiana,South,L,Winter,3.2,Yes,Free Shipping,Yes,Yes,19,Credit Card,Weekly
9,26,Male,West Virginia,South,L,Summer,2.6,Yes,Express,Yes,Yes,8,Venmo,Annually
10,57,Male,Missouri,South,M,Spring,4.8,Yes,2-Day Shipping,Yes,Yes,4,Cash,Quarterly
11,53,Male,Arkansas,South,L,Autumn,4.1,Yes,Store Pickup,Yes,Yes,26,Bank Transfer,Bi-Weekly
12,30,Male,Hawaii,West,S,Winter,4.9,Yes,Store Pickup,Yes,Yes,10,Bank Transfer,Fortnightly
13,61,Male,Delaware,East,M,Winter,4.5,Yes,Express,Yes,Yes,37,Venmo,Fortnightly
14,65,Male,New Hampshire,North,M,Spring,4.7,Yes,Express,Yes,Yes,31,PayPal,Weekly
15,64,Male,New York,East,L,Winter,4.7,Yes,Free Shipping,Yes,Yes,34,Debit Card,Weekly
16,64,Male,Rhode Island,East,M,Winter,2.8,Yes,Store Pickup,Yes,Yes,8,PayPal,Monthly
17,25,Male,Alabama,South,S,Spring,4.1,Yes,Next Day Air,Yes,Yes,44,Debit Card,Bi-Weekly
18,53,Male,Mississippi,South,XL,Winter,4.7,Yes,2-Day Shipping,Yes,Yes,36,Venmo,Quarterly
19,52,Male,Montana,West,S,Summer,4.6,Yes,Free Shipping,Yes,Yes,17,Cash,Weekly
20,66,Male,Rhode Island,East,M,Summer,3.3,Yes,Standard,Yes,Yes,46,Debit Card,Bi-Weekly
21,21,Male,Louisiana,South,M,Winter,2.8,Yes,Express,Yes,Yes,50,Cash,Every 3 Months
22,31,Male,North Carolina,South,M,Winter,4.1,Yes,Store Pickup,Yes,Yes,22,Debit Card,Quarterly
23,56,Male,California,West,M,Summer,3.2,Yes,Store Pickup,Yes,Yes,32,Debit Card,Annually
24,31,Male,Oklahoma,South,XL,Winter,4.4,Yes,Express,Yes,Yes,40,Credit Card,Weekly
25,18,Male,Florida,South,M,Autumn,2.9,Yes,Store Pickup,Yes,Yes,16,Debit Card,Weekly
26,18,Male,Texas,South,M,Summer,3.6,Yes,Express,Yes,Yes,14,PayPal,Annually
27,38,Male,Nevada,West,M,Spring,3.6,Yes,Next Day Air,Yes,Yes,13,Credit Card,Annually
28,56,Male,Kentucky,South,L,Summer,5,Yes,Next Day Air,Yes,Yes,7,Bank Transfer,Every 3 Months
29,54,Male,North Carolina,South,M,Autumn,4.4,Yes,Free Shipping,Yes,Yes,41,PayPal,Every 3 Months
30,31,Male,Wyoming,West,S,Autumn,4.1,Yes,Store Pickup,Yes,Yes,14,Credit Card,Weekly
31,57,Male,North Carolina,South,L,Winter,4.7,Yes,Standard,Yes,Yes,16,Credit Card,Monthly
32,33,Male,West Virginia,South,L,Winter,4.7,Yes,Store Pickup,Yes,Yes,45,Venmo,Monthly
33,36,Male,Kansas,West,M,Summer,4.9,Yes,Free Shipping,Yes,Yes,37,Venmo,Annually
34,54,Male,Colorado,West,L,Summer,3.3,Yes,Store Pickup,Yes,Yes,45,Cash,Quarterly
35,36,Male,North Dakota,North,L,Spring,4.6,Yes,2-Day Shipping,Yes,Yes,38,PayPal,Quarterly
36,54,Male,Massachusetts,East,M,Summer,4,Yes,2-Day Shipping,Yes,Yes,48,Credit Card,Bi-Weekly
37,35,Male,Illinois,North,M,Winter,4.6,Yes,Free Shipping,Yes,Yes,44,PayPal,Fortnightly
38,35,Male,Indiana,North,S,Summer,2.8,Yes,Store Pickup,Yes,Yes,10,PayPal,Weekly
39,29,Male,Florida,South,M,Winter,3.7,Yes,2-Day Shipping,Yes,Yes,44,Venmo,Every 3 Months
40,70,Male,Arizona,West,S,Summer,4.2,Yes,Express,Yes,Yes,18,Credit Card,Monthly
41,69,Male,Louisiana,South,L,Winter,4.6,Yes,Next Day Air,Yes,Yes,31,Debit Card,Quarterly
42,67,Male,Alaska,West,M,Spring,4.5,Yes,Standard,Yes,Yes,40,Venmo,Annually
43,20,Male,Tennessee,South,M,Spring,4.1,Yes,Free Shipping,Yes,Yes,15,PayPal,Annually
44,25,Male,Ohio,East,L,Autumn,3.7,Yes,Store Pickup,Yes,Yes,19,PayPal,Fortnightly
45,39,Male,Kentucky,South,S,Summer,4.6,Yes,Free Shipping,Yes,Yes,45,PayPal,Weekly
46,50,Male,Tennessee,South,XL,Autumn,2.9,Yes,2-Day Shipping,Yes,Yes,25,PayPal,Annually
47,57,Male,California,West,L,Summer,2.9,Yes,Store Pickup,Yes,Yes,45,Cash,Quarterly
48,55,Male,Montana,West,M,Winter,4.5,Yes,Free Shipping,Yes,Yes,36,Cash,Weekly
49,42,Male,Nevada,West,M,Summer,2.7,Yes,Store Pickup,Yes,Yes,38,Cash,Monthly
50,68,Male,New Jersey,East,S,Spring,4.6,Yes,Next Day Air,Yes,Yes,34,Debit Card,Bi-Weekly
51,49,Male,Maryland,East,M,Spring,3.7,Yes,Store Pickup,Yes,Yes,39,Debit Card,Bi-Weekly
52,59,Male,Vermont,North,XL,Winter,4.7,Yes,2-Day Shipping,Yes,Yes,7,Credit Card,Quarterly
53,42,Male,Alaska,West,M,Summer,2.6,Yes,Free Shipping,Yes,Yes,26,Credit Card,Weekly
54,29,Male,Mississippi,South,S,Winter,3.9,Yes,Next Day Air,Yes,Yes,35,Credit Card,Weekly
55,47,Male,New Mexico,West,M,Summer,4.2,Yes,Next Day Air,Yes,Yes,35,Debit Card,Bi-Weekly
56,40,Male,South Carolina,South,M,Winter,3,Yes,2-Day Shipping,Yes,Yes,49,Credit Card,Annually
57,41,Male,Mississippi,South,XL,Summer,4.7,Yes,Store Pickup,Yes,Yes,46,Credit Card,Weekly
58,21,Male,West Virginia,South,M,Summer,4.4,Yes,Store Pickup,Yes,Yes,17,Debit Card,Fortnightly
59,69,Male,Missouri,South,M,Summer,4.2,Yes,Free Shipping,Yes,Yes,29,Venmo,Monthly
60,63,Male,Louisiana,South,L,Spring,4.6,Yes,Standard,Yes,Yes,4,Debit Card,Weekly
61,50,Male,Idaho,West,L,Summer,4,Yes,Express,Yes,Yes,17,Cash,Weekly
62,55,Male,Texas,South,M,Winter,4.7,Yes,Store Pickup,Yes,Yes,21,Credit Card,Every 3 Months
63,30,Male,Mississippi,South,S,Spring,3.8,Yes,Free Shipping,Yes,Yes,31,Credit Card,Fortnightly
64,33,Male,Arizona,West,L,Winter,2.7,Yes,2-Day Shipping,Yes,Yes,43,Credit Card,Weekly
65,65,Male,Alabama,South,S,Autumn,4.8,Yes,Standard,Yes,Yes,18,Debit Card,Fortnightly
66,65,Male,New Jersey,East,M,Spring,4.8,Yes,2-Day Shipping,Yes,Yes,44,Venmo,Every 3 Months
67,31,Male,Pennsylvania,East,S,Winter,4.7,Yes,2-Day Shipping,Yes,Yes,3,Venmo,Every 3 Months
68,45,Male,Connecticut,East,L,Winter,4.4,Yes,Store Pickup,Yes,Yes,49,Debit Card,Monthly
69,57,Male,Utah,West,L,Summer,3.9,Yes,Next Day Air,Yes,Yes,21,Cash,Every 3 Months
70,48,Male,Tennessee,South,S,Summer,4.4,Yes,Express,Yes,Yes,5,Cash,Weekly
71,22,Male,Alabama,South,M,Autumn,4.2,Yes,Express,Yes,Yes,32,Debit Card,Every 3 Months
72,36,Male,Virginia,South,L,Summer,2.9,Yes,Express,Yes,Yes,34,Bank Transfer,Annually
73,18,Male,Georgia,South,M,Winter,2.9,Yes,Store Pickup,Yes,Yes,21,Bank Transfer,Every 3 Months
74,48,Male,Hawaii,West,M,Spring,2.7,Yes,Free Shipping,Yes,Yes,43,Bank Transfer,Bi-Weekly
75,49,Male,Indiana,North,L,Spring,4.5,Yes,Express,Yes,Yes,3,Cash,Monthly
76,64,Male,Utah,West,M,Summer,2.7,Yes,Free Shipping,Yes,Yes,21,Credit Card,Annually
77,50,Male,Delaware,East,S,Summer,4.2,Yes,Free Shipping,Yes,Yes,32,Venmo,Monthly
78,22,Male,Delaware,East,L,Summer,3.3,Yes,Next Day Air,Yes,Yes,36,Debit Card,Fortnightly
79,50,Male,Nebraska,North,M,Spring,4.7,Yes,Free Shipping,Yes,Yes,50,Venmo,Fortnightly
80,38,Male,Iowa,west,M,Winter,2.6,Yes,2-Day Shipping,Yes,Yes,43,Bank Transfer,Every 3 Months
81,19,Male,New York,East,XL,Summer,3.3,Yes,Store Pickup,Yes,Yes,24,Credit Card,Every 3 Months
82,67,Male,Virginia,South,L,Summer,2.6,Yes,Express,Yes,Yes,36,Credit Card,Every 3 Months
83,19,Male,Georgia,South,S,Spring,4,Yes,2-Day Shipping,Yes,Yes,21,Credit Card,Every 3 Months
84,36,Male,Texas,South,M,Summer,4.1,Yes,Standard,Yes,Yes,34,Bank Transfer,Weekly
85,52,Male,Arizona,West,S,Spring,4.4,Yes,Standard,Yes,Yes,42,Bank Transfer,Every 3 Months
86,53,Male,New Mexico,West,M,Winter,4.5,Yes,Next Day Air,Yes,Yes,2,Debit Card,Bi-Weekly
87,24,Male,Nevada,West,L,Spring,3.7,Yes,2-Day Shipping,Yes,Yes,47,Cash,Bi-Weekly
88,52,Male,Ohio,East,M,Autumn,3.7,Yes,2-Day Shipping,Yes,Yes,44,Debit Card,Fortnightly
89,33,Male,Wyoming,West,M,Autumn,3.5,Yes,Free Shipping,Yes,Yes,35,Credit Card,Monthly
90,47,Male,California,West,XL,Autumn,3.6,Yes,Next Day Air,Yes,Yes,15,Cash,Quarterly
91,25,Male,South Carolina,South,L,Summer,2.9,Yes,Express,Yes,Yes,29,Credit Card,Monthly
92,44,Male,South Carolina,South,S,Winter,4.6,Yes,Standard,Yes,Yes,18,Credit Card,Every 3 Months
93,61,Male,Texas,South,M,Winter,4.4,Yes,2-Day Shipping,Yes,Yes,13,Venmo,Every 3 Months
94,37,Male,Florida,South,M,Autumn,4.5,Yes,Standard,Yes,Yes,46,Credit Card,Weekly
95,58,Male,Nevada,West,S,Spring,4.6,Yes,Free Shipping,Yes,Yes,28,Credit Card,Weekly
96,37,Male,Missouri,South,L,Autumn,3.8,Yes,Free Shipping,Yes,Yes,48,PayPal,Monthly
97,32,Male,Delaware,East,S,Spring,3.6,Yes,Express,Yes,Yes,43,Venmo,Every 3 Months
98,21,Male,Virginia,South,M,Winter,4.8,Yes,Store Pickup,Yes,Yes,37,Cash,Annually
99,20,Male,New York,East,XL,Spring,2.6,Yes,Next Day Air,Yes,Yes,20,Bank Transfer,Annually
100,26,Male,Missouri,South,XL,Summer,3.7,Yes,Express,Yes,Yes,33,Debit Card,Quarterly
101,62,Male,South Dakota,North,M,Autumn,2.7,Yes,Express,Yes,Yes,31,Cash,Fortnightly
102,27,Male,North Dakota,North,XL,Spring,4.6,Yes,Express,Yes,Yes,50,Credit Card,Bi-Weekly
103,51,Male,Oklahoma,South,L,Winter,4.8,Yes,Next Day Air,Yes,Yes,35,Credit Card,Quarterly
104,54,Male,West Virginia,South,L,Winter,4,Yes,Next Day Air,Yes,Yes,22,Venmo,Bi-Weekly
105,55,Male,New Hampshire,North,L,Spring,4.4,Yes,2-Day Shipping,Yes,Yes,1,PayPal,Monthly
106,69,Male,New York,East,M,Autumn,3.6,Yes,Next Day Air,Yes,Yes,4,Bank Transfer,Annually
107,64,Male,Minnesota,North,L,Summer,3.7,Yes,Standard,Yes,Yes,31,Credit Card,Monthly
108,28,Male,Maryland,East,L,Winter,3.1,Yes,Next Day Air,Yes,Yes,46,PayPal,Fortnightly
109,70,Male,Montana,West,L,Spring,3.4,Yes,Next Day Air,Yes,Yes,32,Bank Transfer,Bi-Weekly
110,58,Male,Alabama,South,M,Spring,2.6,Yes,Next Day Air,Yes,Yes,43,Bank Transfer,Fortnightly
111,56,Male,New York,East,M,Summer,4,Yes,Standard,Yes,Yes,26,Venmo,Fortnightly
112,26,Male,Massachusetts,East,L,Summer,5,Yes,Free Shipping,Yes,Yes,9,Credit Card,Annually
113,37,Male,Florida,South,M,Spring,4.3,Yes,Free Shipping,Yes,Yes,28,PayPal,Bi-Weekly
114,44,Male,New Jersey,East,L,Winter,3.1,Yes,Next Day Air,Yes,Yes,20,PayPal,Quarterly
115,70,Male,Massachusetts,East,S,Summer,3.7,Yes,Store Pickup,Yes,Yes,9,Cash,Weekly
116,53,Male,Wyoming,West,M,Spring,3.8,Yes,Standard,Yes,Yes,48,Debit Card,Every 3 Months
117,55,Male,Virginia,South,S,Spring,3.4,Yes,Free Shipping,Yes,Yes,12,Venmo,Annually
118,50,Male,South Dakota,North,L,Summer,4.6,Yes,Express,Yes,Yes,29,Cash,Fortnightly
119,50,Male,Kentucky,South,L,Autumn,4.8,Yes,2-Day Shipping,Yes,Yes,27,Cash,Bi-Weekly
120,38,Male,Wyoming,West,M,Autumn,4.3,Yes,Express,Yes,Yes,44,Cash,Annually
121,64,Male,West Virginia,South,L,Summer,4,Yes,Express,Yes,Yes,32,Bank Transfer,Annually
122,19,Male,Virginia,South,M,Winter,4.2,Yes,Standard,Yes,Yes,11,Cash,Fortnightly
123,40,Male,Washington,West,L,Spring,4.8,Yes,2-Day Shipping,Yes,Yes,44,Cash,Fortnightly
124,57,Male,Louisiana,South,L,Autumn,3.1,Yes,Free Shipping,Yes,Yes,46,Cash,Weekly
125,44,Male,Nevada,West,M,Spring,3.1,Yes,Next Day Air,Yes,Yes,50,PayPal,Annually
126,49,Male,California,West,M,Winter,3.6,Yes,Next Day Air,Yes,Yes,45,Venmo,Every 3 Months
127,43,Male,Mississippi,South,L,Spring,3.9,Yes,Store Pickup,Yes,Yes,48,Cash,Every 3 Months
128,24,Male,Mississippi,South,M,Winter,4.8,Yes,Next Day Air,Yes,Yes,26,Credit Card,Weekly
129,20,Male,California,West,M,Spring,4.7,Yes,Standard,Yes,Yes,21,Credit Card,Fortnightly
130,24,Male,Pennsylvania,East,XL,Summer,4.2,Yes,2-Day Shipping,Yes,Yes,49,PayPal,Bi-Weekly
131,44,Male,Kentucky,South,L,Autumn,3.7,Yes,Next Day Air,Yes,Yes,13,PayPal,Fortnightly
132,28,Male,Maine,North,L,Summer,3.9,Yes,Standard,Yes,Yes,46,Credit Card,Weekly
133,30,Male,New Mexico,West,M,Autumn,4.7,Yes,2-Day Shipping,Yes,Yes,42,PayPal,Weekly
134,52,Male,Montana,West,M,Winter,2.5,Yes,Next Day Air,Yes,Yes,25,Venmo,Annually
135,43,Male,Texas,South,L,Autumn,4.9,Yes,Store Pickup,Yes,Yes,25,Cash,Monthly
136,43,Male,Kansas,West,M,Autumn,4.1,Yes,Express,Yes,Yes,12,PayPal,Quarterly
137,39,Male,South Carolina,South,M,Winter,3.3,Yes,Free Shipping,Yes,Yes,4,Debit Card,Quarterly
138,68,Male,Colorado,West,M,Spring,4.7,Yes,Free Shipping,Yes,Yes,38,PayPal,Weekly
139,68,Male,Georgia,South,M,Winter,4.4,Yes,Store Pickup,Yes,Yes,42,Bank Transfer,Weekly
140,49,Male,Florida,South,M,Autumn,3.8,Yes,Store Pickup,Yes,Yes,30,Venmo,Annually
141,63,Male,North Carolina,South,L,Autumn,3.9,Yes,2-Day Shipping,Yes,Yes,50,Credit Card,Weekly
142,56,Male,Virginia,South,M,Autumn,4.9,Yes,Free Shipping,Yes,Yes,45,PayPal,Weekly
143,37,Male,Nebraska,North,L,Autumn,3.1,Yes,Free Shipping,Yes,Yes,33,Credit Card,Fortnightly
144,30,Male,Missouri,South,M,Autumn,2.7,Yes,Store Pickup,Yes,Yes,25,PayPal,Quarterly
145,19,Male,New Jersey,East,M,Autumn,3.2,Yes,Express,Yes,Yes,25,Cash,Monthly
146,24,Male,Missouri,South,M,Autumn,4.5,Yes,Standard,Yes,Yes,44,Debit Card,Quarterly
147,52,Male,Colorado,West,S,Autumn,4,Yes,Standard,Yes,Yes,21,Venmo,Fortnightly
148,63,Male,Idaho,West,M,Summer,3.5,Yes,2-Day Shipping,Yes,Yes,31,Bank Transfer,Fortnightly
149,37,Male,Wyoming,West,M,Autumn,2.6,Yes,Store Pickup,Yes,Yes,47,Debit Card,Annually
150,38,Male,Delaware,East,M,Summer,3.2,Yes,Free Shipping,Yes,Yes,14,PayPal,Monthly
151,35,Male,California,West,L,Autumn,4.9,Yes,Standard,Yes,Yes,17,Debit Card,Every 3 Months
152,28,Male,North Dakota,North,L,Autumn,4.5,Yes,Next Day Air,Yes,Yes,3,Venmo,Annually
153,30,Male,South Carolina,South,S,Summer,4.3,Yes,Express,Yes,Yes,42,Venmo,Annually
154,69,Male,North Carolina,South,M,Winter,3.2,Yes,Standard,Yes,Yes,22,Debit Card,Annually
155,41,Male,Oklahoma,South,M,Autumn,3.6,Yes,Next Day Air,Yes,Yes,21,Venmo,Quarterly
156,63,Male,Maine,North,S,Spring,4.3,Yes,Free Shipping,Yes,Yes,21,Bank Transfer,Quarterly
157,35,Male,Missouri,South,M,Autumn,4,Yes,Standard,Yes,Yes,40,Debit Card,Annually
158,36,Male,Vermont,North,S,Autumn,3,Yes,Next Day Air,Yes,Yes,1,Bank Transfer,Fortnightly
159,25,Male,Connecticut,East,XL,Autumn,4.1,Yes,Standard,Yes,Yes,50,Bank Transfer,Monthly
160,58,Male,New Hampshire,North,M,Autumn,3.8,Yes,Store Pickup,Yes,Yes,39,Bank Transfer,Every 3 Months
161,27,Male,Texas,South,M,Summer,4.6,Yes,Free Shipping,Yes,Yes,34,Venmo,Monthly
162,65,Male,North Dakota,North,M,Autumn,3,Yes,Express,Yes,Yes,29,Venmo,Fortnightly
163,54,Male,California,West,M,Summer,3,Yes,Store Pickup,Yes,Yes,31,PayPal,Bi-Weekly
164,54,Male,Virginia,South,M,Summer,3.4,Yes,Standard,Yes,Yes,8,Debit Card,Weekly
165,59,Male,Delaware,East,S,Spring,2.6,Yes,Free Shipping,Yes,Yes,5,Credit Card,Fortnightly
166,42,Male,Kentucky,South,S,Winter,2.8,Yes,Store Pickup,Yes,Yes,7,Cash,Monthly
167,46,Male,Delaware,East,XL,Autumn,4,Yes,Store Pickup,Yes,Yes,30,Cash,Monthly
168,33,Male,Arkansas,South,M,Autumn,4,Yes,Express,Yes,Yes,14,Credit Card,Every 3 Months
169,34,Male,Louisiana,South,M,Summer,3,Yes,Express,Yes,Yes,5,Cash,Fortnightly
170,27,Male,Nevada,West,S,Summer,3.3,Yes,Standard,Yes,Yes,3,PayPal,Every 3 Months
171,52,Male,Wyoming,West,M,Autumn,2.6,Yes,Store Pickup,Yes,Yes,46,Venmo,Bi-Weekly
172,29,Male,Virginia,South,M,Summer,3.6,Yes,Store Pickup,Yes,Yes,4,Credit Card,Weekly
173,54,Male,Nebraska,North,M,Summer,3.9,Yes,Next Day Air,Yes,Yes,42,Credit Card,Bi-Weekly
174,25,Male,Hawaii,West,M,Autumn,3.4,Yes,Standard,Yes,Yes,30,Cash,Annually
175,41,Male,Vermont,North,L,Winter,3.5,Yes,Express,Yes,Yes,37,Venmo,Annually
176,53,Male,Oklahoma,South,L,Autumn,2.8,Yes,Next Day Air,Yes,Yes,2,Bank Transfer,Annually
177,53,Male,New Hampshire,North,L,Spring,2.7,Yes,Next Day Air,Yes,Yes,30,Credit Card,Quarterly
178,21,Male,Kansas,West,L,Autumn,3.7,Yes,Next Day Air,Yes,Yes,47,Bank Transfer,Monthly
179,61,Male,Idaho,West,L,Autumn,4.3,Yes,2-Day Shipping,Yes,Yes,21,PayPal,Quarterly
180,64,Male,Illinois,North,M,Autumn,4.9,Yes,Store Pickup,Yes,Yes,9,Bank Transfer,Fortnightly
181,51,Male,South Dakota,North,L,Autumn,3.3,Yes,Store Pickup,Yes,Yes,12,Debit Card,Fortnightly
182,32,Male,Massachusetts,East,M,Summer,4.7,Yes,Next Day Air,Yes,Yes,4,Bank Transfer,Weekly
183,38,Male,Alabama,South,XL,Summer,2.8,Yes,Store Pickup,Yes,Yes,10,Debit Card,Annually
184,58,Male,Ohio,East,XL,Spring,3.6,Yes,2-Day Shipping,Yes,Yes,26,Credit Card,Weekly
185,32,Male,Hawaii,West,L,Spring,3,Yes,Express,Yes,Yes,40,Cash,Fortnightly
186,46,Male,Wisconsin,North,XL,Summer,4.5,Yes,Store Pickup,Yes,Yes,34,Bank Transfer,Fortnightly
187,39,Male,Minnesota,North,S,Summer,2.9,Yes,Standard,Yes,Yes,31,Debit Card,Annually
188,19,Male,Georgia,South,S,Spring,3.3,Yes,Store Pickup,Yes,Yes,1,Bank Transfer,Bi-Weekly
189,50,Male,Arkansas,South,M,Spring,3.1,Yes,Express,Yes,Yes,5,Bank Transfer,Bi-Weekly
190,36,Male,West Virginia,South,M,Autumn,4.4,Yes,Next Day Air,Yes,Yes,4,Credit Card,Weekly
191,65,Male,Indiana,North,XL,Autumn,3,Yes,Free Shipping,Yes,Yes,48,Venmo,Quarterly
192,64,Male,Utah,West,M,Autumn,3.9,Yes,Free Shipping,Yes,Yes,29,Cash,Every 3 Months
193,46,Male,Nebraska,North,L,Summer,2.9,Yes,Express,Yes,Yes,12,PayPal,Bi-Weekly
194,36,Male,North Dakota,North,S,Autumn,3,Yes,Standard,Yes,Yes,29,Venmo,Annually
195,51,Male,Missouri,South,M,Spring,3.1,Yes,Express,Yes,Yes,15,Debit Card,Quarterly
196,51,Male,New York,East,M,Autumn,4.3,Yes,Free Shipping,Yes,Yes,34,Credit Card,Monthly
197,38,Male,Washington,West,M,Summer,3.9,Yes,Next Day Air,Yes,Yes,41,Credit Card,Fortnightly
198,59,Male,South Carolina,South,M,Autumn,3.2,Yes,2-Day Shipping,Yes,Yes,41,Credit Card,Monthly
199,57,Male,Utah,West,M,Winter,4.8,Yes,Standard,Yes,Yes,39,Credit Card,Fortnightly
200,54,Male,Idaho,West,XL,Summer,3.8,Yes,Express,Yes,Yes,32,Cash,Weekly
201,25,Male,Pennsylvania,East,S,Summer,3.3,Yes,Next Day Air,Yes,Yes,29,Venmo,Monthly
202,69,Male,Missouri,South,S,Autumn,4.3,Yes,Free Shipping,Yes,Yes,15,Bank Transfer,Annually
203,57,Male,Nebraska,North,L,Spring,2.7,Yes,Express,Yes,Yes,33,Venmo,Annually
204,70,Male,Indiana,North,S,Autumn,3.2,Yes,Next Day Air,Yes,Yes,18,Bank Transfer,Weekly
205,24,Male,Arizona,West,M,Autumn,4,Yes,Store Pickup,Yes,Yes,35,Cash,Bi-Weekly
206,67,Male,Hawaii,West,M,Winter,3,Yes,Standard,Yes,Yes,25,PayPal,Weekly
207,24,Male,Wisconsin,North,L,Summer,4.2,Yes,Free Shipping,Yes,Yes,6,Venmo,Fortnightly
208,62,Male,Rhode Island,East,M,Summer,2.9,Yes,Express,Yes,Yes,17,Bank Transfer,Bi-Weekly
209,57,Male,Wisconsin,North,M,Spring,4.1,Yes,Store Pickup,Yes,Yes,17,Credit Card,Monthly
210,55,Male,Minnesota,North,S,Winter,3.2,Yes,Store Pickup,Yes,Yes,44,Cash,Every 3 Months
211,45,Male,Vermont,North,L,Autumn,3,Yes,2-Day Shipping,Yes,Yes,6,PayPal,Fortnightly
212,69,Male,South Dakota,North,L,Autumn,4.2,Yes,2-Day Shipping,Yes,Yes,45,Debit Card,Fortnightly
213,67,Male,Virginia,South,L,Autumn,4.2,Yes,Express,Yes,Yes,7,Debit Card,Annually
214,30,Male,Nevada,West,L,Autumn,4.4,Yes,Store Pickup,Yes,Yes,11,Debit Card,Every 3 Months
215,24,Male,Hawaii,West,L,Summer,4.2,Yes,Next Day Air,Yes,Yes,41,Cash,Every 3 Months
216,62,Male,New Jersey,East,S,Spring,2.8,Yes,2-Day Shipping,Yes,Yes,24,PayPal,Bi-Weekly
217,43,Male,Massachusetts,East,L,Spring,3.7,Yes,Free Shipping,Yes,Yes,21,Venmo,Weekly
218,35,Male,Oklahoma,South,M,Winter,3.5,Yes,Next Day Air,Yes,Yes,24,Bank Transfer,Annually
219,28,Male,California,West,S,Spring,2.9,Yes,Store Pickup,Yes,Yes,8,Credit Card,Quarterly
220,32,Male,Nevada,West,M,Spring,3,Yes,Free Shipping,Yes,Yes,12,Cash,Fortnightly
221,39,Male,Arizona,West,S,Spring,3.7,Yes,Express,Yes,Yes,48,Debit Card,Fortnightly
222,28,Male,North Carolina,South,XL,Summer,4.4,Yes,Store Pickup,Yes,Yes,6,Bank Transfer,Quarterly
223,47,Male,New York,East,XL,Spring,4.5,Yes,2-Day Shipping,Yes,Yes,14,PayPal,Fortnightly
224,20,Male,Wyoming,West,M,Spring,4.8,Yes,Free Shipping,Yes,Yes,34,PayPal,Annually
225,63,Male,South Dakota,North,S,Summer,2.9,Yes,Free Shipping,Yes,Yes,12,Cash,Every 3 Months
226,25,Male,Arkansas,South,M,Spring,3.2,Yes,Next Day Air,Yes,Yes,11,Bank Transfer,Annually
227,29,Male,Texas,South,L,Spring,3.3,Yes,Free Shipping,Yes,Yes,5,PayPal,Monthly
228,50,Male,Rhode Island,East,M,Winter,4.2,Yes,Standard,Yes,Yes,25,Venmo,Fortnightly
229,18,Male,New Hampshire,North,M,Spring,2.9,Yes,Store Pickup,Yes,Yes,11,Credit Card,Annually
230,70,Male,Ohio,East,S,Spring,4.6,Yes,Next Day Air,Yes,Yes,27,PayPal,Every 3 Months
231,66,Male,Utah,West,L,Autumn,4.1,Yes,Standard,Yes,Yes,43,Credit Card,Annually
232,28,Male,Tennessee,South,M,Spring,3.1,Yes,2-Day Shipping,Yes,Yes,18,Debit Card,Every 3 Months
233,54,Male,Hawaii,West,L,Winter,4.2,Yes,Express,Yes,Yes,32,Bank Transfer,Bi-Weekly
234,19,Male,Arizona,West,XL,Autumn,4.5,Yes,Next Day Air,Yes,Yes,27,Bank Transfer,Every 3 Months
235,20,Male,South Dakota,North,S,Summer,3.7,Yes,Next Day Air,Yes,Yes,24,Credit Card,Weekly
236,43,Male,New Jersey,East,M,Winter,3.7,Yes,Free Shipping,Yes,Yes,31,Debit Card,Quarterly
237,38,Male,North Dakota,North,L,Winter,3.4,Yes,Next Day Air,Yes,Yes,39,PayPal,Fortnightly
238,50,Male,Iowa,west,M,Summer,3,Yes,Store Pickup,Yes,Yes,36,Debit Card,Fortnightly
239,64,Male,Ohio,East,M,Autumn,4.2,Yes,Free Shipping,Yes,Yes,5,Cash,Annually
240,49,Male,Vermont,North,L,Summer,2.9,Yes,Express,Yes,Yes,47,Credit Card,Bi-Weekly
241,47,Male,Montana,West,XL,Winter,3.5,Yes,Free Shipping,Yes,Yes,29,Bank Transfer,Fortnightly
242,36,Male,Delaware,East,M,Winter,4.1,Yes,Free Shipping,Yes,Yes,43,Venmo,Bi-Weekly
243,55,Male,New York,East,L,Summer,4.3,Yes,Store Pickup,Yes,Yes,40,Debit Card,Every 3 Months
244,25,Male,Kentucky,South,M,Winter,2.8,Yes,2-Day Shipping,Yes,Yes,4,Debit Card,Monthly
245,53,Male,Oregon,West,S,Spring,4.9,Yes,2-Day Shipping,Yes,Yes,39,PayPal,Weekly
246,49,Male,Rhode Island,East,L,Summer,3.3,Yes,Next Day Air,Yes,Yes,45,Venmo,Fortnightly
247,35,Male,Nevada,West,XL,Spring,3.2,Yes,Express,Yes,Yes,20,Venmo,Bi-Weekly
248,29,Male,Montana,West,XL,Spring,4.4,Yes,Standard,Yes,Yes,14,Debit Card,Weekly
249,47,Male,Pennsylvania,East,M,Winter,4.8,Yes,Express,Yes,Yes,33,PayPal,Weekly
250,53,Male,Alaska,West,S,Autumn,4.2,Yes,Standard,Yes,Yes,18,Credit Card,Annually
251,33,Male,Mississippi,South,L,Autumn,4,Yes,Express,Yes,Yes,9,Bank Transfer,Weekly
252,21,Male,Wyoming,West,XL,Winter,2.5,Yes,Standard,Yes,Yes,34,PayPal,Annually
253,32,Male,Delaware,East,M,Summer,3.9,Yes,Free Shipping,Yes,Yes,33,Venmo,Fortnightly
254,52,Male,Oklahoma,South,L,Winter,4.9,Yes,2-Day Shipping,Yes,Yes,15,Bank Transfer,Bi-Weekly
255,67,Male,Indiana,North,M,Winter,3.5,Yes,Store Pickup,Yes,Yes,4,PayPal,Bi-Weekly
256,43,Male,Maryland,East,M,Spring,4.2,Yes,Free Shipping,Yes,Yes,25,Debit Card,Annually
257,58,Male,South Dakota,North,XL,Spring,4.7,Yes,Express,Yes,Yes,20,Credit Card,Every 3 Months
258,20,Male,West Virginia,South,M,Summer,4.5,Yes,Express,Yes,Yes,5,Credit Card,Quarterly
259,61,Male,Alabama,South,S,Spring,2.8,Yes,Express,Yes,Yes,16,Cash,Quarterly
260,32,Male,Louisiana,South,M,Autumn,2.9,Yes,Standard,Yes,Yes,13,Debit Card,Annually
261,38,Male,Montana,West,S,Winter,3.2,Yes,2-Day Shipping,Yes,Yes,11,Credit Card,Every 3 Months
262,21,Male,California,West,L,Winter,4.9,Yes,Standard,Yes,Yes,21,Credit Card,Annually
263,37,Male,Hawaii,West,M,Summer,3.7,Yes,Next Day Air,Yes,Yes,6,Debit Card,Annually
264,27,Male,Iowa,west,M,Summer,4.3,Yes,Store Pickup,Yes,Yes,29,Venmo,Monthly
265,36,Male,Colorado,West,S,Autumn,3.9,Yes,Store Pickup,Yes,Yes,15,Cash,Annually
266,32,Male,Michigan,North,M,Spring,3.2,Yes,2-Day Shipping,Yes,Yes,17,Bank Transfer,Bi-Weekly
267,51,Male,Louisiana,South,L,Summer,3.1,Yes,Express,Yes,Yes,32,Credit Card,Weekly
268,64,Male,Maryland,East,M,Spring,3.9,Yes,2-Day Shipping,Yes,Yes,42,Venmo,Annually
269,68,Male,Georgia,South,M,Spring,2.6,Yes,Store Pickup,Yes,Yes,21,Cash,Monthly
270,68,Male,Georgia,South,M,Winter,3.3,Yes,Next Day Air,Yes,Yes,9,Cash,Bi-Weekly
271,33,Male,North Dakota,North,XL,Autumn,4.6,Yes,Free Shipping,Yes,Yes,16,Bank Transfer,Annually
272,65,Male,Maryland,East,XL,Summer,4.6,Yes,Express,Yes,Yes,42,Credit Card,Fortnightly
273,48,Male,Oregon,West,M,Summer,4.4,Yes,2-Day Shipping,Yes,Yes,37,Debit Card,Bi-Weekly
274,69,Male,North Dakota,North,S,Spring,4.2,Yes,Express,Yes,Yes,32,Debit Card,Quarterly
275,59,Male,Maryland,East,M,Spring,3,Yes,Express,Yes,Yes,28,Cash,Bi-Weekly
276,48,Male,Virginia,South,XL,Winter,4,Yes,Express,Yes,Yes,13,Credit Card,Weekly
277,25,Male,South Dakota,North,XL,Autumn,3.5,Yes,Express,Yes,Yes,11,Bank Transfer,Fortnightly
278,29,Male,Georgia,South,M,Winter,3,Yes,Store Pickup,Yes,Yes,36,Bank Transfer,Bi-Weekly
279,57,Male,Hawaii,West,M,Spring,3.7,Yes,Express,Yes,Yes,23,Debit Card,Annually
280,23,Male,Arkansas,South,L,Summer,4,Yes,Standard,Yes,Yes,37,Bank Transfer,Monthly
281,45,Male,Montana,West,S,Autumn,4.2,Yes,2-Day Shipping,Yes,Yes,21,Cash,Bi-Weekly
282,38,Male,Oklahoma,South,XL,Spring,2.5,Yes,Standard,Yes,Yes,22,Debit Card,Bi-Weekly
283,21,Male,Minnesota,North,M,Summer,3,Yes,2-Day Shipping,Yes,Yes,9,Cash,Monthly
284,32,Male,Montana,West,S,Autumn,3.2,Yes,Next Day Air,Yes,Yes,16,Venmo,Annually
285,63,Male,Ohio,East,M,Summer,3.5,Yes,Standard,Yes,Yes,4,PayPal,Quarterly
286,29,Male,Kentucky,South,XL,Summer,4.8,Yes,Express,Yes,Yes,3,Debit Card,Bi-Weekly
287,27,Male,Nebraska,North,L,Summer,2.6,Yes,Store Pickup,Yes,Yes,6,Debit Card,Annually
288,56,Male,Delaware,East,L,Spring,3.4,Yes,2-Day Shipping,Yes,Yes,18,Venmo,Fortnightly
289,30,Male,North Carolina,South,M,Winter,3.7,Yes,2-Day Shipping,Yes,Yes,34,Venmo,Bi-Weekly
290,49,Male,New York,East,M,Autumn,4.5,Yes,2-Day Shipping,Yes,Yes,26,Credit Card,Monthly
291,58,Male,Colorado,West,M,Winter,3.7,Yes,Standard,Yes,Yes,50,PayPal,Weekly
292,57,Male,Delaware,East,XL,Autumn,3.3,Yes,Next Day Air,Yes,Yes,40,Bank Transfer,Monthly
293,60,Male,Utah,West,M,Spring,4.7,Yes,Free Shipping,Yes,Yes,24,Cash,Quarterly
294,69,Male,Connecticut,East,M,Spring,2.7,Yes,Express,Yes,Yes,33,PayPal,Annually
295,70,Male,New Jersey,East,M,Spring,4.6,Yes,Store Pickup,Yes,Yes,19,Credit Card,Every 3 Months
296,53,Male,West Virginia,South,M,Winter,2.7,Yes,Store Pickup,Yes,Yes,24,Credit Card,Quarterly
297,25,Male,Indiana,North,S,Spring,4.8,Yes,2-Day Shipping,Yes,Yes,19,Credit Card,Weekly
298,48,Male,Delaware,East,XL,Summer,4.4,Yes,Standard,Yes,Yes,4,Credit Card,Bi-Weekly
299,69,Male,Maryland,East,M,Winter,4,Yes,Standard,Yes,Yes,11,Venmo,Every 3 Months
300,25,Male,Pennsylvania,East,M,Summer,3.2,Yes,Next Day Air,Yes,Yes,28,PayPal,Fortnightly
301,29,Male,Iowa,west,M,Spring,4.4,Yes,Store Pickup,Yes,Yes,24,PayPal,Weekly
302,46,Male,Pennsylvania,East,M,Spring,3.8,Yes,Standard,Yes,Yes,25,Credit Card,Every 3 Months
303,37,Male,Delaware,East,L,Summer,3.6,Yes,Express,Yes,Yes,27,Bank Transfer,Every 3 Months
304,20,Male,Oregon,West,M,Summer,3.3,Yes,Next Day Air,Yes,Yes,49,Venmo,Weekly
305,40,Male,Oregon,West,M,Winter,3.4,Yes,Next Day Air,Yes,Yes,45,Credit Card,Bi-Weekly
306,60,Male,Utah,West,M,Autumn,3.5,Yes,2-Day Shipping,Yes,Yes,26,PayPal,Annually
307,26,Male,North Dakota,North,S,Summer,3.6,Yes,Express,Yes,Yes,4,Cash,Annually
308,29,Male,Florida,South,M,Winter,3.2,Yes,Free Shipping,Yes,Yes,3,Credit Card,Every 3 Months
309,66,Male,Maryland,East,M,Autumn,3.7,Yes,Standard,Yes,Yes,45,Venmo,Bi-Weekly
310,66,Male,Minnesota,North,M,Spring,4.5,Yes,Standard,Yes,Yes,21,Cash,Fortnightly
311,56,Male,Montana,West,M,Winter,4.6,Yes,Standard,Yes,Yes,50,Cash,Fortnightly
312,69,Male,Rhode Island,East,L,Winter,4.1,Yes,Store Pickup,Yes,Yes,19,Bank Transfer,Monthly
313,38,Male,Massachusetts,East,L,Spring,3.4,Yes,Next Day Air,Yes,Yes,6,PayPal,Annually
314,42,Male,Vermont,North,M,Spring,3.7,Yes,Express,Yes,Yes,50,Credit Card,Every 3 Months
315,30,Male,New Jersey,East,M,Summer,3.3,Yes,Store Pickup,Yes,Yes,17,Debit Card,Every 3 Months
316,66,Male,Wisconsin,North,XL,Spring,4.5,Yes,Express,Yes,Yes,24,Debit Card,Annually
317,36,Male,California,West,M,Autumn,3.3,Yes,Free Shipping,Yes,Yes,46,Venmo,Monthly
318,58,Male,West Virginia,South,L,Autumn,4.3,Yes,Standard,Yes,Yes,42,Cash,Every 3 Months
319,45,Male,South Dakota,North,M,Winter,2.5,Yes,Standard,Yes,Yes,10,Cash,Annually
320,47,Male,Maine,North,XL,Spring,2.6,Yes,Standard,Yes,Yes,1,Cash,Every 3 Months
321,66,Male,Kansas,West,L,Summer,4.9,Yes,Standard,Yes,Yes,28,Debit Card,Quarterly
322,41,Male,Vermont,North,L,Summer,4.7,Yes,Free Shipping,Yes,Yes,48,Debit Card,Quarterly
323,41,Male,Tennessee,South,S,Winter,3,Yes,Standard,Yes,Yes,47,Credit Card,Monthly
324,66,Male,Tennessee,South,M,Winter,3.5,Yes,Next Day Air,Yes,Yes,29,PayPal,Bi-Weekly
325,37,Male,Wyoming,West,M,Summer,4.8,Yes,Standard,Yes,Yes,37,Venmo,Quarterly
326,70,Male,Vermont,North,M,Winter,4.3,Yes,Free Shipping,Yes,Yes,38,Debit Card,Annually
327,62,Male,New Jersey,East,M,Autumn,3.2,Yes,Store Pickup,Yes,Yes,48,Bank Transfer,Weekly
328,61,Male,Iowa,west,M,Summer,3.1,Yes,Free Shipping,Yes,Yes,36,PayPal,Weekly
329,48,Male,Florida,South,M,Autumn,2.8,Yes,Free Shipping,Yes,Yes,9,Credit Card,Weekly
330,70,Male,Nevada,West,S,Summer,2.9,Yes,2-Day Shipping,Yes,Yes,34,Bank Transfer,Monthly
331,46,Male,North Dakota,North,M,Winter,3.7,Yes,Express,Yes,Yes,43,Venmo,Bi-Weekly
332,31,Male,Florida,South,L,Autumn,3.3,Yes,Store Pickup,Yes,Yes,46,PayPal,Quarterly
333,19,Male,New York,East,M,Winter,2.8,Yes,2-Day Shipping,Yes,Yes,5,Credit Card,Monthly
334,39,Male,Alaska,West,M,Winter,4.5,Yes,Standard,Yes,Yes,15,Bank Transfer,Bi-Weekly
335,41,Male,Kansas,West,M,Autumn,2.6,Yes,Next Day Air,Yes,Yes,30,Credit Card,Annually
336,20,Male,Oregon,West,L,Spring,3.7,Yes,Standard,Yes,Yes,44,Venmo,Every 3 Months
337,36,Male,Rhode Island,East,S,Autumn,4.4,Yes,Express,Yes,Yes,16,PayPal,Annually
338,32,Male,New Mexico,West,M,Winter,4.3,Yes,2-Day Shipping,Yes,Yes,16,Bank Transfer,Annually
339,69,Male,Massachusetts,East,M,Winter,3.5,Yes,Express,Yes,Yes,16,Cash,Weekly
340,40,Male,Pennsylvania,East,M,Spring,3.8,Yes,2-Day Shipping,Yes,Yes,21,Credit Card,Every 3 Months
341,40,Male,New Jersey,East,L,Summer,3.5,Yes,Express,Yes,Yes,39,Venmo,Every 3 Months
342,20,Male,Utah,West,S,Summer,4.6,Yes,Store Pickup,Yes,Yes,40,Debit Card,Bi-Weekly
343,64,Male,Kentucky,South,M,Spring,2.6,Yes,Next Day Air,Yes,Yes,48,Credit Card,Every 3 Months
344,27,Male,Nebraska,North,M,Summer,4.4,Yes,Next Day Air,Yes,Yes,26,Venmo,Monthly
345,24,Male,Virginia,South,M,Winter,4,Yes,Standard,Yes,Yes,46,Debit Card,Monthly
346,48,Male,Wyoming,West,S,Winter,4.4,Yes,Next Day Air,Yes,Yes,27,Bank Transfer,Annually
347,49,Male,New Mexico,West,L,Spring,4.7,Yes,Next Day Air,Yes,Yes,5,Cash,Weekly
348,36,Male,Oregon,West,L,Autumn,3.9,Yes,Store Pickup,Yes,Yes,43,PayPal,Fortnightly
349,56,Male,South Carolina,South,M,Autumn,2.7,Yes,Free Shipping,Yes,Yes,17,PayPal,Fortnightly
350,37,Male,Arizona,West,M,Winter,3.7,Yes,2-Day Shipping,Yes,Yes,3,Bank Transfer,Bi-Weekly
351,42,Male,Kentucky,South,M,Spring,2.6,Yes,2-Day Shipping,Yes,Yes,47,Bank Transfer,Fortnightly
352,28,Male,New York,East,M,Winter,3.9,Yes,Standard,Yes,Yes,24,Debit Card,Bi-Weekly
353,27,Male,Texas,South,XL,Autumn,4.9,Yes,Next Day Air,Yes,Yes,12,Cash,Every 3 Months
354,63,Male,Missouri,South,L,Autumn,4.1,Yes,Store Pickup,Yes,Yes,35,Debit Card,Monthly
355,58,Male,Pennsylvania,East,S,Autumn,3,Yes,Free Shipping,Yes,Yes,42,Venmo,Weekly
356,37,Male,Oregon,West,XL,Autumn,4.1,Yes,2-Day Shipping,Yes,Yes,1,PayPal,Every 3 Months
357,56,Male,Nevada,West,L,Spring,3.8,Yes,Standard,Yes,Yes,27,Cash,Weekly
358,18,Male,Arkansas,South,M,Spring,4,Yes,Standard,Yes,Yes,16,Credit Card,Bi-Weekly
359,48,Male,Minnesota,North,XL,Summer,3.6,Yes,Express,Yes,Yes,36,Credit Card,Every 3 Months
360,31,Male,Georgia,South,M,Winter,3,Yes,Store Pickup,Yes,Yes,30,Credit Card,Every 3 Months
361,51,Male,Rhode Island,East,M,Summer,3,Yes,Standard,Yes,Yes,18,Debit Card,Fortnightly
362,65,Male,Nevada,West,M,Spring,2.6,Yes,Free Shipping,Yes,Yes,45,Cash,Annually
363,53,Male,Texas,South,M,Autumn,3.4,Yes,Free Shipping,Yes,Yes,1,Venmo,Fortnightly
364,55,Male,Florida,South,L,Winter,3.1,Yes,Free Shipping,Yes,Yes,42,Bank Transfer,Fortnightly
365,62,Male,North Dakota,North,L,Summer,3,Yes,Free Shipping,Yes,Yes,7,Venmo,Every 3 Months
366,55,Male,West Virginia,South,XL,Summer,3.7,Yes,Standard,Yes,Yes,50,PayPal,Quarterly
367,64,Male,Nebraska,North,M,Spring,3.5,Yes,Store Pickup,Yes,Yes,37,Venmo,Fortnightly
368,52,Male,Tennessee,South,XL,Spring,2.8,Yes,Store Pickup,Yes,Yes,18,Bank Transfer,Monthly
369,24,Male,Oklahoma,South,M,Spring,4.5,Yes,Standard,Yes,Yes,29,Cash,Monthly
370,38,Male,Wisconsin,North,M,Summer,3.3,Yes,Store Pickup,Yes,Yes,45,PayPal,Quarterly
371,59,Male,Oregon,West,M,Winter,3.4,Yes,Express,Yes,Yes,13,PayPal,Weekly
372,27,Male,North Carolina,South,S,Winter,3.2,Yes,2-Day Shipping,Yes,Yes,47,PayPal,Monthly
373,24,Male,Pennsylvania,East,L,Summer,3.7,Yes,Standard,Yes,Yes,7,Debit Card,Weekly
374,23,Male,North Dakota,North,L,Summer,4.6,Yes,Express,Yes,Yes,11,Venmo,Bi-Weekly
375,69,Male,Ohio,East,S,Spring,5,Yes,Store Pickup,Yes,Yes,39,Bank Transfer,Monthly
376,59,Male,Oklahoma,South,M,Summer,4.4,Yes,Standard,Yes,Yes,6,Debit Card,Quarterly
377,51,Male,South Carolina,South,S,Autumn,4.9,Yes,Express,Yes,Yes,2,Venmo,Bi-Weekly
378,63,Male,Maine,North,M,Spring,4.1,Yes,Standard,Yes,Yes,39,Credit Card,Every 3 Months
379,54,Male,Nevada,West,L,Winter,4.9,Yes,Next Day Air,Yes,Yes,23,Credit Card,Monthly
380,32,Male,Montana,West,S,Autumn,4.7,Yes,2-Day Shipping,Yes,Yes,46,Debit Card,Bi-Weekly
381,39,Male,New Hampshire,North,XL,Autumn,3,Yes,Store Pickup,Yes,Yes,19,Bank Transfer,Weekly
382,66,Male,Maine,North,L,Winter,3.4,Yes,Store Pickup,Yes,Yes,3,Credit Card,Every 3 Months
383,28,Male,California,West,M,Winter,3.2,Yes,Store Pickup,Yes,Yes,47,PayPal,Quarterly
384,50,Male,West Virginia,South,S,Autumn,2.9,Yes,Standard,Yes,Yes,6,PayPal,Quarterly
385,70,Male,California,West,M,Autumn,4.5,Yes,2-Day Shipping,Yes,Yes,6,Venmo,Annually
386,67,Male,West Virginia,South,S,Autumn,2.7,Yes,Next Day Air,Yes,Yes,12,Credit Card,Bi-Weekly
387,64,Male,Louisiana,South,L,Spring,3.4,Yes,Express,Yes,Yes,40,PayPal,Quarterly
388,45,Male,Georgia,South,L,Summer,4.6,Yes,Store Pickup,Yes,Yes,38,PayPal,Fortnightly
389,22,Male,Washington,West,M,Summer,2.7,Yes,Store Pickup,Yes,Yes,10,PayPal,Quarterly
390,27,Male,Virginia,South,L,Spring,4.2,Yes,Standard,Yes,Yes,28,Bank Transfer,Monthly
391,25,Male,Indiana,North,M,Winter,3.2,Yes,2-Day Shipping,Yes,Yes,19,PayPal,Annually
392,37,Male,Minnesota,North,L,Spring,4.8,Yes,Standard,Yes,Yes,25,Cash,Fortnightly
393,26,Male,Idaho,West,XL,Spring,3.3,Yes,Next Day Air,Yes,Yes,38,Credit Card,Annually
394,33,Male,Vermont,North,L,Autumn,4.2,Yes,Standard,Yes,Yes,6,PayPal,Fortnightly
395,43,Male,North Dakota,North,M,Spring,4.8,Yes,Store Pickup,Yes,Yes,7,Debit Card,Bi-Weekly
396,37,Male,Rhode Island,East,L,Winter,4.9,Yes,Store Pickup,Yes,Yes,2,PayPal,Annually
397,46,Male,South Carolina,South,S,Autumn,3.9,Yes,Standard,Yes,Yes,24,Bank Transfer,Annually
398,22,Male,Mississippi,South,M,Autumn,3,Yes,Free Shipping,Yes,Yes,26,Cash,Annually
399,20,Male,Montana,West,S,Winter,4.6,Yes,Free Shipping,Yes,Yes,25,Debit Card,Every 3 Months
400,60,Male,Idaho,West,L,Autumn,3.5,Yes,2-Day Shipping,Yes,Yes,10,Debit Card,Monthly
401,39,Male,Utah,West,M,Winter,4.8,Yes,Free Shipping,Yes,Yes,14,PayPal,Fortnightly
402,43,Male,Oklahoma,South,L,Autumn,4.8,Yes,Standard,Yes,Yes,21,Cash,Quarterly
403,31,Male,California,West,L,Autumn,3,Yes,Express,Yes,Yes,26,PayPal,Monthly
404,19,Male,Nevada,West,M,Winter,4.5,Yes,Next Day Air,Yes,Yes,12,Bank Transfer,Annually
405,35,Male,Delaware,East,M,Spring,4.8,Yes,Store Pickup,Yes,Yes,11,Credit Card,Monthly
406,41,Male,South Carolina,South,S,Summer,3.8,Yes,Standard,Yes,Yes,15,Cash,Annually
407,52,Male,Maryland,East,M,Spring,4.6,Yes,Express,Yes,Yes,13,Cash,Monthly
408,45,Male,North Carolina,South,XL,Spring,3.1,Yes,Next Day Air,Yes,Yes,5,Credit Card,Bi-Weekly
409,34,Male,Alabama,South,L,Spring,3.4,Yes,Express,Yes,Yes,36,Cash,Fortnightly
410,35,Male,Minnesota,North,M,Winter,3.3,Yes,2-Day Shipping,Yes,Yes,32,Bank Transfer,Monthly
411,29,Male,Virginia,South,L,Spring,4.8,Yes,2-Day Shipping,Yes,Yes,1,Credit Card,Quarterly
412,59,Male,Michigan,North,M,Summer,2.8,Yes,Express,Yes,Yes,15,PayPal,Annually
413,24,Male,Maine,North,M,Summer,3.1,Yes,Store Pickup,Yes,Yes,3,Bank Transfer,Weekly
414,70,Male,Nevada,West,S,Summer,4.6,Yes,Free Shipping,Yes,Yes,48,Cash,Monthly
415,29,Male,Wyoming,West,L,Winter,2.6,Yes,Store Pickup,Yes,Yes,30,Debit Card,Weekly
416,67,Male,Connecticut,East,M,Winter,2.6,Yes,Express,Yes,Yes,40,Bank Transfer,Monthly
417,36,Male,Oregon,West,L,Spring,3.8,Yes,Free Shipping,Yes,Yes,24,Bank Transfer,Fortnightly
418,23,Male,Mississippi,South,L,Autumn,4.5,Yes,Free Shipping,Yes,Yes,48,Debit Card,Quarterly
419,18,Male,Illinois,North,L,Spring,3,Yes,Standard,Yes,Yes,27,Venmo,Bi-Weekly
420,53,Male,Utah,West,S,Winter,3.5,Yes,Free Shipping,Yes,Yes,14,Credit Card,Every 3 Months
421,32,Male,North Carolina,South,S,Spring,3.8,Yes,Free Shipping,Yes,Yes,18,Debit Card,Bi-Weekly
422,38,Male,Kentucky,South,M,Winter,3.5,Yes,Standard,Yes,Yes,48,Cash,Bi-Weekly
423,47,Male,Minnesota,North,M,Autumn,3.1,Yes,Store Pickup,Yes,Yes,32,Debit Card,Annually
424,46,Male,New York,East,L,Spring,3,Yes,Store Pickup,Yes,Yes,21,Credit Card,Bi-Weekly
425,66,Male,Illinois,North,M,Winter,4.3,Yes,Standard,Yes,Yes,42,PayPal,Fortnightly
426,40,Male,North Dakota,North,S,Winter,3.3,Yes,Store Pickup,Yes,Yes,4,Credit Card,Quarterly
427,43,Male,Louisiana,South,M,Winter,4.7,Yes,Express,Yes,Yes,19,Credit Card,Quarterly
428,58,Male,Illinois,North,L,Winter,4.5,Yes,Store Pickup,Yes,Yes,6,Credit Card,Quarterly
429,21,Male,Wyoming,West,XL,Winter,2.9,Yes,Free Shipping,Yes,Yes,2,Debit Card,Fortnightly
430,42,Male,Washington,West,M,Winter,4.1,Yes,2-Day Shipping,Yes,Yes,21,Cash,Fortnightly
431,24,Male,Texas,South,M,Summer,3.5,Yes,Store Pickup,Yes,Yes,40,Debit Card,Annually
432,43,Male,New Hampshire,North,L,Winter,3.4,Yes,Store Pickup,Yes,Yes,33,Cash,Fortnightly
433,47,Male,Indiana,North,S,Autumn,3.3,Yes,Free Shipping,Yes,Yes,26,Venmo,Weekly
434,49,Male,Alabama,South,M,Autumn,3.2,Yes,Store Pickup,Yes,Yes,23,Credit Card,Fortnightly
435,50,Male,Oklahoma,South,L,Spring,4,Yes,Store Pickup,Yes,Yes,39,PayPal,Every 3 Months
436,51,Male,Montana,West,XL,Winter,3.6,Yes,Next Day Air,Yes,Yes,42,Bank Transfer,Monthly
437,40,Male,Tennessee,South,L,Summer,4.6,Yes,Free Shipping,Yes,Yes,41,Bank Transfer,Weekly
438,45,Male,New Mexico,West,M,Summer,2.6,Yes,Next Day Air,Yes,Yes,41,PayPal,Annually
439,52,Male,Iowa,west,M,Winter,4.3,Yes,Express,Yes,Yes,12,Credit Card,Fortnightly
440,62,Male,Idaho,West,M,Summer,3.4,Yes,Free Shipping,Yes,Yes,31,Cash,Monthly
441,20,Male,Oklahoma,South,XL,Winter,3.5,Yes,Store Pickup,Yes,Yes,34,Debit Card,Fortnightly
442,43,Male,Florida,South,M,Winter,4.2,Yes,Standard,Yes,Yes,32,Credit Card,Annually
443,29,Male,Michigan,North,M,Autumn,3.5,Yes,Store Pickup,Yes,Yes,31,Credit Card,Quarterly
444,22,Male,Hawaii,West,M,Summer,3.6,Yes,Free Shipping,Yes,Yes,24,PayPal,Annually
445,48,Male,California,West,M,Summer,4.3,Yes,Store Pickup,Yes,Yes,31,Debit Card,Annually
446,42,Male,Iowa,west,M,Autumn,4.9,Yes,Standard,Yes,Yes,18,Venmo,Annually
447,19,Male,West Virginia,South,M,Summer,4.1,Yes,Store Pickup,Yes,Yes,15,Venmo,Monthly
448,60,Male,Washington,West,S,Spring,3.6,Yes,Standard,Yes,Yes,7,Bank Transfer,Every 3 Months
449,32,Male,Missouri,South,M,Summer,3.4,Yes,Next Day Air,Yes,Yes,35,Bank Transfer,Fortnightly
450,26,Male,New York,East,L,Summer,2.9,Yes,2-Day Shipping,Yes,Yes,35,Bank Transfer,Monthly
451,25,Male,Connecticut,East,L,Summer,2.7,Yes,Store Pickup,Yes,Yes,19,Credit Card,Monthly
452,66,Male,Virginia,South,M,Summer,4.3,Yes,Express,Yes,Yes,26,Credit Card,Fortnightly
453,45,Male,Missouri,South,M,Summer,3.3,Yes,Express,Yes,Yes,39,PayPal,Fortnightly
454,54,Male,Nebraska,North,XL,Winter,2.8,Yes,Next Day Air,Yes,Yes,22,Credit Card,Weekly
455,37,Male,New Jersey,East,S,Summer,3.2,Yes,Next Day Air,Yes,Yes,14,Cash,Bi-Weekly
456,54,Male,Utah,West,XL,Autumn,3.6,Yes,Store Pickup,Yes,Yes,50,Debit Card,Fortnightly
457,50,Male,North Carolina,South,S,Autumn,4,Yes,2-Day Shipping,Yes,Yes,33,Credit Card,Quarterly
458,25,Male,Rhode Island,East,M,Spring,4.9,Yes,Next Day Air,Yes,Yes,48,Debit Card,Every 3 Months
459,47,Male,Arkansas,South,L,Winter,4,Yes,2-Day Shipping,Yes,Yes,48,PayPal,Monthly
460,63,Male,Maryland,East,L,Winter,3.8,Yes,Standard,Yes,Yes,27,PayPal,Fortnightly
461,64,Male,South Carolina,South,L,Summer,3.7,Yes,Store Pickup,Yes,Yes,27,Bank Transfer,Weekly
462,18,Male,Ohio,East,M,Winter,3.9,Yes,Express,Yes,Yes,20,Venmo,Weekly
463,59,Male,Illinois,North,M,Autumn,3.3,Yes,Express,Yes,Yes,48,Venmo,Every 3 Months
464,37,Male,Georgia,South,S,Summer,2.7,Yes,Standard,Yes,Yes,29,Venmo,Weekly
465,23,Male,Alabama,South,M,Winter,4.7,Yes,Next Day Air,Yes,Yes,45,PayPal,Monthly
466,54,Male,Oklahoma,South,M,Summer,2.8,Yes,Next Day Air,Yes,Yes,25,Cash,Quarterly
467,38,Male,Vermont,North,L,Winter,4.6,Yes,Free Shipping,Yes,Yes,25,PayPal,Weekly
468,19,Male,Nebraska,North,S,Spring,4.5,Yes,2-Day Shipping,Yes,Yes,37,Debit Card,Every 3 Months
469,34,Male,Georgia,South,S,Autumn,5,Yes,Free Shipping,Yes,Yes,16,Cash,Quarterly
470,21,Male,Alabama,South,L,Autumn,4.1,Yes,2-Day Shipping,Yes,Yes,30,Debit Card,Bi-Weekly
471,50,Male,Minnesota,North,L,Summer,4.6,Yes,Express,Yes,Yes,6,Cash,Every 3 Months
472,55,Male,Missouri,South,XL,Winter,4.9,Yes,2-Day Shipping,Yes,Yes,36,Bank Transfer,Quarterly
473,20,Male,Georgia,South,L,Winter,3.9,Yes,Free Shipping,Yes,Yes,3,Bank Transfer,Quarterly
474,34,Male,West Virginia,South,L,Spring,3.9,Yes,Store Pickup,Yes,Yes,29,PayPal,Every 3 Months
475,62,Male,Arkansas,South,XL,Summer,2.6,Yes,2-Day Shipping,Yes,Yes,15,Cash,Quarterly
476,21,Male,Ohio,East,L,Summer,2.7,Yes,Free Shipping,Yes,Yes,18,Debit Card,Annually
477,21,Male,Connecticut,East,M,Spring,3.5,Yes,Free Shipping,Yes,Yes,2,Debit Card,Fortnightly
478,42,Male,North Dakota,North,M,Summer,3.7,Yes,Free Shipping,Yes,Yes,49,Debit Card,Weekly
479,35,Male,Kansas,West,XL,Winter,3.2,Yes,Free Shipping,Yes,Yes,48,Venmo,Annually
480,39,Male,Iowa,west,L,Winter,3.3,Yes,Store Pickup,Yes,Yes,43,Venmo,Monthly
481,68,Male,Vermont,North,M,Summer,4.8,Yes,Standard,Yes,Yes,30,Debit Card,Bi-Weekly
482,46,Male,Wisconsin,North,L,Autumn,3.2,Yes,2-Day Shipping,Yes,Yes,10,PayPal,Fortnightly
483,41,Male,Connecticut,East,M,Winter,2.5,Yes,2-Day Shipping,Yes,Yes,11,Venmo,Annually
484,23,Male,Oklahoma,South,M,Autumn,3.9,Yes,Store Pickup,Yes,Yes,12,Debit Card,Weekly
485,68,Male,Missouri,South,L,Summer,4.7,Yes,Free Shipping,Yes,Yes,28,Bank Transfer,Quarterly
486,48,Male,Tennessee,South,S,Spring,2.6,Yes,Next Day Air,Yes,Yes,36,Debit Card,Fortnightly
487,38,Male,New Mexico,West,M,Autumn,2.8,Yes,Store Pickup,Yes,Yes,37,Venmo,Every 3 Months
488,41,Male,Iowa,west,L,Winter,4.4,Yes,Store Pickup,Yes,Yes,22,Credit Card,Quarterly
489,58,Male,Maine,North,L,Spring,4.6,Yes,Standard,Yes,Yes,32,Venmo,Weekly
490,49,Male,South Dakota,North,M,Summer,3.2,Yes,Standard,Yes,Yes,40,PayPal,Annually
491,57,Male,Colorado,West,M,Winter,4.2,Yes,2-Day Shipping,Yes,Yes,47,Cash,Monthly
492,49,Male,Vermont,North,M,Summer,3.7,Yes,2-Day Shipping,Yes,Yes,24,Credit Card,Bi-Weekly
493,50,Male,Michigan,North,M,Autumn,3.9,Yes,Standard,Yes,Yes,11,Debit Card,Weekly
494,28,Male,Nevada,West,XL,Summer,4.7,Yes,Store Pickup,Yes,Yes,19,Cash,Bi-Weekly
495,38,Male,Indiana,North,M,Winter,4.5,Yes,Express,Yes,Yes,42,Debit Card,Weekly
496,33,Male,Michigan,North,XL,Autumn,3.3,Yes,Free Shipping,Yes,Yes,6,Debit Card,Fortnightly
497,30,Male,California,West,S,Autumn,3.3,Yes,Express,Yes,Yes,31,Venmo,Fortnightly
498,43,Male,Oklahoma,South,S,Winter,4.6,Yes,Free Shipping,Yes,Yes,31,Cash,Weekly
499,43,Male,Iowa,west,M,Spring,3.6,Yes,Free Shipping,Yes,Yes,27,Bank Transfer,Monthly
500,36,Male,Rhode Island,East,L,Winter,4.8,Yes,Express,Yes,Yes,24,PayPal,Monthly
501,36,Male,Washington,West,L,Autumn,4.8,Yes,Next Day Air,Yes,Yes,35,Venmo,Every 3 Months
502,64,Male,Florida,South,M,Spring,2.9,Yes,Next Day Air,Yes,Yes,21,Venmo,Annually
503,59,Male,South Carolina,South,S,Autumn,2.8,Yes,Express,Yes,Yes,8,PayPal,Fortnightly
504,55,Male,West Virginia,South,M,Summer,3.2,Yes,Next Day Air,Yes,Yes,26,Bank Transfer,Quarterly
505,42,Male,Missouri,South,M,Winter,3.9,Yes,Free Shipping,Yes,Yes,26,PayPal,Annually
506,61,Male,Maine,North,L,Spring,4.3,Yes,Express,Yes,Yes,9,Cash,Bi-Weekly
507,28,Male,Georgia,South,M,Autumn,2.7,Yes,2-Day Shipping,Yes,Yes,48,Debit Card,Annually
508,65,Male,Maine,North,M,Spring,5,Yes,Store Pickup,Yes,Yes,33,Debit Card,Fortnightly
509,27,Male,Illinois,North,S,Winter,3.7,Yes,Store Pickup,Yes,Yes,31,PayPal,Quarterly
510,41,Male,Delaware,East,L,Summer,3.9,Yes,Free Shipping,Yes,Yes,17,Debit Card,Weekly
511,21,Male,West Virginia,South,M,Autumn,3.9,Yes,2-Day Shipping,Yes,Yes,22,Venmo,Annually
512,61,Male,Hawaii,West,L,Autumn,3.1,Yes,Free Shipping,Yes,Yes,8,PayPal,Annually
513,19,Male,New York,East,L,Winter,3.3,Yes,Next Day Air,Yes,Yes,2,Bank Transfer,Monthly
514,22,Male,New Mexico,West,M,Autumn,3.6,Yes,Store Pickup,Yes,Yes,45,Venmo,Annually
515,64,Male,Indiana,North,S,Winter,4.3,Yes,Standard,Yes,Yes,47,PayPal,Quarterly
516,28,Male,Kentucky,South,L,Spring,4.5,Yes,Next Day Air,Yes,Yes,7,Cash,Monthly
517,34,Male,West Virginia,South,L,Autumn,2.8,Yes,2-Day Shipping,Yes,Yes,19,Debit Card,Bi-Weekly
518,61,Male,North Dakota,North,L,Autumn,2.7,Yes,Free Shipping,Yes,Yes,44,Cash,Every 3 Months
519,24,Male,Oregon,West,M,Autumn,2.9,Yes,Next Day Air,Yes,Yes,16,Venmo,Every 3 Months
520,19,Male,Minnesota,North,L,Summer,4.4,Yes,2-Day Shipping,Yes,Yes,17,Bank Transfer,Quarterly
521,51,Male,South Carolina,South,M,Spring,3.9,Yes,Free Shipping,Yes,Yes,20,Debit Card,Quarterly
522,36,Male,Vermont,North,L,Winter,3.5,Yes,Standard,Yes,Yes,50,Bank Transfer,Annually
523,65,Male,Minnesota,North,M,Spring,2.5,Yes,Store Pickup,Yes,Yes,37,Cash,Quarterly
524,46,Male,Delaware,East,M,Spring,4.9,Yes,Express,Yes,Yes,5,PayPal,Quarterly
525,59,Male,Pennsylvania,East,M,Summer,4.8,Yes,Free Shipping,Yes,Yes,44,PayPal,Annually
526,51,Male,Iowa,west,M,Spring,3.2,Yes,Next Day Air,Yes,Yes,41,Debit Card,Monthly
527,51,Male,New Jersey,East,S,Winter,4.9,Yes,Standard,Yes,Yes,19,Cash,Monthly
528,21,Male,South Carolina,South,L,Winter,4.3,Yes,Next Day Air,Yes,Yes,47,Bank Transfer,Every 3 Months
529,34,Male,Maryland,East,S,Winter,3.2,Yes,Express,Yes,Yes,40,Cash,Annually
530,32,Male,California,West,M,Autumn,3.7,Yes,Standard,Yes,Yes,6,Credit Card,Monthly
531,48,Male,Montana,West,XL,Winter,3.2,Yes,Store Pickup,Yes,Yes,25,Credit Card,Bi-Weekly
532,50,Male,Vermont,North,L,Autumn,3.4,Yes,Next Day Air,Yes,Yes,42,Cash,Weekly
533,26,Male,Texas,South,L,Winter,4.1,Yes,Express,Yes,Yes,35,Bank Transfer,Every 3 Months
534,57,Male,North Carolina,South,L,Spring,4.5,Yes,Next Day Air,Yes,Yes,17,Debit Card,Weekly
535,65,Male,Florida,South,L,Autumn,4.5,Yes,Next Day Air,Yes,Yes,4,PayPal,Quarterly
536,56,Male,West Virginia,South,L,Spring,3.2,Yes,Free Shipping,Yes,Yes,24,Bank Transfer,Weekly
537,44,Male,Illinois,North,S,Autumn,4.4,Yes,Store Pickup,Yes,Yes,16,Debit Card,Every 3 Months
538,50,Male,Virginia,South,S,Summer,3,Yes,Store Pickup,Yes,Yes,14,Debit Card,Annually
539,27,Male,Virginia,South,XL,Spring,3.2,Yes,Free Shipping,Yes,Yes,43,Cash,Weekly
540,49,Male,Wyoming,West,M,Winter,4,Yes,Store Pickup,Yes,Yes,49,Debit Card,Weekly
541,49,Male,South Carolina,South,M,Spring,3.1,Yes,Next Day Air,Yes,Yes,33,Cash,Every 3 Months
542,52,Male,Connecticut,East,L,Autumn,2.8,Yes,Next Day Air,Yes,Yes,45,Cash,Bi-Weekly
543,27,Male,Illinois,North,XL,Spring,4.6,Yes,Next Day Air,Yes,Yes,35,Cash,Bi-Weekly
544,53,Male,Alabama,South,S,Spring,4.3,Yes,Express,Yes,Yes,11,Credit Card,Monthly
545,34,Male,Washington,West,S,Summer,3.3,Yes,Standard,Yes,Yes,30,Bank Transfer,Every 3 Months
546,33,Male,Alabama,South,L,Summer,3.5,Yes,2-Day Shipping,Yes,Yes,48,Debit Card,Annually
547,62,Male,New Mexico,West,M,Winter,3.4,Yes,Free Shipping,Yes,Yes,45,Venmo,Bi-Weekly
548,38,Male,Nevada,West,M,Winter,2.8,Yes,Free Shipping,Yes,Yes,26,Venmo,Weekly
549,36,Male,Nebraska,North,M,Winter,4.6,Yes,Store Pickup,Yes,Yes,41,Debit Card,Every 3 Months
550,31,Male,Arizona,West,S,Autumn,3.6,Yes,Express,Yes,Yes,37,Venmo,Bi-Weekly
551,62,Male,Georgia,South,M,Summer,3.3,Yes,Store Pickup,Yes,Yes,12,PayPal,Weekly
552,29,Male,Idaho,West,XL,Autumn,3.1,Yes,2-Day Shipping,Yes,Yes,27,Cash,Bi-Weekly
553,24,Male,Missouri,South,M,Autumn,3.5,Yes,Express,Yes,Yes,18,Bank Transfer,Weekly
554,63,Male,Florida,South,M,Winter,3.2,Yes,Express,Yes,Yes,15,Credit Card,Quarterly
555,56,Male,Minnesota,North,M,Summer,3,Yes,Express,Yes,Yes,34,Bank Transfer,Weekly
556,63,Male,Maine,North,M,Autumn,4.8,Yes,Express,Yes,Yes,37,Venmo,Annually
557,40,Male,Montana,West,L,Winter,5,Yes,Store Pickup,Yes,Yes,21,Cash,Fortnightly
558,18,Male,Alaska,West,M,Spring,2.9,Yes,Free Shipping,Yes,Yes,31,Debit Card,Weekly
559,50,Male,Iowa,west,L,Autumn,3.2,Yes,Express,Yes,Yes,43,Debit Card,Every 3 Months
560,66,Male,Arizona,West,M,Autumn,2.9,Yes,Store Pickup,Yes,Yes,22,Bank Transfer,Monthly
561,25,Male,Louisiana,South,L,Autumn,3.3,Yes,Free Shipping,Yes,Yes,12,Debit Card,Annually
562,65,Male,Alabama,South,M,Autumn,2.6,Yes,Next Day Air,Yes,Yes,25,PayPal,Fortnightly
563,53,Male,Missouri,South,M,Summer,3.5,Yes,Standard,Yes,Yes,40,Debit Card,Annually
564,61,Male,Idaho,West,M,Autumn,4.4,Yes,Standard,Yes,Yes,16,Debit Card,Quarterly
565,67,Male,Florida,South,M,Winter,3.4,Yes,Next Day Air,Yes,Yes,30,Bank Transfer,Weekly
566,59,Male,Idaho,West,L,Autumn,4.2,Yes,Store Pickup,Yes,Yes,10,Venmo,Weekly
567,55,Male,Alabama,South,M,Spring,3.6,Yes,Store Pickup,Yes,Yes,1,Debit Card,Fortnightly
568,21,Male,New Hampshire,North,S,Winter,3,Yes,Next Day Air,Yes,Yes,24,Venmo,Fortnightly
569,44,Male,Utah,West,L,Summer,4,Yes,Free Shipping,Yes,Yes,36,PayPal,Monthly
570,65,Male,Alabama,South,M,Autumn,4.4,Yes,Express,Yes,Yes,46,Credit Card,Every 3 Months
571,65,Male,Iowa,west,XL,Autumn,4.1,Yes,Standard,Yes,Yes,20,Cash,Annually
572,54,Male,Kentucky,South,XL,Spring,3.6,Yes,Free Shipping,Yes,Yes,37,Venmo,Weekly
573,56,Male,South Carolina,South,XL,Summer,4.6,Yes,Next Day Air,Yes,Yes,26,Bank Transfer,Annually
574,58,Male,California,West,M,Summer,3.2,Yes,2-Day Shipping,Yes,Yes,23,Credit Card,Bi-Weekly
575,54,Male,Maine,North,L,Autumn,4.8,Yes,Free Shipping,Yes,Yes,20,Bank Transfer,Bi-Weekly
576,58,Male,Nebraska,North,M,Autumn,4.8,Yes,Express,Yes,Yes,38,PayPal,Monthly
577,48,Male,Washington,West,M,Winter,5,Yes,2-Day Shipping,Yes,Yes,5,Credit Card,Every 3 Months
578,19,Male,Alabama,South,M,Autumn,3.7,Yes,Store Pickup,Yes,Yes,41,Venmo,Annually
579,69,Male,Maine,North,M,Autumn,4.6,Yes,Next Day Air,Yes,Yes,22,Credit Card,Fortnightly
580,58,Male,California,West,M,Winter,3.7,Yes,Free Shipping,Yes,Yes,48,Credit Card,Annually
581,49,Male,Iowa,west,M,Spring,4.1,Yes,Free Shipping,Yes,Yes,10,PayPal,Weekly
582,32,Male,Iowa,west,XL,Winter,2.7,Yes,Store Pickup,Yes,Yes,12,Bank Transfer,Every 3 Months
583,40,Male,Colorado,West,L,Spring,4.9,Yes,Store Pickup,Yes,Yes,2,Bank Transfer,Quarterly
584,25,Male,California,West,L,Spring,4,Yes,Store Pickup,Yes,Yes,38,PayPal,Monthly
585,70,Male,Indiana,North,M,Spring,4.7,Yes,Free Shipping,Yes,Yes,20,Debit Card,Monthly
586,69,Male,South Carolina,South,M,Autumn,2.8,Yes,Next Day Air,Yes,Yes,5,Cash,Every 3 Months
587,45,Male,Wisconsin,North,S,Winter,4.9,Yes,2-Day Shipping,Yes,Yes,9,Venmo,Annually
588,29,Male,Washington,West,S,Autumn,4.2,Yes,Express,Yes,Yes,48,Debit Card,Every 3 Months
589,47,Male,South Dakota,North,M,Autumn,3,Yes,Standard,Yes,Yes,9,Debit Card,Quarterly
590,28,Male,Minnesota,North,M,Autumn,3.4,Yes,2-Day Shipping,Yes,Yes,40,PayPal,Annually
591,64,Male,Alaska,West,S,Autumn,4.6,Yes,Standard,Yes,Yes,30,Venmo,Fortnightly
592,47,Male,Kentucky,South,L,Autumn,4.2,Yes,Store Pickup,Yes,Yes,6,Debit Card,Bi-Weekly
593,60,Male,North Dakota,North,M,Autumn,3.2,Yes,Free Shipping,Yes,Yes,42,Venmo,Every 3 Months
594,67,Male,Alaska,West,S,Winter,4.4,Yes,Store Pickup,Yes,Yes,9,PayPal,Every 3 Months
595,35,Male,Oklahoma,South,S,Winter,2.5,Yes,Next Day Air,Yes,Yes,6,Debit Card,Monthly
596,30,Male,Delaware,East,M,Summer,3.6,Yes,Next Day Air,Yes,Yes,47,PayPal,Quarterly
597,23,Male,Montana,West,XL,Summer,4.5,Yes,Store Pickup,Yes,Yes,36,Venmo,Annually
598,70,Male,Alaska,West,L,Summer,3.4,Yes,Standard,Yes,Yes,19,Bank Transfer,Fortnightly
599,21,Male,California,West,L,Winter,3.2,Yes,2-Day Shipping,Yes,Yes,30,Cash,Every 3 Months
600,51,Male,Massachusetts,East,L,Spring,4.2,Yes,Standard,Yes,Yes,27,Debit Card,Every 3 Months
601,22,Male,South Carolina,South,M,Spring,5,Yes,2-Day Shipping,Yes,Yes,25,Venmo,Monthly
602,32,Male,West Virginia,South,M,Summer,4.7,Yes,Store Pickup,Yes,Yes,5,Cash,Fortnightly
603,37,Male,Oregon,West,L,Summer,4.2,Yes,Next Day Air,Yes,Yes,10,Cash,Every 3 Months
604,31,Male,Massachusetts,East,L,Winter,3.4,Yes,2-Day Shipping,Yes,Yes,26,PayPal,Every 3 Months
605,44,Male,West Virginia,South,S,Autumn,4.4,Yes,Store Pickup,Yes,Yes,11,Credit Card,Every 3 Months
606,40,Male,California,West,XL,Winter,4.2,Yes,Standard,Yes,Yes,17,Bank Transfer,Weekly
607,27,Male,Colorado,West,M,Spring,4.5,Yes,Standard,Yes,Yes,44,PayPal,Monthly
608,47,Male,Indiana,North,L,Autumn,2.8,Yes,Next Day Air,Yes,Yes,44,Cash,Monthly
609,41,Male,Delaware,East,S,Autumn,3.3,Yes,Next Day Air,Yes,Yes,21,Venmo,Every 3 Months
610,51,Male,Ohio,East,L,Autumn,4.6,Yes,Next Day Air,Yes,Yes,49,Credit Card,Fortnightly
611,53,Male,Oklahoma,South,M,Summer,2.5,Yes,Free Shipping,Yes,Yes,27,Bank Transfer,Every 3 Months
612,43,Male,California,West,M,Winter,4.7,Yes,Store Pickup,Yes,Yes,19,Cash,Monthly
613,67,Male,New Hampshire,North,L,Autumn,4.6,Yes,Express,Yes,Yes,33,Credit Card,Quarterly
614,61,Male,Pennsylvania,East,L,Autumn,2.6,Yes,Standard,Yes,Yes,46,Cash,Bi-Weekly
615,68,Male,Idaho,West,M,Winter,4,Yes,Standard,Yes,Yes,21,Credit Card,Bi-Weekly
616,67,Male,Maryland,East,L,Summer,2.6,Yes,Next Day Air,Yes,Yes,23,Venmo,Annually
617,29,Male,Pennsylvania,East,L,Spring,4.6,Yes,Free Shipping,Yes,Yes,38,Credit Card,Every 3 Months
618,50,Male,Colorado,West,M,Autumn,2.6,Yes,Standard,Yes,Yes,2,Bank Transfer,Quarterly
619,61,Male,Indiana,North,L,Spring,4,Yes,Express,Yes,Yes,21,Debit Card,Bi-Weekly
620,19,Male,Nebraska,North,M,Summer,4.6,Yes,Store Pickup,Yes,Yes,1,Debit Card,Every 3 Months
621,33,Male,Rhode Island,East,M,Autumn,3.7,Yes,2-Day Shipping,Yes,Yes,10,Venmo,Every 3 Months
622,51,Male,Kansas,West,S,Autumn,4.4,Yes,Store Pickup,Yes,Yes,45,Credit Card,Weekly
623,69,Male,Georgia,South,S,Spring,4,Yes,Next Day Air,Yes,Yes,44,Bank Transfer,Fortnightly
624,19,Male,Nevada,West,M,Autumn,4.7,Yes,Standard,Yes,Yes,48,PayPal,Bi-Weekly
625,55,Male,South Carolina,South,XL,Autumn,3.4,Yes,Express,Yes,Yes,21,PayPal,Annually
626,49,Male,Delaware,East,M,Autumn,4,Yes,Next Day Air,Yes,Yes,1,Venmo,Weekly
627,31,Male,New Hampshire,North,M,Spring,3.9,Yes,Standard,Yes,Yes,10,Venmo,Annually
628,42,Male,Oregon,West,L,Winter,4.1,Yes,Express,Yes,Yes,24,PayPal,Monthly
629,69,Male,Massachusetts,East,M,Autumn,3.7,Yes,2-Day Shipping,Yes,Yes,29,Credit Card,Monthly
630,26,Male,Vermont,North,L,Spring,4.7,Yes,Standard,Yes,Yes,11,Debit Card,Annually
631,41,Male,Mississippi,South,S,Autumn,4.3,Yes,2-Day Shipping,Yes,Yes,33,Debit Card,Annually
632,55,Male,Washington,West,S,Summer,4.1,Yes,Store Pickup,Yes,Yes,27,Cash,Fortnightly
633,35,Male,Wyoming,West,M,Winter,3.9,Yes,Next Day Air,Yes,Yes,19,Venmo,Fortnightly
634,66,Male,Minnesota,North,M,Spring,2.9,Yes,Express,Yes,Yes,50,Debit Card,Quarterly
635,36,Male,Ohio,East,M,Summer,3.9,Yes,Standard,Yes,Yes,46,PayPal,Weekly
636,27,Male,South Carolina,South,M,Autumn,4.3,Yes,2-Day Shipping,Yes,Yes,28,Cash,Quarterly
637,41,Male,Wisconsin,North,M,Summer,2.8,Yes,Store Pickup,Yes,Yes,14,Bank Transfer,Every 3 Months
638,21,Male,Tennessee,South,M,Winter,3.4,Yes,2-Day Shipping,Yes,Yes,46,Cash,Fortnightly
639,53,Male,Maryland,East,S,Summer,2.7,Yes,Express,Yes,Yes,41,PayPal,Monthly
640,54,Male,Mississippi,South,L,Spring,4,Yes,2-Day Shipping,Yes,Yes,50,Credit Card,Annually
641,53,Male,Minnesota,North,M,Summer,4.4,Yes,Store Pickup,Yes,Yes,28,Debit Card,Fortnightly
642,47,Male,Alaska,West,M,Winter,3.9,Yes,2-Day Shipping,Yes,Yes,23,Credit Card,Every 3 Months
643,64,Male,Arkansas,South,L,Spring,2.8,Yes,2-Day Shipping,Yes,Yes,14,Debit Card,Bi-Weekly
644,18,Male,Oregon,West,XL,Winter,3.2,Yes,Next Day Air,Yes,Yes,10,Bank Transfer,Every 3 Months
645,68,Male,Louisiana,South,S,Summer,4.3,Yes,Next Day Air,Yes,Yes,37,Cash,Weekly
646,62,Male,Oklahoma,South,S,Summer,4.2,Yes,Express,Yes,Yes,15,Venmo,Bi-Weekly
647,51,Male,Indiana,North,XL,Spring,4.9,Yes,Standard,Yes,Yes,19,Venmo,Bi-Weekly
648,54,Male,Mississippi,South,XL,Summer,3.7,Yes,Express,Yes,Yes,23,Credit Card,Fortnightly
649,22,Male,Michigan,North,M,Winter,4.1,Yes,Store Pickup,Yes,Yes,35,Credit Card,Weekly
650,53,Male,Delaware,East,L,Spring,4.2,Yes,Store Pickup,Yes,Yes,33,PayPal,Every 3 Months
651,34,Male,Florida,South,M,Spring,3.9,Yes,Next Day Air,Yes,Yes,12,Bank Transfer,Annually
652,32,Male,Arkansas,South,L,Summer,2.9,Yes,Next Day Air,Yes,Yes,41,Venmo,Fortnightly
653,64,Male,Minnesota,North,M,Winter,3.1,Yes,Free Shipping,Yes,Yes,27,Venmo,Weekly
654,20,Male,North Dakota,North,M,Winter,3.6,Yes,2-Day Shipping,Yes,Yes,45,Cash,Fortnightly
655,24,Male,California,West,L,Summer,4.4,Yes,2-Day Shipping,Yes,Yes,23,Venmo,Annually
656,20,Male,Mississippi,South,S,Autumn,3.1,Yes,Free Shipping,Yes,Yes,19,Venmo,Monthly
657,42,Male,Pennsylvania,East,M,Summer,3.9,Yes,Standard,Yes,Yes,6,PayPal,Quarterly
658,48,Male,Arizona,West,M,Winter,4.3,Yes,Free Shipping,Yes,Yes,6,PayPal,Quarterly
659,62,Male,Louisiana,South,S,Autumn,4.9,Yes,Store Pickup,Yes,Yes,20,Venmo,Weekly
660,62,Male,Virginia,South,S,Spring,3.6,Yes,2-Day Shipping,Yes,Yes,8,Cash,Weekly
661,50,Male,Montana,West,M,Autumn,5,Yes,2-Day Shipping,Yes,Yes,39,Credit Card,Quarterly
662,57,Male,Iowa,west,XL,Autumn,4.1,Yes,Store Pickup,Yes,Yes,39,Credit Card,Quarterly
663,24,Male,Illinois,North,L,Autumn,2.8,Yes,Express,Yes,Yes,39,Venmo,Bi-Weekly
664,59,Male,Alaska,West,M,Autumn,4.7,Yes,Express,Yes,Yes,23,Credit Card,Monthly
665,63,Male,Colorado,West,M,Winter,4.4,Yes,Express,Yes,Yes,41,PayPal,Bi-Weekly
666,41,Male,New Mexico,West,M,Spring,4.9,Yes,2-Day Shipping,Yes,Yes,50,Credit Card,Annually
667,35,Male,Colorado,West,L,Winter,3.1,Yes,Free Shipping,Yes,Yes,30,Debit Card,Quarterly
668,34,Male,Arizona,West,S,Winter,2.6,Yes,Standard,Yes,Yes,32,Bank Transfer,Quarterly
669,49,Male,Hawaii,West,S,Autumn,2.9,Yes,Express,Yes,Yes,35,Bank Transfer,Monthly
670,43,Male,Illinois,North,M,Spring,3.3,Yes,Free Shipping,Yes,Yes,45,Venmo,Bi-Weekly
671,63,Male,Louisiana,South,XL,Spring,4.8,Yes,Next Day Air,Yes,Yes,37,Cash,Bi-Weekly
672,38,Male,Iowa,west,L,Winter,4.7,Yes,Express,Yes,Yes,45,Cash,Weekly
673,59,Male,Washington,West,M,Winter,3.3,Yes,2-Day Shipping,Yes,Yes,29,Cash,Quarterly
674,35,Male,Oklahoma,South,M,Spring,4.2,Yes,Free Shipping,Yes,Yes,27,Venmo,Bi-Weekly
675,48,Male,Washington,West,XL,Winter,4.7,Yes,Store Pickup,Yes,Yes,36,Bank Transfer,Annually
676,64,Male,Arkansas,South,M,Spring,2.6,Yes,2-Day Shipping,Yes,Yes,9,Cash,Annually
677,28,Male,Connecticut,East,M,Winter,2.9,Yes,2-Day Shipping,Yes,Yes,38,Venmo,Bi-Weekly
678,60,Male,Washington,West,S,Summer,2.7,Yes,Express,Yes,Yes,41,PayPal,Annually
679,27,Male,Maine,North,M,Autumn,3.3,Yes,Store Pickup,Yes,Yes,25,Debit Card,Every 3 Months
680,56,Male,Michigan,North,M,Autumn,3.4,Yes,Express,Yes,Yes,37,Venmo,Fortnightly
681,58,Male,Tennessee,South,M,Spring,4.2,Yes,Express,Yes,Yes,3,PayPal,Annually
682,30,Male,Louisiana,South,XL,Winter,3.8,Yes,2-Day Shipping,Yes,Yes,24,Credit Card,Every 3 Months
683,23,Male,Missouri,South,M,Summer,4,Yes,Standard,Yes,Yes,49,Credit Card,Bi-Weekly
684,33,Male,Michigan,North,S,Winter,2.7,Yes,Free Shipping,Yes,Yes,3,Bank Transfer,Monthly
685,63,Male,Alabama,South,M,Summer,4.7,Yes,Express,Yes,Yes,42,Debit Card,Monthly
686,70,Male,Massachusetts,East,XL,Winter,3.5,Yes,Standard,Yes,Yes,32,Cash,Fortnightly
687,70,Male,Indiana,North,L,Autumn,3,Yes,2-Day Shipping,Yes,Yes,33,Venmo,Fortnightly
688,19,Male,West Virginia,South,XL,Winter,3.3,Yes,Free Shipping,Yes,Yes,46,Bank Transfer,Quarterly
689,25,Male,Michigan,North,S,Summer,4.7,Yes,Store Pickup,Yes,Yes,44,Venmo,Monthly
690,19,Male,Pennsylvania,East,M,Summer,4.7,Yes,Express,Yes,Yes,35,Credit Card,Every 3 Months
691,25,Male,Alaska,West,XL,Spring,4.8,Yes,Standard,Yes,Yes,45,Bank Transfer,Weekly
692,60,Male,Massachusetts,East,L,Summer,2.9,Yes,Standard,Yes,Yes,37,PayPal,Bi-Weekly
693,35,Male,North Dakota,North,M,Spring,4,Yes,2-Day Shipping,Yes,Yes,40,Debit Card,Every 3 Months
694,46,Male,Vermont,North,L,Spring,3.1,Yes,Free Shipping,Yes,Yes,30,Cash,Every 3 Months
695,41,Male,Kentucky,South,S,Autumn,3.5,Yes,2-Day Shipping,Yes,Yes,38,Venmo,Every 3 Months
696,30,Male,Nevada,West,XL,Summer,3.7,Yes,Next Day Air,Yes,Yes,15,Debit Card,Every 3 Months
697,44,Male,Utah,West,L,Autumn,2.8,Yes,Standard,Yes,Yes,49,Cash,Monthly
698,61,Male,North Dakota,North,XL,Summer,4.6,Yes,Free Shipping,Yes,Yes,40,Debit Card,Quarterly
699,55,Male,Iowa,west,M,Winter,3.8,Yes,Standard,Yes,Yes,40,Debit Card,Weekly
700,50,Male,Connecticut,East,M,Autumn,2.6,Yes,2-Day Shipping,Yes,Yes,5,PayPal,Weekly
701,57,Male,Wisconsin,North,L,Winter,4.1,Yes,Standard,Yes,Yes,5,PayPal,Monthly
702,51,Male,Idaho,West,L,Autumn,3.3,Yes,Next Day Air,Yes,Yes,5,Debit Card,Every 3 Months
703,18,Male,Montana,West,M,Winter,3.4,Yes,Store Pickup,Yes,Yes,1,Cash,Weekly
704,63,Male,Connecticut,East,L,Summer,3,Yes,Standard,Yes,Yes,21,Venmo,Weekly
705,34,Male,Idaho,West,S,Spring,3.2,Yes,Express,Yes,Yes,18,PayPal,Annually
706,25,Male,Arkansas,South,XL,Summer,4.5,Yes,Free Shipping,Yes,Yes,49,Cash,Quarterly
707,46,Male,Iowa,west,L,Summer,4.8,Yes,Express,Yes,Yes,27,Debit Card,Weekly
708,59,Male,Louisiana,South,L,Spring,3.7,Yes,Next Day Air,Yes,Yes,21,Venmo,Annually
709,37,Male,Kentucky,South,L,Summer,3.4,Yes,Store Pickup,Yes,Yes,19,Cash,Fortnightly
710,49,Male,Massachusetts,East,L,Summer,4.6,Yes,Standard,Yes,Yes,23,Debit Card,Monthly
711,22,Male,Virginia,South,L,Spring,4.1,Yes,Standard,Yes,Yes,26,PayPal,Fortnightly
712,64,Male,New Hampshire,North,M,Spring,3.5,Yes,2-Day Shipping,Yes,Yes,13,Bank Transfer,Bi-Weekly
713,42,Male,New Hampshire,North,XL,Summer,3.8,Yes,Next Day Air,Yes,Yes,36,Bank Transfer,Quarterly
714,37,Male,Oregon,West,M,Summer,2.6,Yes,Express,Yes,Yes,39,Bank Transfer,Bi-Weekly
715,26,Male,South Dakota,North,M,Autumn,4.4,Yes,Store Pickup,Yes,Yes,40,Debit Card,Fortnightly
716,33,Male,Delaware,East,L,Spring,2.6,Yes,Express,Yes,Yes,37,Debit Card,Quarterly
717,30,Male,Missouri,South,M,Spring,3.6,Yes,Express,Yes,Yes,9,Venmo,Bi-Weekly
718,21,Male,Alaska,West,L,Spring,4.2,Yes,Express,Yes,Yes,7,Venmo,Every 3 Months
719,22,Male,Florida,South,M,Summer,4.6,Yes,Standard,Yes,Yes,25,Bank Transfer,Annually
720,63,Male,Mississippi,South,L,Summer,3.3,Yes,Next Day Air,Yes,Yes,42,Venmo,Bi-Weekly
721,33,Male,New Mexico,West,L,Autumn,3.4,Yes,Free Shipping,Yes,Yes,19,Debit Card,Weekly
722,43,Male,California,West,L,Summer,4.4,Yes,Next Day Air,Yes,Yes,41,Debit Card,Every 3 Months
723,27,Male,Wyoming,West,S,Summer,4.3,Yes,Store Pickup,Yes,Yes,50,Cash,Bi-Weekly
724,35,Male,Missouri,South,L,Autumn,3.5,Yes,Express,Yes,Yes,43,PayPal,Monthly
725,37,Male,New Hampshire,North,XL,Autumn,4.7,Yes,Store Pickup,Yes,Yes,36,Venmo,Every 3 Months
726,61,Male,Texas,South,L,Winter,3.1,Yes,Standard,Yes,Yes,33,Debit Card,Fortnightly
727,32,Male,North Dakota,North,L,Summer,3.6,Yes,Next Day Air,Yes,Yes,20,Bank Transfer,Every 3 Months
728,62,Male,Arkansas,South,S,Winter,4.8,Yes,Next Day Air,Yes,Yes,37,Venmo,Every 3 Months
729,29,Male,Nebraska,North,M,Winter,3.7,Yes,Next Day Air,Yes,Yes,12,PayPal,Every 3 Months
730,41,Male,Minnesota,North,L,Summer,3.2,Yes,Express,Yes,Yes,46,PayPal,Every 3 Months
731,48,Male,Massachusetts,East,M,Summer,3.9,Yes,Standard,Yes,Yes,28,Venmo,Fortnightly
732,43,Male,Arkansas,South,M,Spring,3.5,Yes,Free Shipping,Yes,Yes,30,PayPal,Fortnightly
733,34,Male,New Hampshire,North,L,Spring,2.8,Yes,Express,Yes,Yes,28,Cash,Bi-Weekly
734,45,Male,Rhode Island,East,L,Autumn,2.7,Yes,2-Day Shipping,Yes,Yes,20,Debit Card,Bi-Weekly
735,65,Male,New Jersey,East,S,Winter,3.1,Yes,Express,Yes,Yes,39,Bank Transfer,Every 3 Months
736,61,Male,Montana,West,M,Autumn,3.6,Yes,2-Day Shipping,Yes,Yes,48,Cash,Bi-Weekly
737,18,Male,Colorado,West,L,Spring,2.9,Yes,2-Day Shipping,Yes,Yes,32,Credit Card,Every 3 Months
738,47,Male,Nebraska,North,M,Spring,3.6,Yes,Store Pickup,Yes,Yes,28,PayPal,Annually
739,56,Male,Minnesota,North,L,Winter,3.5,Yes,2-Day Shipping,Yes,Yes,27,Venmo,Quarterly
740,64,Male,Minnesota,North,S,Summer,3.5,Yes,Free Shipping,Yes,Yes,26,Venmo,Bi-Weekly
741,26,Male,South Dakota,North,M,Summer,2.8,Yes,Next Day Air,Yes,Yes,22,Credit Card,Fortnightly
742,22,Male,West Virginia,South,XL,Summer,4.7,Yes,Free Shipping,Yes,Yes,23,Bank Transfer,Every 3 Months
743,64,Male,Nevada,West,M,Summer,3.1,Yes,Express,Yes,Yes,21,Debit Card,Quarterly
744,21,Male,North Carolina,South,L,Autumn,4.9,Yes,Free Shipping,Yes,Yes,36,Cash,Weekly
745,67,Male,Illinois,North,S,Spring,4.1,Yes,Next Day Air,Yes,Yes,42,Debit Card,Bi-Weekly
746,46,Male,Michigan,North,L,Autumn,4.7,Yes,Standard,Yes,Yes,4,Venmo,Monthly
747,40,Male,Michigan,North,M,Winter,2.5,Yes,Free Shipping,Yes,Yes,47,Credit Card,Annually
748,51,Male,Oklahoma,South,L,Spring,4.4,Yes,Next Day Air,Yes,Yes,13,Bank Transfer,Weekly
749,35,Male,South Dakota,North,L,Autumn,3.9,Yes,Free Shipping,Yes,Yes,8,Bank Transfer,Quarterly
750,56,Male,Oklahoma,South,M,Winter,3.7,Yes,Standard,Yes,Yes,11,Debit Card,Quarterly
751,25,Male,Maryland,East,L,Autumn,3.4,Yes,Free Shipping,Yes,Yes,5,Venmo,Annually
752,65,Male,Ohio,East,L,Autumn,4.8,Yes,Free Shipping,Yes,Yes,1,Credit Card,Monthly
753,39,Male,Ohio,East,L,Autumn,4.2,Yes,2-Day Shipping,Yes,Yes,17,PayPal,Every 3 Months
754,47,Male,Massachusetts,East,M,Autumn,3.4,Yes,Store Pickup,Yes,Yes,27,Venmo,Quarterly
755,36,Male,North Carolina,South,L,Spring,2.9,Yes,Store Pickup,Yes,Yes,3,Debit Card,Quarterly
756,66,Male,Florida,South,M,Spring,3.3,Yes,Free Shipping,Yes,Yes,22,PayPal,Weekly
757,62,Male,Montana,West,S,Summer,4.8,Yes,Standard,Yes,Yes,24,Cash,Fortnightly
758,41,Male,Minnesota,North,M,Autumn,3.8,Yes,Store Pickup,Yes,Yes,18,Debit Card,Quarterly
759,66,Male,Massachusetts,East,L,Summer,4.6,Yes,2-Day Shipping,Yes,Yes,39,Bank Transfer,Every 3 Months
760,51,Male,Rhode Island,East,XL,Winter,2.6,Yes,Next Day Air,Yes,Yes,25,Credit Card,Fortnightly
761,33,Male,Minnesota,North,XL,Autumn,3.4,Yes,Free Shipping,Yes,Yes,6,Cash,Annually
762,57,Male,Nevada,West,L,Autumn,4.2,Yes,Express,Yes,Yes,26,Bank Transfer,Weekly
763,45,Male,New Mexico,West,M,Autumn,3.9,Yes,Standard,Yes,Yes,43,Debit Card,Fortnightly
764,61,Male,North Carolina,South,M,Spring,2.9,Yes,2-Day Shipping,Yes,Yes,6,Credit Card,Monthly
765,55,Male,Virginia,South,XL,Autumn,4.2,Yes,Free Shipping,Yes,Yes,6,Debit Card,Quarterly
766,54,Male,Alaska,West,M,Summer,3,Yes,Store Pickup,Yes,Yes,13,Cash,Quarterly
767,57,Male,Nevada,West,M,Winter,3.6,Yes,Next Day Air,Yes,Yes,13,PayPal,Monthly
768,27,Male,Pennsylvania,East,M,Autumn,2.5,Yes,Next Day Air,Yes,Yes,11,Cash,Annually
769,64,Male,Illinois,North,XL,Spring,2.6,Yes,Express,Yes,Yes,45,Venmo,Weekly
770,52,Male,Delaware,East,M,Spring,4.3,Yes,Store Pickup,Yes,Yes,8,PayPal,Monthly
771,19,Male,Vermont,North,M,Spring,3.3,Yes,Express,Yes,Yes,8,Credit Card,Annually
772,22,Male,Hawaii,West,L,Autumn,2.6,Yes,Next Day Air,Yes,Yes,34,Bank Transfer,Fortnightly
773,18,Male,Illinois,North,L,Autumn,3.6,Yes,Free Shipping,Yes,Yes,40,Debit Card,Bi-Weekly
774,29,Male,California,West,L,Winter,2.6,Yes,Express,Yes,Yes,14,Debit Card,Bi-Weekly
775,42,Male,Nevada,West,M,Summer,3.5,Yes,Standard,Yes,Yes,11,Credit Card,Quarterly
776,49,Male,Kentucky,South,S,Winter,3,Yes,Store Pickup,Yes,Yes,8,PayPal,Monthly
777,49,Male,Alabama,South,M,Spring,5,Yes,Standard,Yes,Yes,8,Venmo,Every 3 Months
778,55,Male,Wyoming,West,XL,Spring,2.5,Yes,Express,Yes,Yes,37,Venmo,Weekly
779,29,Male,Massachusetts,East,M,Summer,2.9,Yes,Store Pickup,Yes,Yes,23,Debit Card,Annually
780,60,Male,Utah,West,M,Spring,4.6,Yes,Express,Yes,Yes,38,Cash,Annually
781,34,Male,New York,East,M,Spring,3.6,Yes,Free Shipping,Yes,Yes,38,Cash,Quarterly
782,30,Male,Vermont,North,L,Winter,3,Yes,Store Pickup,Yes,Yes,12,Credit Card,Fortnightly
783,28,Male,Hawaii,West,M,Summer,4.5,Yes,Standard,Yes,Yes,15,Cash,Weekly
784,63,Male,Louisiana,South,L,Winter,4.5,Yes,Next Day Air,Yes,Yes,38,PayPal,Fortnightly
785,31,Male,Alabama,South,M,Winter,3.2,Yes,Store Pickup,Yes,Yes,41,Bank Transfer,Every 3 Months
786,46,Male,Louisiana,South,S,Spring,4,Yes,Next Day Air,Yes,Yes,37,PayPal,Fortnightly
787,70,Male,Indiana,North,S,Winter,4.8,Yes,Express,Yes,Yes,16,Bank Transfer,Every 3 Months
788,53,Male,Michigan,North,S,Spring,3.7,Yes,Free Shipping,Yes,Yes,25,Venmo,Weekly
789,50,Male,Rhode Island,East,XL,Summer,3.8,Yes,Store Pickup,Yes,Yes,18,Bank Transfer,Quarterly
790,33,Male,Idaho,West,S,Autumn,2.7,Yes,Standard,Yes,Yes,4,Credit Card,Bi-Weekly
791,22,Male,Louisiana,South,M,Summer,4.9,Yes,Store Pickup,Yes,Yes,12,Bank Transfer,Quarterly
792,50,Male,North Carolina,South,S,Summer,3.1,Yes,2-Day Shipping,Yes,Yes,35,PayPal,Fortnightly
793,34,Male,New Jersey,East,M,Spring,4.2,Yes,Next Day Air,Yes,Yes,45,Venmo,Weekly
794,24,Male,Alabama,South,L,Summer,3.8,Yes,Free Shipping,Yes,Yes,16,Credit Card,Monthly
795,69,Male,Kentucky,South,XL,Winter,4.2,Yes,Store Pickup,Yes,Yes,10,Debit Card,Fortnightly
796,39,Male,New York,East,M,Summer,4.6,Yes,Store Pickup,Yes,Yes,34,Venmo,Annually
797,42,Male,Arizona,West,XL,Autumn,4,Yes,2-Day Shipping,Yes,Yes,43,Credit Card,Annually
798,42,Male,Maryland,East,M,Autumn,4,Yes,2-Day Shipping,Yes,Yes,38,Debit Card,Weekly
799,29,Male,Alaska,West,M,Spring,3.8,Yes,2-Day Shipping,Yes,Yes,48,PayPal,Every 3 Months
800,55,Male,Nevada,West,L,Summer,3.3,Yes,Free Shipping,Yes,Yes,31,PayPal,Annually
801,32,Male,Utah,West,S,Summer,2.6,Yes,Free Shipping,Yes,Yes,20,Cash,Every 3 Months
802,25,Male,New Mexico,West,L,Autumn,4.9,Yes,Express,Yes,Yes,12,Credit Card,Fortnightly
803,38,Male,Delaware,East,M,Winter,3.5,Yes,Next Day Air,Yes,Yes,2,Bank Transfer,Weekly
804,32,Male,Connecticut,East,L,Winter,2.8,Yes,Express,Yes,Yes,30,Venmo,Every 3 Months
805,43,Male,Mississippi,South,M,Summer,2.6,Yes,Store Pickup,Yes,Yes,28,Venmo,Quarterly
806,41,Male,Connecticut,East,L,Summer,3.7,Yes,Next Day Air,Yes,Yes,40,Debit Card,Monthly
807,56,Male,Florida,South,L,Summer,2.7,Yes,Standard,Yes,Yes,46,PayPal,Quarterly
808,27,Male,New York,East,S,Winter,3.3,Yes,Express,Yes,Yes,15,Credit Card,Weekly
809,46,Male,Wisconsin,North,L,Autumn,4.6,Yes,Next Day Air,Yes,Yes,38,Cash,Every 3 Months
810,48,Male,South Carolina,South,M,Autumn,4.9,Yes,Next Day Air,Yes,Yes,30,PayPal,Bi-Weekly
811,52,Male,South Dakota,North,S,Autumn,4.9,Yes,Store Pickup,Yes,Yes,32,Debit Card,Bi-Weekly
812,18,Male,Illinois,North,M,Winter,2.7,Yes,Free Shipping,Yes,Yes,36,Venmo,Quarterly
813,64,Male,Alaska,West,M,Summer,3.2,Yes,Standard,Yes,Yes,32,Credit Card,Weekly
814,54,Male,Montana,West,S,Summer,2.9,Yes,Store Pickup,Yes,Yes,14,Debit Card,Annually
815,31,Male,Minnesota,North,M,Winter,3.8,Yes,Express,Yes,Yes,8,PayPal,Monthly
816,30,Male,West Virginia,South,L,Spring,3,Yes,Next Day Air,Yes,Yes,27,Venmo,Bi-Weekly
817,26,Male,Illinois,North,L,Summer,3.9,Yes,Store Pickup,Yes,Yes,24,Debit Card,Monthly
818,25,Male,Nevada,West,S,Spring,4.7,Yes,Store Pickup,Yes,Yes,30,PayPal,Fortnightly
819,59,Male,Idaho,West,M,Winter,4.9,Yes,Store Pickup,Yes,Yes,34,Debit Card,Monthly
820,55,Male,Colorado,West,S,Winter,4.8,Yes,Next Day Air,Yes,Yes,28,Debit Card,Quarterly
821,56,Male,Louisiana,South,M,Spring,2.5,Yes,2-Day Shipping,Yes,Yes,27,Debit Card,Monthly
822,62,Male,Vermont,North,M,Spring,3.9,Yes,Standard,Yes,Yes,31,Credit Card,Bi-Weekly
823,35,Male,Mississippi,South,L,Winter,3.4,Yes,Standard,Yes,Yes,23,Bank Transfer,Annually
824,51,Male,Georgia,South,M,Winter,2.5,Yes,Free Shipping,Yes,Yes,11,Credit Card,Quarterly
825,61,Male,Georgia,South,M,Spring,3,Yes,Store Pickup,Yes,Yes,48,Cash,Quarterly
826,27,Male,Nebraska,North,XL,Autumn,3.6,Yes,Next Day Air,Yes,Yes,17,Cash,Monthly
827,54,Male,Massachusetts,East,M,Winter,3.6,Yes,Standard,Yes,Yes,36,PayPal,Weekly
828,31,Male,Colorado,West,S,Autumn,4.1,Yes,Free Shipping,Yes,Yes,33,Bank Transfer,Fortnightly
829,24,Male,Nevada,West,M,Autumn,3.7,Yes,2-Day Shipping,Yes,Yes,27,PayPal,Bi-Weekly
830,42,Male,Idaho,West,S,Spring,3.1,Yes,2-Day Shipping,Yes,Yes,14,Credit Card,Fortnightly
831,41,Male,Wyoming,West,M,Autumn,4.2,Yes,Express,Yes,Yes,5,Credit Card,Annually
832,66,Male,Washington,West,M,Summer,4.3,Yes,Express,Yes,Yes,47,Cash,Every 3 Months
833,58,Male,California,West,L,Autumn,2.5,Yes,Express,Yes,Yes,28,Cash,Bi-Weekly
834,43,Male,Oklahoma,South,M,Autumn,3.5,Yes,Standard,Yes,Yes,11,Credit Card,Annually
835,52,Male,Nevada,West,M,Summer,3.1,Yes,Free Shipping,Yes,Yes,18,Credit Card,Weekly
836,35,Male,Maryland,East,L,Summer,2.5,Yes,Next Day Air,Yes,Yes,21,Debit Card,Weekly
837,23,Male,West Virginia,South,L,Winter,3.9,Yes,Store Pickup,Yes,Yes,22,Cash,Bi-Weekly
838,25,Male,Illinois,North,L,Spring,4.9,Yes,Express,Yes,Yes,33,Cash,Every 3 Months
839,33,Male,Kentucky,South,M,Spring,4.3,Yes,Express,Yes,Yes,49,Credit Card,Annually
840,48,Male,Illinois,North,L,Spring,2.6,Yes,Free Shipping,Yes,Yes,10,Debit Card,Every 3 Months
841,42,Male,Alabama,South,L,Summer,4.2,Yes,2-Day Shipping,Yes,Yes,18,PayPal,Weekly
842,55,Male,Texas,South,M,Summer,2.6,Yes,Store Pickup,Yes,Yes,28,PayPal,Fortnightly
843,59,Male,Missouri,South,M,Spring,3.6,Yes,Express,Yes,Yes,25,PayPal,Weekly
844,65,Male,Pennsylvania,East,S,Summer,3.2,Yes,Express,Yes,Yes,6,PayPal,Weekly
845,59,Male,Missouri,South,L,Winter,4.4,Yes,Express,Yes,Yes,44,Venmo,Bi-Weekly
846,31,Male,Michigan,North,XL,Winter,3.7,Yes,Standard,Yes,Yes,30,Venmo,Monthly
847,49,Male,Kentucky,South,M,Spring,3.7,Yes,Express,Yes,Yes,42,Debit Card,Quarterly
848,53,Male,New Jersey,East,L,Autumn,4.1,Yes,Standard,Yes,Yes,30,PayPal,Monthly
849,48,Male,Delaware,East,M,Autumn,3.6,Yes,Store Pickup,Yes,Yes,33,Credit Card,Bi-Weekly
850,23,Male,Missouri,South,S,Spring,4.3,Yes,Express,Yes,Yes,24,PayPal,Quarterly
851,68,Male,Connecticut,East,L,Winter,2.6,Yes,Store Pickup,Yes,Yes,13,Venmo,Monthly
852,35,Male,Massachusetts,East,M,Summer,2.9,Yes,Express,Yes,Yes,19,Debit Card,Monthly
853,34,Male,Florida,South,L,Spring,4.2,Yes,Next Day Air,Yes,Yes,23,Debit Card,Every 3 Months
854,62,Male,Delaware,East,L,Winter,4,Yes,Free Shipping,Yes,Yes,35,Cash,Monthly
855,21,Male,California,West,L,Spring,4.3,Yes,Free Shipping,Yes,Yes,22,Venmo,Monthly
856,70,Male,Oregon,West,L,Spring,3,Yes,2-Day Shipping,Yes,Yes,14,Credit Card,Quarterly
857,55,Male,Alaska,West,M,Summer,3.5,Yes,Express,Yes,Yes,47,Debit Card,Fortnightly
858,43,Male,Missouri,South,L,Autumn,3,Yes,Standard,Yes,Yes,50,Debit Card,Every 3 Months
859,19,Male,Oklahoma,South,L,Autumn,3.1,Yes,Free Shipping,Yes,Yes,33,PayPal,Weekly
860,47,Male,Wisconsin,North,M,Winter,4,Yes,Next Day Air,Yes,Yes,7,Debit Card,Monthly
861,26,Male,South Carolina,South,M,Spring,4.1,Yes,Standard,Yes,Yes,3,Cash,Monthly
862,46,Male,Virginia,South,XL,Spring,3.3,Yes,2-Day Shipping,Yes,Yes,35,Credit Card,Every 3 Months
863,19,Male,Arkansas,South,M,Winter,4.9,Yes,Standard,Yes,Yes,13,PayPal,Fortnightly
864,49,Male,Vermont,North,M,Summer,3.9,Yes,Standard,Yes,Yes,42,PayPal,Fortnightly
865,51,Male,Kentucky,South,S,Winter,3.9,Yes,Next Day Air,Yes,Yes,5,PayPal,Annually
866,64,Male,Colorado,West,L,Winter,4.8,Yes,Store Pickup,Yes,Yes,23,Venmo,Annually
867,67,Male,New Mexico,West,M,Summer,2.7,Yes,Free Shipping,Yes,Yes,11,PayPal,Bi-Weekly
868,37,Male,Colorado,West,M,Spring,3.1,Yes,Free Shipping,Yes,Yes,23,Bank Transfer,Fortnightly
869,40,Male,North Carolina,South,M,Summer,3.2,Yes,Next Day Air,Yes,Yes,2,Credit Card,Every 3 Months
870,38,Male,New Hampshire,North,M,Spring,2.7,Yes,2-Day Shipping,Yes,Yes,33,PayPal,Weekly
871,66,Male,West Virginia,South,M,Autumn,2.5,Yes,Standard,Yes,Yes,6,Bank Transfer,Bi-Weekly
872,47,Male,Hawaii,West,M,Spring,2.6,Yes,Next Day Air,Yes,Yes,45,Debit Card,Quarterly
873,56,Male,North Dakota,North,M,Spring,2.9,Yes,Standard,Yes,Yes,25,Cash,Quarterly
874,51,Male,Mississippi,South,M,Summer,4.2,Yes,Free Shipping,Yes,Yes,24,Venmo,Quarterly
875,25,Male,Maine,North,M,Autumn,4.4,Yes,Free Shipping,Yes,Yes,10,Venmo,Every 3 Months
876,37,Male,North Dakota,North,L,Summer,4.1,Yes,Free Shipping,Yes,Yes,7,Bank Transfer,Every 3 Months
877,41,Male,Nebraska,North,L,Summer,3.8,Yes,2-Day Shipping,Yes,Yes,1,Debit Card,Weekly
878,64,Male,Nebraska,North,M,Winter,4.9,Yes,Next Day Air,Yes,Yes,45,Venmo,Every 3 Months
879,23,Male,Tennessee,South,S,Summer,4.9,Yes,Express,Yes,Yes,37,Debit Card,Weekly
880,62,Male,Wyoming,West,S,Spring,4.1,Yes,Free Shipping,Yes,Yes,14,PayPal,Quarterly
881,39,Male,Nevada,West,L,Spring,3.1,Yes,Express,Yes,Yes,25,Debit Card,Monthly
882,52,Male,South Carolina,South,M,Summer,2.7,Yes,Next Day Air,Yes,Yes,18,Venmo,Annually
883,50,Male,Virginia,South,M,Autumn,3.8,Yes,Next Day Air,Yes,Yes,37,Cash,Every 3 Months
884,28,Male,Pennsylvania,East,S,Autumn,4.3,Yes,Free Shipping,Yes,Yes,30,Bank Transfer,Monthly
885,67,Male,Hawaii,West,L,Winter,4.1,Yes,Express,Yes,Yes,34,Bank Transfer,Weekly
886,41,Male,Ohio,East,L,Autumn,4.4,Yes,Free Shipping,Yes,Yes,49,Debit Card,Every 3 Months
887,19,Male,Utah,West,S,Summer,3.6,Yes,Express,Yes,Yes,48,Bank Transfer,Monthly
888,70,Male,Minnesota,North,L,Winter,3.3,Yes,2-Day Shipping,Yes,Yes,33,PayPal,Fortnightly
889,49,Male,New Hampshire,North,S,Spring,3.6,Yes,Express,Yes,Yes,44,Cash,Annually
890,59,Male,Arizona,West,S,Autumn,2.8,Yes,Free Shipping,Yes,Yes,50,Venmo,Weekly
891,52,Male,New York,East,S,Spring,4.3,Yes,2-Day Shipping,Yes,Yes,47,Credit Card,Monthly
892,20,Male,Pennsylvania,East,S,Summer,3.9,Yes,Store Pickup,Yes,Yes,24,PayPal,Every 3 Months
893,31,Male,New Mexico,West,L,Summer,2.7,Yes,Free Shipping,Yes,Yes,43,Debit Card,Monthly
894,33,Male,Nebraska,North,M,Spring,4.7,Yes,Express,Yes,Yes,14,Venmo,Monthly
895,44,Male,Wyoming,West,L,Spring,3.8,Yes,Free Shipping,Yes,Yes,3,Debit Card,Quarterly
896,40,Male,Mississippi,South,XL,Spring,4.7,Yes,Next Day Air,Yes,Yes,33,Debit Card,Quarterly
897,69,Male,Arkansas,South,M,Spring,4.7,Yes,Express,Yes,Yes,38,Cash,Fortnightly
898,29,Male,Illinois,North,M,Spring,3.4,Yes,Express,Yes,Yes,46,Venmo,Weekly
899,54,Male,Nevada,West,L,Spring,3.5,Yes,2-Day Shipping,Yes,Yes,19,Bank Transfer,Every 3 Months
900,65,Male,Rhode Island,East,M,Summer,4,Yes,Standard,Yes,Yes,20,PayPal,Annually
901,54,Male,West Virginia,South,L,Autumn,3.3,Yes,Free Shipping,Yes,Yes,42,Bank Transfer,Quarterly
902,60,Male,Missouri,South,L,Summer,4.7,Yes,2-Day Shipping,Yes,Yes,34,Cash,Monthly
903,43,Male,Kentucky,South,M,Summer,2.8,Yes,Next Day Air,Yes,Yes,5,Cash,Monthly
904,44,Male,Washington,West,M,Winter,3.3,Yes,Express,Yes,Yes,3,PayPal,Quarterly
905,69,Male,Alaska,West,L,Spring,2.9,Yes,Free Shipping,Yes,Yes,46,PayPal,Every 3 Months
906,46,Male,Mississippi,South,S,Spring,2.8,Yes,Standard,Yes,Yes,16,Venmo,Annually
907,41,Male,South Carolina,South,M,Spring,4.2,Yes,Standard,Yes,Yes,21,Debit Card,Bi-Weekly
908,32,Male,Missouri,South,L,Winter,4.4,Yes,Express,Yes,Yes,34,Credit Card,Bi-Weekly
909,26,Male,New Jersey,East,M,Winter,3.6,Yes,Free Shipping,Yes,Yes,9,PayPal,Every 3 Months
910,61,Male,Louisiana,South,L,Autumn,2.7,Yes,Express,Yes,Yes,36,PayPal,Weekly
911,49,Male,South Carolina,South,S,Spring,3.4,Yes,Express,Yes,Yes,22,Credit Card,Monthly
912,53,Male,Vermont,North,M,Winter,2.8,Yes,2-Day Shipping,Yes,Yes,2,Bank Transfer,Quarterly
913,24,Male,Arkansas,South,M,Winter,3.4,Yes,Next Day Air,Yes,Yes,32,Bank Transfer,Monthly
914,37,Male,Utah,West,M,Autumn,2.6,Yes,Next Day Air,Yes,Yes,29,Cash,Every 3 Months
915,43,Male,Washington,West,L,Summer,4.1,Yes,Standard,Yes,Yes,27,Venmo,Every 3 Months
916,31,Male,Rhode Island,East,L,Winter,2.9,Yes,Store Pickup,Yes,Yes,33,Credit Card,Fortnightly
917,49,Male,Illinois,North,S,Spring,2.7,Yes,Standard,Yes,Yes,16,Venmo,Monthly
918,69,Male,Missouri,South,M,Spring,3.7,Yes,Standard,Yes,Yes,11,Bank Transfer,Quarterly
919,65,Male,North Carolina,South,M,Spring,4.3,Yes,2-Day Shipping,Yes,Yes,11,Cash,Fortnightly
920,41,Male,Massachusetts,East,L,Winter,2.6,Yes,2-Day Shipping,Yes,Yes,17,Debit Card,Bi-Weekly
921,37,Male,Arkansas,South,XL,Summer,4.3,Yes,Free Shipping,Yes,Yes,37,Cash,Weekly
922,70,Male,South Dakota,North,L,Summer,4.1,Yes,Express,Yes,Yes,18,PayPal,Weekly
923,63,Male,Georgia,South,M,Autumn,4.2,Yes,Standard,Yes,Yes,13,Credit Card,Monthly
924,55,Male,Arkansas,South,M,Spring,4.2,Yes,2-Day Shipping,Yes,Yes,7,PayPal,Weekly
925,52,Male,Kansas,West,XL,Winter,3.1,Yes,Standard,Yes,Yes,37,Cash,Quarterly
926,22,Male,Arizona,West,L,Winter,4.9,Yes,Express,Yes,Yes,8,Cash,Monthly
927,54,Male,Massachusetts,East,XL,Spring,4.4,Yes,Express,Yes,Yes,11,Cash,Bi-Weekly
928,28,Male,New Mexico,West,L,Summer,4.4,Yes,Standard,Yes,Yes,8,Venmo,Bi-Weekly
929,67,Male,Arkansas,South,XL,Winter,3.4,Yes,Store Pickup,Yes,Yes,31,Cash,Every 3 Months
930,59,Male,Nebraska,North,M,Autumn,4.5,Yes,2-Day Shipping,Yes,Yes,26,Debit Card,Fortnightly
931,26,Male,Hawaii,West,L,Autumn,4.5,Yes,Store Pickup,Yes,Yes,20,Credit Card,Bi-Weekly
932,24,Male,Nebraska,North,M,Winter,4.1,Yes,Standard,Yes,Yes,24,Bank Transfer,Fortnightly
933,62,Male,Indiana,North,L,Winter,3.2,Yes,Standard,Yes,Yes,45,Debit Card,Bi-Weekly
934,70,Male,Colorado,West,M,Spring,2.7,Yes,Store Pickup,Yes,Yes,33,Debit Card,Monthly
935,45,Male,Oregon,West,S,Spring,3.7,Yes,Express,Yes,Yes,21,Bank Transfer,Monthly
936,58,Male,Ohio,East,L,Autumn,2.6,Yes,Store Pickup,Yes,Yes,2,Bank Transfer,Fortnightly
937,31,Male,Maine,North,M,Summer,2.7,Yes,Free Shipping,Yes,Yes,28,Cash,Weekly
938,32,Male,Iowa,west,M,Summer,2.7,Yes,Express,Yes,Yes,18,Venmo,Quarterly
939,36,Male,Wisconsin,North,S,Autumn,4.8,Yes,Free Shipping,Yes,Yes,21,Debit Card,Fortnightly
940,25,Male,New York,East,L,Winter,4.8,Yes,Next Day Air,Yes,Yes,24,Credit Card,Monthly
941,48,Male,Colorado,West,S,Spring,2.6,Yes,Store Pickup,Yes,Yes,15,PayPal,Every 3 Months
942,39,Male,Illinois,North,L,Winter,4.5,Yes,2-Day Shipping,Yes,Yes,38,PayPal,Every 3 Months
943,26,Male,Arizona,West,M,Winter,3.2,Yes,Express,Yes,Yes,38,PayPal,Bi-Weekly
944,32,Male,Oklahoma,South,L,Winter,3.8,Yes,Next Day Air,Yes,Yes,13,Venmo,Fortnightly
945,54,Male,Indiana,North,S,Spring,4.8,Yes,Express,Yes,Yes,39,Cash,Bi-Weekly
946,38,Male,Minnesota,North,M,Summer,4.1,Yes,Store Pickup,Yes,Yes,8,Venmo,Every 3 Months
947,46,Male,Pennsylvania,East,XL,Spring,2.8,Yes,Next Day Air,Yes,Yes,4,PayPal,Quarterly
948,57,Male,Indiana,North,M,Winter,3.9,Yes,Store Pickup,Yes,Yes,6,Cash,Every 3 Months
949,49,Male,Alabama,South,L,Summer,4.9,Yes,Express,Yes,Yes,11,Venmo,Every 3 Months
950,33,Male,Montana,West,M,Summer,3.4,Yes,Standard,Yes,Yes,49,Venmo,Monthly
951,54,Male,New Mexico,West,XL,Winter,4.1,Yes,Free Shipping,Yes,Yes,30,PayPal,Quarterly
952,47,Male,Alaska,West,M,Summer,2.9,Yes,Express,Yes,Yes,34,Bank Transfer,Monthly
953,36,Male,Idaho,West,S,Autumn,3.1,Yes,2-Day Shipping,Yes,Yes,28,PayPal,Monthly
954,68,Male,Utah,West,S,Spring,3.6,Yes,2-Day Shipping,Yes,Yes,36,Venmo,Quarterly
955,60,Male,Louisiana,South,S,Autumn,3.5,Yes,Standard,Yes,Yes,18,Credit Card,Every 3 Months
956,55,Male,Mississippi,South,L,Summer,3.4,Yes,Free Shipping,Yes,Yes,4,PayPal,Monthly
957,29,Male,Mississippi,South,XL,Spring,2.9,Yes,2-Day Shipping,Yes,Yes,42,Debit Card,Quarterly
958,38,Male,Indiana,North,XL,Spring,4.7,Yes,Store Pickup,Yes,Yes,11,Cash,Quarterly
959,70,Male,Washington,West,XL,Winter,4.4,Yes,Free Shipping,Yes,Yes,31,Credit Card,Bi-Weekly
960,36,Male,Nevada,West,M,Spring,2.6,Yes,Standard,Yes,Yes,12,Cash,Fortnightly
961,18,Male,Louisiana,South,XL,Spring,4.4,Yes,Standard,Yes,Yes,20,Venmo,Quarterly
962,62,Male,Pennsylvania,East,L,Autumn,3.7,Yes,Next Day Air,Yes,Yes,37,Debit Card,Quarterly
963,29,Male,Michigan,North,L,Spring,4.4,Yes,Standard,Yes,Yes,26,Debit Card,Fortnightly
964,21,Male,South Carolina,South,L,Spring,2.5,Yes,2-Day Shipping,Yes,Yes,14,Credit Card,Weekly
965,42,Male,Arizona,West,M,Spring,2.6,Yes,Next Day Air,Yes,Yes,12,Venmo,Bi-Weekly
966,43,Male,Delaware,East,L,Spring,5,Yes,Store Pickup,Yes,Yes,10,Credit Card,Annually
967,58,Male,Kentucky,South,M,Spring,4.9,Yes,Express,Yes,Yes,19,Cash,Annually
968,27,Male,Georgia,South,S,Summer,3.7,Yes,Store Pickup,Yes,Yes,4,Cash,Weekly
969,57,Male,North Carolina,South,L,Summer,3.1,Yes,Next Day Air,Yes,Yes,48,Bank Transfer,Quarterly
970,40,Male,California,West,S,Autumn,3.2,Yes,Express,Yes,Yes,37,PayPal,Monthly
971,45,Male,California,West,S,Winter,4.4,Yes,Free Shipping,Yes,Yes,4,Cash,Monthly
972,47,Male,Indiana,North,M,Summer,4.3,Yes,Next Day Air,Yes,Yes,15,Credit Card,Weekly
973,61,Male,Colorado,West,L,Winter,3,Yes,Standard,Yes,Yes,33,Credit Card,Weekly
974,60,Male,Colorado,West,M,Autumn,3.5,Yes,2-Day Shipping,Yes,Yes,30,Bank Transfer,Quarterly
975,69,Male,North Carolina,South,M,Spring,3.6,Yes,2-Day Shipping,Yes,Yes,23,Bank Transfer,Monthly
976,58,Male,Washington,West,M,Summer,3.8,Yes,2-Day Shipping,Yes,Yes,2,Bank Transfer,Weekly
977,34,Male,Florida,South,M,Autumn,3.6,Yes,Express,Yes,Yes,50,Credit Card,Every 3 Months
978,20,Male,Washington,West,M,Spring,4.6,Yes,Express,Yes,Yes,34,Cash,Bi-Weekly
979,56,Male,Colorado,West,M,Summer,2.5,Yes,Standard,Yes,Yes,33,Credit Card,Weekly
980,64,Male,New Hampshire,North,S,Autumn,3.5,Yes,Store Pickup,Yes,Yes,34,Debit Card,Monthly
981,56,Male,Maryland,East,S,Spring,4,Yes,Free Shipping,Yes,Yes,39,PayPal,Every 3 Months
982,27,Male,Maryland,East,M,Spring,3.5,Yes,Next Day Air,Yes,Yes,47,Credit Card,Quarterly
983,35,Male,Texas,South,S,Summer,3.2,Yes,Standard,Yes,Yes,37,PayPal,Monthly
984,24,Male,New Mexico,West,L,Winter,3.5,Yes,Free Shipping,Yes,Yes,40,Venmo,Bi-Weekly
985,26,Male,Utah,West,M,Summer,3.4,Yes,Free Shipping,Yes,Yes,8,Credit Card,Bi-Weekly
986,32,Male,West Virginia,South,M,Autumn,5,Yes,Express,Yes,Yes,12,Bank Transfer,Annually
987,54,Male,Connecticut,East,S,Spring,4.5,Yes,Store Pickup,Yes,Yes,36,Bank Transfer,Monthly
988,62,Male,West Virginia,South,M,Summer,2.8,Yes,Express,Yes,Yes,48,PayPal,Weekly
989,50,Male,Ohio,East,M,Winter,4.9,Yes,2-Day Shipping,Yes,Yes,47,PayPal,Fortnightly
990,70,Male,Texas,South,M,Spring,3.1,Yes,Store Pickup,Yes,Yes,2,Bank Transfer,Monthly
991,48,Male,Washington,West,S,Spring,4.8,Yes,Store Pickup,Yes,Yes,24,Cash,Weekly
992,20,Male,Wisconsin,North,XL,Spring,2.7,Yes,Standard,Yes,Yes,40,Bank Transfer,Bi-Weekly
993,46,Male,Louisiana,South,M,Winter,4.6,Yes,Express,Yes,Yes,50,Debit Card,Weekly
994,51,Male,Iowa,west,M,Winter,4.4,Yes,Store Pickup,Yes,Yes,25,Cash,Weekly
995,53,Male,New York,East,L,Autumn,3.2,Yes,Express,Yes,Yes,20,Debit Card,Monthly
996,44,Male,Idaho,West,M,Spring,3,Yes,2-Day Shipping,Yes,Yes,10,Venmo,Weekly
997,29,Male,Delaware,East,L,Summer,4.9,Yes,Standard,Yes,Yes,32,Bank Transfer,Quarterly
998,64,Male,Kentucky,South,M,Spring,3.6,Yes,Express,Yes,Yes,31,Cash,Fortnightly
999,51,Male,Connecticut,East,M,Spring,3.8,Yes,Next Day Air,Yes,Yes,48,Bank Transfer,Bi-Weekly
1000,50,Male,New Mexico,West,L,Spring,2.9,Yes,Standard,Yes,Yes,23,Debit Card,Monthly
1001,43,Male,Georgia,South,M,Winter,3.9,Yes,Express,Yes,Yes,1,Bank Transfer,Bi-Weekly
1002,61,Male,Washington,West,M,Autumn,3.6,Yes,Standard,Yes,Yes,4,Debit Card,Fortnightly
1003,55,Male,North Dakota,North,M,Spring,3.5,Yes,Store Pickup,Yes,Yes,3,Bank Transfer,Bi-Weekly
1004,56,Male,Ohio,East,M,Autumn,4,Yes,Store Pickup,Yes,Yes,3,Cash,Bi-Weekly
1005,33,Male,Tennessee,South,M,Summer,4.8,Yes,2-Day Shipping,Yes,Yes,44,Cash,Annually
1006,43,Male,New York,East,M,Winter,3.9,Yes,Store Pickup,Yes,Yes,5,Debit Card,Bi-Weekly
1007,21,Male,Michigan,North,S,Summer,4.5,Yes,Next Day Air,Yes,Yes,50,Venmo,Quarterly
1008,58,Male,Georgia,South,XL,Spring,4.8,Yes,Standard,Yes,Yes,2,Credit Card,Annually
1009,41,Male,New Mexico,West,M,Spring,2.6,Yes,Store Pickup,Yes,Yes,29,PayPal,Annually
1010,39,Male,Louisiana,South,M,Summer,3.1,Yes,Express,Yes,Yes,11,Venmo,Annually
1011,54,Male,South Dakota,North,XL,Spring,4.7,Yes,2-Day Shipping,Yes,Yes,37,Credit Card,Fortnightly
1012,43,Male,Montana,West,L,Spring,2.9,Yes,Next Day Air,Yes,Yes,32,Debit Card,Fortnightly
1013,28,Male,New Mexico,West,L,Summer,3.8,Yes,Express,Yes,Yes,27,Credit Card,Annually
1014,59,Male,South Carolina,South,XL,Summer,3.8,Yes,2-Day Shipping,Yes,Yes,31,Venmo,Bi-Weekly
1015,28,Male,Ohio,East,M,Summer,3,Yes,Standard,Yes,Yes,36,Debit Card,Fortnightly
1016,68,Male,North Carolina,South,M,Summer,4.1,Yes,Standard,Yes,Yes,34,Cash,Weekly
1017,20,Male,Idaho,West,XL,Summer,3.4,Yes,Express,Yes,Yes,15,Bank Transfer,Every 3 Months
1018,21,Male,Oklahoma,South,L,Autumn,2.5,Yes,Express,Yes,Yes,14,Credit Card,Annually
1019,50,Male,Georgia,South,XL,Spring,4.9,Yes,Next Day Air,Yes,Yes,46,Cash,Weekly
1020,32,Male,Kentucky,South,S,Winter,2.8,Yes,Standard,Yes,Yes,33,Venmo,Bi-Weekly
1021,24,Male,Delaware,East,M,Autumn,4.5,Yes,Express,Yes,Yes,41,Debit Card,Annually
1022,55,Male,Massachusetts,East,S,Winter,4.9,Yes,2-Day Shipping,Yes,Yes,39,PayPal,Weekly
1023,61,Male,Nebraska,North,M,Winter,4.9,Yes,Store Pickup,Yes,Yes,7,Cash,Annually
1024,61,Male,Maine,North,S,Winter,3.5,Yes,Free Shipping,Yes,Yes,29,Bank Transfer,Every 3 Months
1025,28,Male,Pennsylvania,East,M,Summer,3.5,Yes,Free Shipping,Yes,Yes,18,Venmo,Quarterly
1026,60,Male,Nebraska,North,M,Winter,4.9,Yes,Free Shipping,Yes,Yes,15,Credit Card,Annually
1027,49,Male,Virginia,South,L,Winter,3,Yes,Express,Yes,Yes,39,PayPal,Bi-Weekly
1028,33,Male,Ohio,East,L,Summer,2.8,Yes,Next Day Air,Yes,Yes,11,Cash,Monthly
1029,45,Male,Nebraska,North,S,Summer,3.7,Yes,Standard,Yes,Yes,4,Cash,Fortnightly
1030,29,Male,Ohio,East,M,Spring,3.6,Yes,2-Day Shipping,Yes,Yes,33,Venmo,Bi-Weekly
1031,58,Male,Kentucky,South,L,Winter,3.3,Yes,Next Day Air,Yes,Yes,37,Debit Card,Quarterly
1032,22,Male,Tennessee,South,M,Spring,3.4,Yes,Free Shipping,Yes,Yes,32,Cash,Quarterly
1033,55,Male,Maine,North,M,Autumn,4,Yes,Free Shipping,Yes,Yes,44,Credit Card,Quarterly
1034,19,Male,Montana,West,S,Spring,4.6,Yes,Free Shipping,Yes,Yes,41,Bank Transfer,Quarterly
1035,68,Male,Maryland,East,M,Autumn,4.2,Yes,Next Day Air,Yes,Yes,44,Bank Transfer,Weekly
1036,61,Male,Georgia,South,M,Autumn,2.8,Yes,Express,Yes,Yes,32,Venmo,Annually
1037,68,Male,Hawaii,West,M,Autumn,3.7,Yes,2-Day Shipping,Yes,Yes,13,Bank Transfer,Monthly
1038,52,Male,Rhode Island,East,XL,Spring,3.4,Yes,Standard,Yes,Yes,48,Debit Card,Quarterly
1039,41,Male,Nebraska,North,XL,Autumn,3,Yes,Express,Yes,Yes,3,Bank Transfer,Weekly
1040,29,Male,Michigan,North,M,Autumn,4.8,Yes,Standard,Yes,Yes,39,Venmo,Monthly
1041,68,Male,North Carolina,South,S,Autumn,4,Yes,Next Day Air,Yes,Yes,7,Cash,Fortnightly
1042,36,Male,Minnesota,North,M,Summer,4.9,Yes,Next Day Air,Yes,Yes,11,Cash,Fortnightly
1043,55,Male,Maryland,East,M,Spring,4.9,Yes,Next Day Air,Yes,Yes,47,Credit Card,Weekly
1044,28,Male,Hawaii,West,M,Spring,3.3,Yes,2-Day Shipping,Yes,Yes,28,Debit Card,Fortnightly
1045,39,Male,Oregon,West,L,Summer,4.4,Yes,Next Day Air,Yes,Yes,17,Bank Transfer,Every 3 Months
1046,54,Male,New Mexico,West,L,Autumn,3.5,Yes,2-Day Shipping,Yes,Yes,11,PayPal,Bi-Weekly
1047,40,Male,Illinois,North,M,Winter,4.2,Yes,Standard,Yes,Yes,12,Venmo,Annually
1048,31,Male,Utah,West,S,Autumn,4.2,Yes,Standard,Yes,Yes,7,Credit Card,Fortnightly
1049,30,Male,Maine,North,L,Autumn,2.7,Yes,Standard,Yes,Yes,19,Venmo,Fortnightly
1050,45,Male,Virginia,South,S,Autumn,2.8,Yes,Store Pickup,Yes,Yes,24,Cash,Quarterly
1051,48,Male,Florida,South,M,Winter,3.8,Yes,Next Day Air,Yes,Yes,19,Venmo,Monthly
1052,45,Male,Ohio,East,M,Autumn,2.6,Yes,Free Shipping,Yes,Yes,39,PayPal,Annually
1053,60,Male,Virginia,South,XL,Autumn,3,Yes,2-Day Shipping,Yes,Yes,1,Credit Card,Fortnightly
1054,59,Male,Kansas,West,M,Spring,3.3,No,2-Day Shipping,Yes,Yes,10,Debit Card,Bi-Weekly
1055,18,Male,Arkansas,South,L,Winter,4.9,No,Express,Yes,Yes,48,PayPal,Quarterly
1056,70,Male,Massachusetts,East,M,Spring,3.3,No,Next Day Air,Yes,Yes,24,Debit Card,Annually
1057,20,Male,Idaho,West,L,Winter,2.9,No,2-Day Shipping,Yes,Yes,42,Venmo,Fortnightly
1058,65,Male,Wisconsin,North,S,Spring,4.4,No,2-Day Shipping,Yes,Yes,20,Credit Card,Weekly
1059,29,Male,New Mexico,West,L,Summer,3.1,No,Next Day Air,Yes,Yes,49,Bank Transfer,Every 3 Months
1060,22,Male,North Carolina,South,M,Winter,2.5,No,Standard,Yes,Yes,25,Debit Card,Monthly
1061,27,Male,Iowa,west,S,Summer,2.6,No,Next Day Air,Yes,Yes,21,Debit Card,Every 3 Months
1062,36,Male,Idaho,West,M,Summer,4.4,No,Free Shipping,Yes,Yes,12,Venmo,Every 3 Months
1063,59,Male,Ohio,East,M,Autumn,2.6,No,Next Day Air,Yes,Yes,21,Debit Card,Every 3 Months
1064,62,Male,Alabama,South,S,Summer,3.3,No,Free Shipping,Yes,Yes,35,Cash,Monthly
1065,34,Male,Wyoming,West,M,Spring,3.5,No,Express,Yes,Yes,42,Credit Card,Every 3 Months
1066,59,Male,Alabama,South,XL,Spring,4.1,No,Store Pickup,Yes,Yes,3,PayPal,Every 3 Months
1067,49,Male,Mississippi,South,M,Winter,4,No,Store Pickup,Yes,Yes,11,PayPal,Bi-Weekly
1068,18,Male,Pennsylvania,East,S,Summer,2.7,No,2-Day Shipping,Yes,Yes,22,PayPal,Quarterly
1069,55,Male,Wyoming,West,M,Autumn,2.5,No,Standard,Yes,Yes,47,Credit Card,Weekly
1070,38,Male,Maryland,East,XL,Autumn,4.3,No,Next Day Air,Yes,Yes,33,Venmo,Every 3 Months
1071,50,Male,North Carolina,South,M,Summer,3.3,No,Free Shipping,Yes,Yes,50,Debit Card,Weekly
1072,61,Male,Pennsylvania,East,M,Summer,2.6,No,Express,Yes,Yes,46,Credit Card,Monthly
1073,48,Male,Idaho,West,L,Autumn,3.5,No,Express,Yes,Yes,34,Debit Card,Fortnightly
1074,22,Male,California,West,XL,Spring,4,No,Store Pickup,Yes,Yes,33,Credit Card,Monthly
1075,48,Male,Tennessee,South,S,Autumn,2.6,No,Standard,Yes,Yes,45,Bank Transfer,Fortnightly
1076,57,Male,Missouri,South,L,Summer,4.9,No,Next Day Air,Yes,Yes,32,Debit Card,Bi-Weekly
1077,33,Male,North Dakota,North,L,Spring,2.9,No,Standard,Yes,Yes,47,Venmo,Bi-Weekly
1078,58,Male,West Virginia,South,M,Winter,3.7,No,Standard,Yes,Yes,5,PayPal,Quarterly
1079,37,Male,Arizona,West,M,Autumn,4.4,No,Express,Yes,Yes,49,Credit Card,Fortnightly
1080,18,Male,Oklahoma,South,S,Summer,4.4,No,Free Shipping,Yes,Yes,48,Bank Transfer,Monthly
1081,65,Male,Pennsylvania,East,L,Autumn,3.8,No,Express,Yes,Yes,22,Cash,Every 3 Months
1082,62,Male,Idaho,West,XL,Spring,4.5,No,Standard,Yes,Yes,45,Credit Card,Annually
1083,54,Male,South Carolina,South,XL,Winter,2.6,No,Next Day Air,Yes,Yes,30,Venmo,Quarterly
1084,35,Male,Washington,West,L,Summer,3.3,No,Store Pickup,Yes,Yes,43,Cash,Weekly
1085,34,Male,Arkansas,South,S,Autumn,4.1,No,Next Day Air,Yes,Yes,48,Cash,Quarterly
1086,25,Male,Utah,West,M,Winter,3,No,Store Pickup,Yes,Yes,23,Venmo,Fortnightly
1087,53,Male,Alaska,West,M,Winter,3,No,Free Shipping,Yes,Yes,27,PayPal,Bi-Weekly
1088,45,Male,West Virginia,South,S,Winter,3.4,No,Next Day Air,Yes,Yes,7,Bank Transfer,Monthly
1089,49,Male,Louisiana,South,M,Winter,2.7,No,Free Shipping,Yes,Yes,2,PayPal,Weekly
1090,40,Male,Arizona,West,M,Spring,3.8,No,Next Day Air,Yes,Yes,33,PayPal,Bi-Weekly
1091,38,Male,Connecticut,East,M,Spring,4.2,No,Store Pickup,Yes,Yes,27,Cash,Fortnightly
1092,44,Male,North Carolina,South,L,Spring,4.7,No,Store Pickup,Yes,Yes,6,Credit Card,Fortnightly
1093,68,Male,South Dakota,North,L,Spring,4.1,No,2-Day Shipping,Yes,Yes,20,Venmo,Quarterly
1094,60,Male,Delaware,East,S,Winter,4.2,No,2-Day Shipping,Yes,Yes,46,Venmo,Every 3 Months
1095,25,Male,Connecticut,East,M,Winter,4.8,No,Next Day Air,Yes,Yes,25,Cash,Quarterly
1096,19,Male,Tennessee,South,S,Summer,3,No,Free Shipping,Yes,Yes,30,Bank Transfer,Quarterly
1097,57,Male,New Hampshire,North,S,Autumn,2.6,No,Standard,Yes,Yes,48,Credit Card,Annually
1098,58,Male,Vermont,North,M,Summer,3.2,No,Store Pickup,Yes,Yes,47,Bank Transfer,Weekly
1099,49,Male,Idaho,West,S,Spring,3.6,No,Next Day Air,Yes,Yes,27,Credit Card,Weekly
1100,19,Male,North Carolina,South,M,Autumn,2.6,No,Next Day Air,Yes,Yes,45,Bank Transfer,Fortnightly
1101,50,Male,Nevada,West,L,Spring,4.4,No,Express,Yes,Yes,2,Credit Card,Weekly
1102,30,Male,Delaware,East,XL,Autumn,3,No,Free Shipping,Yes,Yes,39,Cash,Fortnightly
1103,52,Male,Texas,South,M,Autumn,2.9,No,Express,Yes,Yes,24,Cash,Fortnightly
1104,35,Male,Tennessee,South,S,Spring,4.3,No,Free Shipping,Yes,Yes,8,Debit Card,Bi-Weekly
1105,35,Male,Delaware,East,M,Autumn,3.1,No,Express,Yes,Yes,8,Bank Transfer,Quarterly
1106,33,Male,Massachusetts,East,S,Spring,3,No,Next Day Air,Yes,Yes,6,Venmo,Every 3 Months
1107,52,Male,Minnesota,North,L,Winter,3.6,No,Store Pickup,Yes,Yes,12,Venmo,Fortnightly
1108,69,Male,Texas,South,M,Autumn,2.8,No,Store Pickup,Yes,Yes,26,Bank Transfer,Weekly
1109,27,Male,Nebraska,North,M,Autumn,2.8,No,Standard,Yes,Yes,50,Cash,Fortnightly
1110,66,Male,Oklahoma,South,L,Winter,4.9,No,Next Day Air,Yes,Yes,2,Venmo,Weekly
1111,28,Male,Texas,South,L,Autumn,3,No,Standard,Yes,Yes,31,Cash,Bi-Weekly
1112,22,Male,New York,East,S,Summer,4.1,No,Next Day Air,Yes,Yes,4,Credit Card,Bi-Weekly
1113,69,Male,Washington,West,XL,Spring,4.6,No,Free Shipping,Yes,Yes,32,PayPal,Quarterly
1114,28,Male,Maryland,East,M,Summer,4.8,No,Next Day Air,Yes,Yes,11,PayPal,Bi-Weekly
1115,55,Male,New Hampshire,North,L,Autumn,2.6,No,Next Day Air,Yes,Yes,47,Bank Transfer,Every 3 Months
1116,30,Male,New York,East,S,Autumn,4,No,2-Day Shipping,Yes,Yes,37,Cash,Weekly
1117,67,Male,Hawaii,West,M,Winter,4.2,No,Express,Yes,Yes,39,PayPal,Fortnightly
1118,25,Male,California,West,L,Spring,4.5,No,Store Pickup,Yes,Yes,24,Credit Card,Monthly
1119,49,Male,Indiana,North,M,Summer,4.9,No,Standard,Yes,Yes,11,PayPal,Every 3 Months
1120,34,Male,Louisiana,South,M,Spring,3.1,No,Standard,Yes,Yes,36,Credit Card,Weekly
1121,22,Male,Pennsylvania,East,M,Winter,4,No,Next Day Air,Yes,Yes,40,Debit Card,Monthly
1122,63,Male,Florida,South,XL,Autumn,3.2,No,Express,Yes,Yes,25,Cash,Quarterly
1123,70,Male,North Carolina,South,S,Spring,4.3,No,2-Day Shipping,Yes,Yes,12,Credit Card,Annually
1124,36,Male,Massachusetts,East,S,Autumn,2.5,No,Store Pickup,Yes,Yes,38,Cash,Monthly
1125,42,Male,Iowa,west,M,Spring,4.9,No,Express,Yes,Yes,40,Cash,Quarterly
1126,27,Male,North Dakota,North,M,Summer,2.7,No,2-Day Shipping,Yes,Yes,10,Bank Transfer,Weekly
1127,23,Male,Iowa,west,L,Winter,3.4,No,Standard,Yes,Yes,47,Venmo,Fortnightly
1128,50,Male,Delaware,East,XL,Spring,4.8,No,Store Pickup,Yes,Yes,22,Debit Card,Monthly
1129,56,Male,New York,East,L,Winter,4.7,No,Next Day Air,Yes,Yes,35,Debit Card,Monthly
1130,37,Male,New Hampshire,North,XL,Winter,4.7,No,Express,Yes,Yes,46,Venmo,Fortnightly
1131,67,Male,Kentucky,South,M,Summer,3.9,No,Standard,Yes,Yes,30,PayPal,Bi-Weekly
1132,67,Male,Illinois,North,M,Spring,3.7,No,Express,Yes,Yes,20,Bank Transfer,Monthly
1133,50,Male,North Carolina,South,S,Spring,4.3,No,Store Pickup,Yes,Yes,25,Cash,Fortnightly
1134,36,Male,Connecticut,East,XL,Winter,4.1,No,2-Day Shipping,Yes,Yes,29,Cash,Weekly
1135,62,Male,Wisconsin,North,M,Summer,4.6,No,Express,Yes,Yes,2,Venmo,Every 3 Months
1136,65,Male,Massachusetts,East,L,Winter,3.6,No,2-Day Shipping,Yes,Yes,32,Bank Transfer,Quarterly
1137,23,Male,Illinois,North,S,Summer,4.8,No,Free Shipping,Yes,Yes,37,Cash,Monthly
1138,46,Male,New Mexico,West,XL,Winter,2.8,No,2-Day Shipping,Yes,Yes,16,Bank Transfer,Every 3 Months
1139,18,Male,Iowa,west,M,Summer,4.7,No,Express,Yes,Yes,32,Venmo,Fortnightly
1140,58,Male,Alabama,South,L,Spring,3.9,No,Standard,Yes,Yes,42,Debit Card,Bi-Weekly
1141,31,Male,Maryland,East,M,Winter,2.6,No,Store Pickup,Yes,Yes,6,Credit Card,Every 3 Months
1142,39,Male,Ohio,East,S,Winter,4.7,No,Next Day Air,Yes,Yes,23,PayPal,Fortnightly
1143,69,Male,Ohio,East,L,Spring,3.5,No,Store Pickup,Yes,Yes,27,Venmo,Bi-Weekly
1144,68,Male,Nevada,West,L,Winter,4.4,No,Standard,Yes,Yes,43,PayPal,Quarterly
1145,41,Male,South Carolina,South,S,Autumn,4.4,No,2-Day Shipping,Yes,Yes,25,Bank Transfer,Fortnightly
1146,31,Male,Nevada,West,L,Summer,3,No,Express,Yes,Yes,30,Cash,Every 3 Months
1147,48,Male,Wisconsin,North,M,Summer,4.2,No,Standard,Yes,Yes,7,Bank Transfer,Every 3 Months
1148,59,Male,Tennessee,South,XL,Winter,4.3,No,Next Day Air,Yes,Yes,17,Debit Card,Annually
1149,34,Male,Florida,South,M,Spring,2.6,No,Store Pickup,Yes,Yes,10,PayPal,Fortnightly
1150,21,Male,Georgia,South,L,Spring,3.3,No,Store Pickup,Yes,Yes,40,Venmo,Annually
1151,29,Male,Kentucky,South,S,Winter,2.7,No,Next Day Air,Yes,Yes,50,Venmo,Bi-Weekly
1152,41,Male,Ohio,East,M,Spring,4.2,No,Express,Yes,Yes,24,Credit Card,Weekly
1153,62,Male,Connecticut,East,M,Autumn,4,No,Standard,Yes,Yes,8,PayPal,Every 3 Months
1154,27,Male,Idaho,West,M,Summer,4,No,Free Shipping,Yes,Yes,6,Bank Transfer,Quarterly
1155,49,Male,Georgia,South,L,Spring,2.9,No,2-Day Shipping,Yes,Yes,44,Credit Card,Bi-Weekly
1156,67,Male,Tennessee,South,S,Autumn,2.6,No,Express,Yes,Yes,47,PayPal,Quarterly
1157,20,Male,Hawaii,West,M,Summer,4.8,No,Express,Yes,Yes,6,Venmo,Every 3 Months
1158,37,Male,Maryland,East,M,Autumn,4.4,No,Standard,Yes,Yes,11,Cash,Quarterly
1159,69,Male,Nevada,West,L,Summer,4,No,2-Day Shipping,Yes,Yes,41,Bank Transfer,Annually
1160,66,Male,New Hampshire,North,L,Autumn,3.6,No,2-Day Shipping,Yes,Yes,46,Venmo,Every 3 Months
1161,37,Male,North Dakota,North,S,Summer,3.2,No,Next Day Air,Yes,Yes,9,Venmo,Bi-Weekly
1162,63,Male,Oklahoma,South,S,Autumn,3.1,No,2-Day Shipping,Yes,Yes,37,PayPal,Monthly
1163,47,Male,North Carolina,South,M,Winter,4.2,No,Express,Yes,Yes,13,PayPal,Weekly
1164,26,Male,Tennessee,South,L,Summer,3,No,2-Day Shipping,Yes,Yes,24,Debit Card,Monthly
1165,68,Male,Montana,West,M,Winter,4.2,No,Standard,Yes,Yes,47,PayPal,Quarterly
1166,51,Male,Wisconsin,North,M,Winter,2.9,No,Next Day Air,Yes,Yes,21,Venmo,Every 3 Months
1167,48,Male,Connecticut,East,S,Winter,3.7,No,Store Pickup,Yes,Yes,22,Venmo,Fortnightly
1168,60,Male,New Jersey,East,XL,Summer,3.6,No,Free Shipping,Yes,Yes,16,PayPal,Quarterly
1169,68,Male,Mississippi,South,L,Summer,3.6,No,Standard,Yes,Yes,37,Debit Card,Fortnightly
1170,25,Male,Wyoming,West,S,Autumn,4.5,No,2-Day Shipping,Yes,Yes,3,Cash,Annually
1171,57,Male,Illinois,North,S,Spring,3.2,No,Express,Yes,Yes,33,Cash,Bi-Weekly
1172,41,Male,Louisiana,South,M,Spring,3.9,No,Next Day Air,Yes,Yes,15,Debit Card,Annually
1173,59,Male,Oregon,West,L,Spring,4.6,No,Store Pickup,Yes,Yes,42,Bank Transfer,Bi-Weekly
1174,44,Male,South Dakota,North,M,Winter,2.5,No,Express,Yes,Yes,42,Cash,Bi-Weekly
1175,42,Male,Michigan,North,M,Winter,4.3,No,Express,Yes,Yes,19,Bank Transfer,Bi-Weekly
1176,35,Male,New Jersey,East,M,Spring,4.1,No,Store Pickup,Yes,Yes,26,PayPal,Quarterly
1177,36,Male,Oregon,West,M,Winter,4.6,No,Free Shipping,Yes,Yes,39,PayPal,Quarterly
1178,54,Male,Iowa,west,M,Spring,4.8,No,Standard,Yes,Yes,24,Debit Card,Monthly
1179,37,Male,South Carolina,South,M,Spring,4.9,No,Express,Yes,Yes,23,Debit Card,Annually
1180,20,Male,Indiana,North,M,Summer,2.8,No,Free Shipping,Yes,Yes,44,Bank Transfer,Annually
1181,23,Male,Oregon,West,S,Spring,4.9,No,Standard,Yes,Yes,34,Cash,Monthly
1182,61,Male,New York,East,L,Summer,3.5,No,Free Shipping,Yes,Yes,43,Bank Transfer,Quarterly
1183,37,Male,New Mexico,West,M,Spring,3.8,No,Express,Yes,Yes,45,PayPal,Quarterly
1184,23,Male,Louisiana,South,M,Spring,4.5,No,2-Day Shipping,Yes,Yes,4,Credit Card,Weekly
1185,63,Male,South Carolina,South,S,Autumn,3.4,No,Express,Yes,Yes,19,Credit Card,Annually
1186,47,Male,Maine,North,M,Spring,3.9,No,Standard,Yes,Yes,29,Credit Card,Monthly
1187,63,Male,Indiana,North,M,Summer,4.1,No,2-Day Shipping,Yes,Yes,27,Credit Card,Annually
1188,56,Male,Iowa,west,L,Autumn,3,No,Express,Yes,Yes,37,Credit Card,Every 3 Months
1189,68,Male,Mississippi,South,M,Summer,3.3,No,Next Day Air,Yes,Yes,11,Credit Card,Weekly
1190,64,Male,Arkansas,South,XL,Summer,4.9,No,Free Shipping,Yes,Yes,28,Debit Card,Annually
1191,62,Male,South Carolina,South,M,Winter,4.3,No,Next Day Air,Yes,Yes,31,Credit Card,Weekly
1192,34,Male,Indiana,North,L,Winter,4.1,No,Free Shipping,Yes,Yes,50,Venmo,Quarterly
1193,49,Male,Florida,South,M,Summer,4,No,2-Day Shipping,Yes,Yes,42,Venmo,Quarterly
1194,40,Male,Alaska,West,L,Autumn,5,No,2-Day Shipping,Yes,Yes,18,Credit Card,Fortnightly
1195,50,Male,New York,East,S,Winter,3.1,No,2-Day Shipping,Yes,Yes,6,Credit Card,Fortnightly
1196,25,Male,Texas,South,M,Winter,4,No,2-Day Shipping,Yes,Yes,33,Venmo,Monthly
1197,30,Male,North Dakota,North,M,Winter,3.2,No,2-Day Shipping,Yes,Yes,13,Bank Transfer,Bi-Weekly
1198,54,Male,Vermont,North,L,Autumn,3.9,No,Standard,Yes,Yes,26,PayPal,Annually
1199,40,Male,New Jersey,East,M,Summer,3.9,No,2-Day Shipping,Yes,Yes,17,Cash,Annually
1200,49,Male,Maryland,East,M,Autumn,4.5,No,Free Shipping,Yes,Yes,3,Debit Card,Weekly
1201,27,Male,Connecticut,East,XL,Winter,4.4,No,Store Pickup,Yes,Yes,7,PayPal,Weekly
1202,27,Male,Illinois,North,XL,Summer,3.1,No,2-Day Shipping,Yes,Yes,46,Venmo,Fortnightly
1203,48,Male,Maryland,East,S,Spring,2.9,No,Standard,Yes,Yes,14,Venmo,Every 3 Months
1204,40,Male,Minnesota,North,M,Winter,3.7,No,Free Shipping,Yes,Yes,23,Bank Transfer,Annually
1205,67,Male,Florida,South,M,Spring,3.2,No,2-Day Shipping,Yes,Yes,20,Credit Card,Every 3 Months
1206,52,Male,California,West,M,Spring,3.5,No,Standard,Yes,Yes,38,Bank Transfer,Fortnightly
1207,22,Male,Mississippi,South,S,Autumn,3,No,Free Shipping,Yes,Yes,16,Venmo,Every 3 Months
1208,62,Male,Washington,West,M,Summer,4.1,No,Next Day Air,Yes,Yes,48,Credit Card,Every 3 Months
1209,20,Male,Wisconsin,North,S,Winter,2.9,No,2-Day Shipping,Yes,Yes,8,Debit Card,Annually
1210,41,Male,Pennsylvania,East,M,Winter,3.8,No,Next Day Air,Yes,Yes,16,Bank Transfer,Monthly
1211,34,Male,Missouri,South,M,Autumn,4.1,No,Next Day Air,Yes,Yes,5,Cash,Quarterly
1212,23,Male,Oklahoma,South,M,Spring,4.6,No,Store Pickup,Yes,Yes,14,Venmo,Every 3 Months
1213,32,Male,Pennsylvania,East,M,Summer,2.5,No,Free Shipping,Yes,Yes,18,Credit Card,Weekly
1214,68,Male,Kentucky,South,XL,Spring,3.7,No,Express,Yes,Yes,14,Debit Card,Every 3 Months
1215,30,Male,Vermont,North,M,Autumn,3.8,No,Free Shipping,Yes,Yes,5,Cash,Every 3 Months
1216,66,Male,Oregon,West,L,Winter,2.6,No,2-Day Shipping,Yes,Yes,15,Credit Card,Every 3 Months
1217,62,Male,Utah,West,XL,Summer,3.7,No,Free Shipping,Yes,Yes,3,Venmo,Every 3 Months
1218,50,Male,Nebraska,North,XL,Autumn,2.6,No,Free Shipping,Yes,Yes,12,Cash,Every 3 Months
1219,55,Male,Pennsylvania,East,M,Spring,3.1,No,Store Pickup,Yes,Yes,43,Cash,Every 3 Months
1220,19,Male,Vermont,North,M,Winter,2.5,No,Next Day Air,Yes,Yes,35,Credit Card,Bi-Weekly
1221,67,Male,Kentucky,South,M,Winter,4.9,No,Express,Yes,Yes,36,Bank Transfer,Quarterly
1222,18,Male,Iowa,west,M,Winter,4.5,No,Standard,Yes,Yes,3,Cash,Quarterly
1223,58,Male,Indiana,North,L,Autumn,3.4,No,Store Pickup,Yes,Yes,27,Bank Transfer,Annually
1224,69,Male,Kansas,West,L,Winter,3.9,No,Free Shipping,Yes,Yes,21,Bank Transfer,Weekly
1225,62,Male,Illinois,North,M,Summer,3.7,No,Store Pickup,Yes,Yes,18,Venmo,Weekly
1226,28,Male,North Carolina,South,S,Autumn,2.6,No,Free Shipping,Yes,Yes,16,Debit Card,Weekly
1227,53,Male,Ohio,East,S,Autumn,3.4,No,Store Pickup,Yes,Yes,18,Venmo,Bi-Weekly
1228,27,Male,Illinois,North,L,Spring,4.9,No,Store Pickup,Yes,Yes,19,Bank Transfer,Bi-Weekly
1229,55,Male,Indiana,North,S,Winter,3.9,No,Express,Yes,Yes,1,Cash,Annually
1230,34,Male,Kansas,West,XL,Winter,3.6,No,Express,Yes,Yes,39,Bank Transfer,Annually
1231,25,Male,Illinois,North,L,Spring,4.6,No,Standard,Yes,Yes,49,Venmo,Monthly
1232,66,Male,Pennsylvania,East,M,Spring,4,No,2-Day Shipping,Yes,Yes,43,Credit Card,Fortnightly
1233,57,Male,New York,East,M,Summer,3.6,No,Free Shipping,Yes,Yes,31,Debit Card,Every 3 Months
1234,46,Male,Utah,West,L,Winter,3.5,No,Next Day Air,Yes,Yes,40,Venmo,Every 3 Months
1235,38,Male,New Jersey,East,M,Autumn,4.1,No,Store Pickup,Yes,Yes,2,Bank Transfer,Bi-Weekly
1236,23,Male,Idaho,West,M,Spring,3,No,Store Pickup,Yes,Yes,46,PayPal,Every 3 Months
1237,42,Male,New Mexico,West,M,Summer,4.4,No,Store Pickup,Yes,Yes,35,Debit Card,Every 3 Months
1238,25,Male,Michigan,North,S,Spring,4.4,No,2-Day Shipping,Yes,Yes,42,Credit Card,Quarterly
1239,55,Male,Wyoming,West,M,Winter,3.7,No,Express,Yes,Yes,3,Venmo,Fortnightly
1240,62,Male,New Jersey,East,XL,Spring,4.8,No,Standard,Yes,Yes,32,Debit Card,Every 3 Months
1241,41,Male,New Jersey,East,L,Winter,2.9,No,Store Pickup,Yes,Yes,48,Debit Card,Annually
1242,58,Male,Hawaii,West,XL,Winter,3.1,No,Express,Yes,Yes,34,Credit Card,Weekly
1243,56,Male,Nevada,West,M,Summer,4,No,Next Day Air,Yes,Yes,15,Bank Transfer,Quarterly
1244,25,Male,New Hampshire,North,S,Spring,3,No,Store Pickup,Yes,Yes,22,Debit Card,Annually
1245,70,Male,Indiana,North,S,Summer,3.9,No,2-Day Shipping,Yes,Yes,2,Cash,Monthly
1246,42,Male,New York,East,M,Autumn,3.4,No,Standard,Yes,Yes,30,Bank Transfer,Weekly
1247,27,Male,Louisiana,South,M,Winter,2.7,No,Standard,Yes,Yes,27,Cash,Monthly
1248,65,Male,Virginia,South,M,Spring,3.5,No,Express,Yes,Yes,18,Venmo,Bi-Weekly
1249,62,Male,Wisconsin,North,XL,Winter,3,No,Free Shipping,Yes,Yes,8,Credit Card,Annually
1250,62,Male,Oregon,West,M,Winter,4.5,No,Express,Yes,Yes,48,Venmo,Fortnightly
1251,52,Male,New Hampshire,North,XL,Winter,4.1,No,Free Shipping,Yes,Yes,24,Cash,Monthly
1252,56,Male,Indiana,North,XL,Spring,5,No,Next Day Air,Yes,Yes,43,Credit Card,Monthly
1253,28,Male,Massachusetts,East,L,Autumn,4,No,Standard,Yes,Yes,8,Cash,Quarterly
1254,39,Male,Montana,West,XL,Winter,4.9,No,Express,Yes,Yes,49,PayPal,Annually
1255,54,Male,California,West,XL,Spring,3.3,No,2-Day Shipping,Yes,Yes,2,Credit Card,Bi-Weekly
1256,30,Male,Indiana,North,M,Autumn,4.1,No,Standard,Yes,Yes,38,Cash,Fortnightly
1257,45,Male,West Virginia,South,S,Winter,3.6,No,Express,Yes,Yes,4,Cash,Fortnightly
1258,68,Male,Minnesota,North,L,Spring,3,No,Free Shipping,Yes,Yes,31,Cash,Every 3 Months
1259,47,Male,Ohio,East,XL,Spring,4.1,No,2-Day Shipping,Yes,Yes,34,Debit Card,Every 3 Months
1260,68,Male,Minnesota,North,M,Autumn,3.9,No,Standard,Yes,Yes,45,Credit Card,Monthly
1261,63,Male,Virginia,South,XL,Spring,4.1,No,Store Pickup,Yes,Yes,30,Debit Card,Quarterly
1262,20,Male,Connecticut,East,L,Summer,2.8,No,Next Day Air,Yes,Yes,2,Credit Card,Fortnightly
1263,29,Male,Tennessee,South,L,Winter,4.8,No,Store Pickup,Yes,Yes,44,Venmo,Monthly
1264,41,Male,Delaware,East,L,Winter,4.6,No,2-Day Shipping,Yes,Yes,1,Credit Card,Bi-Weekly
1265,52,Male,Vermont,North,S,Winter,2.5,No,Next Day Air,Yes,Yes,1,Venmo,Bi-Weekly
1266,32,Male,Louisiana,South,M,Spring,2.7,No,Next Day Air,Yes,Yes,27,Bank Transfer,Weekly
1267,20,Male,North Dakota,North,M,Autumn,4,No,Standard,Yes,Yes,14,Debit Card,Every 3 Months
1268,47,Male,Oregon,West,S,Spring,2.7,No,Standard,Yes,Yes,41,Cash,Weekly
1269,23,Male,Idaho,West,XL,Winter,2.9,No,Next Day Air,Yes,Yes,25,Debit Card,Bi-Weekly
1270,43,Male,Vermont,North,M,Spring,3,No,Standard,Yes,Yes,47,PayPal,Quarterly
1271,67,Male,West Virginia,South,M,Autumn,3.3,No,Standard,Yes,Yes,20,Cash,Annually
1272,70,Male,Kentucky,South,S,Spring,4.3,No,Store Pickup,Yes,Yes,42,PayPal,Annually
1273,35,Male,Wisconsin,North,M,Winter,4.4,No,Express,Yes,Yes,16,Bank Transfer,Monthly
1274,41,Male,Mississippi,South,L,Spring,4.1,No,Next Day Air,Yes,Yes,32,Credit Card,Every 3 Months
1275,54,Male,Missouri,South,M,Spring,3.1,No,2-Day Shipping,Yes,Yes,37,PayPal,Quarterly
1276,55,Male,Arkansas,South,S,Autumn,4.5,No,Standard,Yes,Yes,1,PayPal,Monthly
1277,51,Male,Wyoming,West,L,Spring,4.8,No,Next Day Air,Yes,Yes,37,Bank Transfer,Weekly
1278,19,Male,Rhode Island,East,L,Spring,5,No,Express,Yes,Yes,5,Venmo,Quarterly
1279,28,Male,Utah,West,M,Autumn,2.8,No,Next Day Air,Yes,Yes,31,Venmo,Fortnightly
1280,63,Male,Maryland,East,L,Autumn,3.7,No,Express,Yes,Yes,18,Debit Card,Annually
1281,30,Male,Georgia,South,L,Winter,4.4,No,2-Day Shipping,Yes,Yes,39,Venmo,Every 3 Months
1282,29,Male,New Jersey,East,M,Spring,4.5,No,Store Pickup,Yes,Yes,8,Venmo,Bi-Weekly
1283,24,Male,New Hampshire,North,L,Winter,3,No,Free Shipping,Yes,Yes,20,Venmo,Monthly
1284,69,Male,Oregon,West,M,Winter,3.9,No,2-Day Shipping,Yes,Yes,23,Debit Card,Every 3 Months
1285,65,Male,Arkansas,South,M,Spring,3.9,No,Express,Yes,Yes,38,PayPal,Fortnightly
1286,64,Male,North Carolina,South,M,Autumn,3.5,No,Next Day Air,Yes,Yes,45,Bank Transfer,Fortnightly
1287,40,Male,West Virginia,South,L,Winter,4.9,No,Next Day Air,Yes,Yes,44,Debit Card,Fortnightly
1288,24,Male,Utah,West,XL,Winter,3.4,No,Standard,Yes,Yes,20,PayPal,Monthly
1289,66,Male,South Dakota,North,XL,Winter,4.1,No,Standard,Yes,Yes,34,PayPal,Bi-Weekly
1290,35,Male,New Hampshire,North,M,Autumn,2.9,No,Next Day Air,Yes,Yes,10,PayPal,Weekly
1291,67,Male,Maryland,East,M,Spring,3.4,No,Free Shipping,Yes,Yes,3,PayPal,Annually
1292,69,Male,South Dakota,North,S,Spring,3.2,No,2-Day Shipping,Yes,Yes,23,Debit Card,Fortnightly
1293,26,Male,Kentucky,South,M,Summer,3.9,No,Free Shipping,Yes,Yes,42,Bank Transfer,Annually
1294,23,Male,Florida,South,XL,Autumn,4.1,No,Standard,Yes,Yes,30,Debit Card,Annually
1295,27,Male,Texas,South,M,Summer,4.5,No,Standard,Yes,Yes,21,Cash,Every 3 Months
1296,30,Male,New Mexico,West,M,Autumn,2.8,No,Standard,Yes,Yes,50,PayPal,Weekly
1297,48,Male,South Dakota,North,S,Spring,2.8,No,Express,Yes,Yes,16,Cash,Bi-Weekly
1298,44,Male,New Jersey,East,M,Summer,4.6,No,Standard,Yes,Yes,32,Venmo,Annually
1299,29,Male,Indiana,North,S,Summer,3,No,Free Shipping,Yes,Yes,14,Bank Transfer,Fortnightly
1300,29,Male,Louisiana,South,L,Autumn,3.6,No,2-Day Shipping,Yes,Yes,42,Venmo,Bi-Weekly
1301,67,Male,West Virginia,South,M,Spring,4.5,No,Next Day Air,Yes,Yes,47,Credit Card,Every 3 Months
1302,42,Male,Maine,North,M,Autumn,5,No,Express,Yes,Yes,21,Debit Card,Weekly
1303,23,Male,Idaho,West,M,Autumn,2.9,No,Next Day Air,Yes,Yes,37,Credit Card,Monthly
1304,34,Male,New York,East,L,Summer,3.1,No,Next Day Air,Yes,Yes,10,Credit Card,Annually
1305,64,Male,Montana,West,S,Spring,4,No,2-Day Shipping,Yes,Yes,18,PayPal,Every 3 Months
1306,31,Male,Mississippi,South,XL,Spring,4.5,No,Express,Yes,Yes,2,PayPal,Every 3 Months
1307,54,Male,Alaska,West,L,Winter,4.5,No,Next Day Air,Yes,Yes,40,PayPal,Annually
1308,23,Male,Missouri,South,L,Summer,3.1,No,Express,Yes,Yes,43,PayPal,Annually
1309,59,Male,Rhode Island,East,L,Summer,4.4,No,Next Day Air,Yes,Yes,14,Credit Card,Every 3 Months
1310,32,Male,Hawaii,West,L,Summer,4.7,No,Store Pickup,Yes,Yes,41,Cash,Quarterly
1311,43,Male,South Carolina,South,L,Winter,3.1,No,Store Pickup,Yes,Yes,38,Credit Card,Every 3 Months
1312,32,Male,Tennessee,South,M,Autumn,4.2,No,Express,Yes,Yes,12,Venmo,Annually
1313,66,Male,Missouri,South,M,Winter,3,No,Store Pickup,Yes,Yes,19,Bank Transfer,Monthly
1314,70,Male,Missouri,South,M,Summer,2.6,No,Free Shipping,Yes,Yes,23,Credit Card,Bi-Weekly
1315,42,Male,Missouri,South,S,Summer,3.4,No,Free Shipping,Yes,Yes,49,Debit Card,Annually
1316,56,Male,Mississippi,South,L,Spring,4.2,No,2-Day Shipping,Yes,Yes,29,Debit Card,Quarterly
1317,28,Male,Arkansas,South,S,Spring,4.6,No,Standard,Yes,Yes,14,Debit Card,Bi-Weekly
1318,28,Male,Kentucky,South,M,Spring,2.8,No,Free Shipping,Yes,Yes,19,Cash,Monthly
1319,52,Male,Connecticut,East,M,Spring,2.7,No,Express,Yes,Yes,19,Credit Card,Bi-Weekly
1320,65,Male,Oklahoma,South,M,Spring,4,No,Standard,Yes,Yes,48,Bank Transfer,Weekly
1321,56,Male,California,West,XL,Autumn,3.1,No,Free Shipping,Yes,Yes,19,Debit Card,Annually
1322,59,Male,Missouri,South,L,Winter,3.7,No,Express,Yes,Yes,45,Bank Transfer,Every 3 Months
1323,23,Male,Washington,West,M,Winter,4,No,Next Day Air,Yes,Yes,17,Bank Transfer,Quarterly
1324,58,Male,New York,East,M,Spring,4.6,No,Standard,Yes,Yes,15,Debit Card,Every 3 Months
1325,39,Male,Indiana,North,S,Summer,3.8,No,Free Shipping,Yes,Yes,11,Credit Card,Fortnightly
1326,28,Male,Oregon,West,L,Summer,3.5,No,Express,Yes,Yes,1,Cash,Monthly
1327,40,Male,Texas,South,M,Spring,4.6,No,Free Shipping,Yes,Yes,17,Cash,Monthly
1328,52,Male,Florida,South,M,Winter,2.8,No,Standard,Yes,Yes,37,Cash,Weekly
1329,37,Male,Rhode Island,East,M,Winter,3.7,No,Standard,Yes,Yes,40,Bank Transfer,Weekly
1330,70,Male,Texas,South,M,Autumn,3.3,No,Express,Yes,Yes,50,PayPal,Every 3 Months
1331,30,Male,Vermont,North,M,Autumn,2.9,No,Standard,Yes,Yes,20,PayPal,Bi-Weekly
1332,38,Male,Maryland,East,M,Spring,3.2,No,Standard,Yes,Yes,8,PayPal,Bi-Weekly
1333,66,Male,Alaska,West,S,Spring,4.3,No,Store Pickup,Yes,Yes,16,Bank Transfer,Quarterly
1334,29,Male,Idaho,West,M,Winter,2.7,No,Next Day Air,Yes,Yes,9,Bank Transfer,Quarterly
1335,46,Male,West Virginia,South,S,Spring,4.2,No,Store Pickup,Yes,Yes,12,Venmo,Monthly
1336,56,Male,Nevada,West,M,Autumn,4.8,No,2-Day Shipping,Yes,Yes,26,Credit Card,Weekly
1337,23,Male,Oregon,West,M,Spring,4.8,No,Store Pickup,Yes,Yes,44,Debit Card,Fortnightly
1338,37,Male,Tennessee,South,L,Spring,3.4,No,Express,Yes,Yes,19,Credit Card,Bi-Weekly
1339,56,Male,Alabama,South,S,Winter,2.6,No,Standard,Yes,Yes,43,PayPal,Fortnightly
1340,36,Male,Indiana,North,L,Winter,5,No,Next Day Air,Yes,Yes,5,Bank Transfer,Every 3 Months
1341,40,Male,Idaho,West,M,Autumn,4.4,No,Next Day Air,Yes,Yes,5,Debit Card,Every 3 Months
1342,26,Male,Rhode Island,East,XL,Autumn,2.9,No,Standard,Yes,Yes,31,Bank Transfer,Quarterly
1343,57,Male,Arizona,West,XL,Summer,3.4,No,2-Day Shipping,Yes,Yes,11,Bank Transfer,Monthly
1344,68,Male,Florida,South,M,Spring,3.4,No,Standard,Yes,Yes,34,Bank Transfer,Monthly
1345,56,Male,New York,East,S,Autumn,4.9,No,Next Day Air,Yes,Yes,14,Cash,Annually
1346,40,Male,Nebraska,North,M,Autumn,3.6,No,Standard,Yes,Yes,42,Venmo,Weekly
1347,44,Male,Mississippi,South,L,Winter,3,No,Free Shipping,Yes,Yes,15,Venmo,Bi-Weekly
1348,44,Male,Vermont,North,M,Summer,3.9,No,2-Day Shipping,Yes,Yes,47,Bank Transfer,Monthly
1349,19,Male,Nebraska,North,XL,Spring,3.2,No,Standard,Yes,Yes,23,Credit Card,Fortnightly
1350,21,Male,South Carolina,South,XL,Spring,3.2,No,Next Day Air,Yes,Yes,23,Cash,Bi-Weekly
1351,31,Male,Delaware,East,M,Autumn,4.3,No,Next Day Air,Yes,Yes,1,Cash,Every 3 Months
1352,30,Male,Vermont,North,L,Summer,2.8,No,2-Day Shipping,Yes,Yes,28,Bank Transfer,Quarterly
1353,65,Male,Indiana,North,XL,Spring,4.5,No,Next Day Air,Yes,Yes,37,Credit Card,Bi-Weekly
1354,39,Male,Oregon,West,M,Winter,4.1,No,Next Day Air,Yes,Yes,4,Cash,Every 3 Months
1355,64,Male,Maryland,East,M,Spring,3.6,No,2-Day Shipping,Yes,Yes,21,Bank Transfer,Quarterly
1356,59,Male,Florida,South,M,Summer,3,No,2-Day Shipping,Yes,Yes,50,PayPal,Bi-Weekly
1357,49,Male,Indiana,North,M,Spring,4,No,Free Shipping,Yes,Yes,34,Bank Transfer,Annually
1358,24,Male,Texas,South,S,Summer,3.5,No,Next Day Air,Yes,Yes,20,Cash,Quarterly
1359,19,Male,Nebraska,North,XL,Spring,2.5,No,Store Pickup,Yes,Yes,25,Venmo,Every 3 Months
1360,27,Male,North Carolina,South,S,Winter,4.3,No,Store Pickup,Yes,Yes,26,Bank Transfer,Fortnightly
1361,56,Male,Alabama,South,L,Autumn,2.8,No,Express,Yes,Yes,4,Bank Transfer,Annually
1362,49,Male,Alabama,South,M,Autumn,3.7,No,Next Day Air,Yes,Yes,39,Debit Card,Monthly
1363,41,Male,Colorado,West,M,Autumn,4.3,No,Express,Yes,Yes,29,Cash,Weekly
1364,36,Male,Wisconsin,North,L,Summer,4,No,Express,Yes,Yes,47,PayPal,Quarterly
1365,68,Male,Delaware,East,L,Autumn,4.7,No,Express,Yes,Yes,5,Cash,Every 3 Months
1366,28,Male,Indiana,North,M,Winter,4.5,No,Store Pickup,Yes,Yes,18,Bank Transfer,Fortnightly
1367,45,Male,Iowa,west,M,Autumn,3.1,No,Free Shipping,Yes,Yes,10,Credit Card,Fortnightly
1368,60,Male,Iowa,west,S,Autumn,3.8,No,Express,Yes,Yes,25,Cash,Quarterly
1369,21,Male,Wisconsin,North,L,Summer,4.9,No,Express,Yes,Yes,2,Cash,Weekly
1370,32,Male,Iowa,west,M,Winter,3.2,No,Standard,Yes,Yes,48,Venmo,Fortnightly
1371,27,Male,Montana,West,L,Summer,2.9,No,2-Day Shipping,Yes,Yes,41,Bank Transfer,Every 3 Months
1372,40,Male,Mississippi,South,M,Spring,2.8,No,Store Pickup,Yes,Yes,42,Credit Card,Monthly
1373,64,Male,Michigan,North,M,Autumn,4,No,2-Day Shipping,Yes,Yes,44,PayPal,Bi-Weekly
1374,18,Male,Virginia,South,L,Winter,2.6,No,Store Pickup,Yes,Yes,6,Cash,Quarterly
1375,22,Male,New York,East,M,Autumn,2.7,No,Free Shipping,Yes,Yes,5,Bank Transfer,Quarterly
1376,42,Male,Maine,North,L,Spring,4.1,No,2-Day Shipping,Yes,Yes,8,Credit Card,Annually
1377,57,Male,New Jersey,East,L,Spring,5,No,Free Shipping,Yes,Yes,24,PayPal,Annually
1378,33,Male,Maryland,East,L,Spring,3,No,Next Day Air,Yes,Yes,42,Venmo,Monthly
1379,37,Male,Kentucky,South,XL,Autumn,3.6,No,Free Shipping,Yes,Yes,24,Venmo,Weekly
1380,21,Male,Minnesota,North,L,Autumn,2.8,No,2-Day Shipping,Yes,Yes,38,Venmo,Bi-Weekly
1381,51,Male,Massachusetts,East,S,Winter,4.6,No,Standard,Yes,Yes,41,Cash,Fortnightly
1382,30,Male,Illinois,North,L,Winter,2.9,No,Standard,Yes,Yes,48,Venmo,Quarterly
1383,68,Male,Michigan,North,L,Winter,4.8,No,Express,Yes,Yes,16,Bank Transfer,Quarterly
1384,36,Male,Wisconsin,North,M,Spring,3.3,No,Express,Yes,Yes,4,Venmo,Monthly
1385,46,Male,Alaska,West,M,Autumn,4.6,No,Standard,Yes,Yes,8,Bank Transfer,Weekly
1386,41,Male,Mississippi,South,M,Autumn,2.6,No,Store Pickup,Yes,Yes,1,Bank Transfer,Bi-Weekly
1387,68,Male,Oregon,West,M,Autumn,4,No,Next Day Air,Yes,Yes,4,Debit Card,Quarterly
1388,21,Male,Maryland,East,M,Winter,3.8,No,Standard,Yes,Yes,20,Credit Card,Monthly
1389,62,Male,Arkansas,South,M,Spring,3.9,No,Express,Yes,Yes,40,Cash,Quarterly
1390,59,Male,Illinois,North,L,Autumn,2.6,No,Store Pickup,Yes,Yes,8,Debit Card,Fortnightly
1391,25,Male,Arkansas,South,M,Summer,4.3,No,Standard,Yes,Yes,42,Debit Card,Weekly
1392,53,Male,Mississippi,South,S,Winter,3.6,No,Express,Yes,Yes,38,Credit Card,Annually
1393,31,Male,Arkansas,South,M,Spring,4.2,No,Express,Yes,Yes,34,Venmo,Every 3 Months
1394,46,Male,Idaho,West,L,Spring,3.9,No,Express,Yes,Yes,14,PayPal,Fortnightly
1395,26,Male,Iowa,west,L,Autumn,4.7,No,Next Day Air,Yes,Yes,39,Cash,Weekly
1396,47,Male,West Virginia,South,L,Spring,2.8,No,Next Day Air,Yes,Yes,40,PayPal,Bi-Weekly
1397,37,Male,Wisconsin,North,XL,Winter,3,No,Next Day Air,Yes,Yes,49,Debit Card,Monthly
1398,55,Male,Massachusetts,East,S,Summer,4.7,No,Store Pickup,Yes,Yes,33,PayPal,Annually
1399,30,Male,Texas,South,M,Summer,2.5,No,Free Shipping,Yes,Yes,25,Credit Card,Weekly
1400,19,Male,Nebraska,North,M,Winter,3.1,No,Store Pickup,Yes,Yes,48,Venmo,Annually
1401,36,Male,Nevada,West,M,Autumn,3.6,No,Next Day Air,Yes,Yes,22,Credit Card,Every 3 Months
1402,23,Male,Indiana,North,M,Autumn,3.5,No,2-Day Shipping,Yes,Yes,1,PayPal,Weekly
1403,62,Male,North Dakota,North,L,Summer,3.1,No,Express,Yes,Yes,47,PayPal,Monthly
1404,26,Male,Georgia,South,M,Spring,3.6,No,Store Pickup,Yes,Yes,20,Credit Card,Bi-Weekly
1405,36,Male,New Mexico,West,M,Winter,3.5,No,Next Day Air,Yes,Yes,10,Debit Card,Weekly
1406,33,Male,New Hampshire,North,M,Winter,2.7,No,Store Pickup,Yes,Yes,39,Credit Card,Monthly
1407,32,Male,Washington,West,L,Spring,3.6,No,Express,Yes,Yes,15,Debit Card,Monthly
1408,56,Male,Nevada,West,XL,Spring,4.5,No,Express,Yes,Yes,11,Credit Card,Annually
1409,58,Male,Maine,North,M,Winter,4.1,No,Free Shipping,Yes,Yes,38,Venmo,Weekly
1410,34,Male,Idaho,West,M,Spring,4.2,No,Standard,Yes,Yes,41,Cash,Fortnightly
1411,61,Male,Tennessee,South,M,Summer,4,No,Store Pickup,Yes,Yes,18,Debit Card,Annually
1412,48,Male,Louisiana,South,L,Summer,2.8,No,Store Pickup,Yes,Yes,13,Venmo,Quarterly
1413,25,Male,Michigan,North,M,Summer,2.6,No,2-Day Shipping,Yes,Yes,43,Venmo,Annually
1414,51,Male,New Hampshire,North,S,Autumn,2.7,No,Store Pickup,Yes,Yes,12,Bank Transfer,Quarterly
1415,29,Male,Minnesota,North,M,Summer,4.5,No,Store Pickup,Yes,Yes,3,Credit Card,Bi-Weekly
1416,54,Male,Illinois,North,M,Winter,3.7,No,Free Shipping,Yes,Yes,12,Credit Card,Every 3 Months
1417,48,Male,Idaho,West,L,Summer,3.4,No,Free Shipping,Yes,Yes,46,Cash,Quarterly
1418,62,Male,Montana,West,S,Spring,4.6,No,Standard,Yes,Yes,21,Debit Card,Fortnightly
1419,18,Male,Alabama,South,M,Summer,4.1,No,2-Day Shipping,Yes,Yes,23,Venmo,Every 3 Months
1420,43,Male,Montana,West,M,Summer,2.6,No,Free Shipping,Yes,Yes,4,Debit Card,Quarterly
1421,22,Male,California,West,XL,Summer,4.6,No,Store Pickup,Yes,Yes,45,PayPal,Every 3 Months
1422,68,Male,Pennsylvania,East,S,Spring,3,No,Standard,Yes,Yes,24,Bank Transfer,Fortnightly
1423,44,Male,Texas,South,L,Autumn,3.4,No,Free Shipping,Yes,Yes,3,PayPal,Bi-Weekly
1424,51,Male,Michigan,North,S,Autumn,3.5,No,Free Shipping,Yes,Yes,12,Venmo,Every 3 Months
1425,66,Male,Connecticut,East,S,Autumn,3.5,No,Standard,Yes,Yes,34,Bank Transfer,Every 3 Months
1426,59,Male,Wyoming,West,S,Winter,3.7,No,Next Day Air,Yes,Yes,39,Credit Card,Annually
1427,60,Male,Michigan,North,M,Summer,4.8,No,Free Shipping,Yes,Yes,35,PayPal,Every 3 Months
1428,31,Male,South Dakota,North,S,Summer,4.9,No,Store Pickup,Yes,Yes,8,Credit Card,Annually
1429,20,Male,North Dakota,North,S,Summer,4.9,No,Express,Yes,Yes,42,PayPal,Quarterly
1430,24,Male,Maryland,East,L,Autumn,4.7,No,Standard,Yes,Yes,6,Credit Card,Every 3 Months
1431,48,Male,Michigan,North,S,Summer,4.9,No,Free Shipping,Yes,Yes,3,Credit Card,Fortnightly
1432,39,Male,South Dakota,North,M,Autumn,2.9,No,Express,Yes,Yes,29,Venmo,Quarterly
1433,34,Male,Florida,South,L,Winter,4.4,No,Express,Yes,Yes,32,Debit Card,Quarterly
1434,70,Male,Minnesota,North,L,Winter,3.2,No,Next Day Air,Yes,Yes,45,Debit Card,Weekly
1435,59,Male,New York,East,L,Summer,4.6,No,Free Shipping,Yes,Yes,21,Debit Card,Bi-Weekly
1436,45,Male,Oregon,West,XL,Autumn,4,No,Standard,Yes,Yes,41,Cash,Weekly
1437,35,Male,Minnesota,North,M,Winter,3.7,No,Free Shipping,Yes,Yes,23,PayPal,Fortnightly
1438,69,Male,Montana,West,XL,Winter,4.2,No,Free Shipping,Yes,Yes,14,Cash,Annually
1439,58,Male,Washington,West,M,Spring,2.9,No,Standard,Yes,Yes,24,Debit Card,Monthly
1440,25,Male,New Mexico,West,M,Summer,4.8,No,Next Day Air,Yes,Yes,25,Cash,Fortnightly
1441,27,Male,Arizona,West,M,Spring,4.4,No,Standard,Yes,Yes,13,Venmo,Monthly
1442,34,Male,Nebraska,North,S,Summer,3.4,No,Free Shipping,Yes,Yes,3,Venmo,Every 3 Months
1443,53,Male,Idaho,West,S,Spring,2.8,No,2-Day Shipping,Yes,Yes,42,Credit Card,Annually
1444,58,Male,Idaho,West,L,Autumn,4.2,No,Next Day Air,Yes,Yes,2,Cash,Monthly
1445,32,Male,Vermont,North,L,Autumn,3.8,No,Express,Yes,Yes,26,Cash,Quarterly
1446,64,Male,Arkansas,South,M,Autumn,3.1,No,2-Day Shipping,Yes,Yes,24,Credit Card,Annually
1447,63,Male,Wyoming,West,XL,Summer,3.2,No,Express,Yes,Yes,6,Credit Card,Quarterly
1448,23,Male,New Mexico,West,S,Summer,3,No,Next Day Air,Yes,Yes,25,PayPal,Monthly
1449,64,Male,West Virginia,South,M,Summer,3.6,No,Free Shipping,Yes,Yes,11,Credit Card,Every 3 Months
1450,18,Male,New York,East,L,Winter,2.5,No,Store Pickup,Yes,Yes,20,Cash,Every 3 Months
1451,25,Male,Illinois,North,S,Winter,3.4,No,Free Shipping,Yes,Yes,25,Cash,Quarterly
1452,54,Male,Utah,West,M,Autumn,2.5,No,Next Day Air,Yes,Yes,35,PayPal,Quarterly
1453,60,Male,Colorado,West,L,Spring,4.7,No,2-Day Shipping,Yes,Yes,11,Bank Transfer,Quarterly
1454,36,Male,Virginia,South,S,Winter,3.2,No,2-Day Shipping,Yes,Yes,41,Bank Transfer,Fortnightly
1455,66,Male,Georgia,South,L,Winter,2.9,No,Free Shipping,Yes,Yes,17,Credit Card,Annually
1456,60,Male,Alabama,South,L,Autumn,4.9,No,Express,Yes,Yes,1,PayPal,Every 3 Months
1457,59,Male,Montana,West,S,Spring,2.7,No,Store Pickup,Yes,Yes,30,PayPal,Every 3 Months
1458,58,Male,Pennsylvania,East,S,Spring,4.7,No,Express,Yes,Yes,47,Venmo,Fortnightly
1459,35,Male,Missouri,South,M,Spring,2.9,No,2-Day Shipping,Yes,Yes,34,Venmo,Weekly
1460,20,Male,Maine,North,L,Winter,4.8,No,Express,Yes,Yes,18,Venmo,Fortnightly
1461,70,Male,Pennsylvania,East,L,Autumn,4.6,No,Standard,Yes,Yes,33,Venmo,Bi-Weekly
1462,54,Male,Oregon,West,S,Summer,5,No,2-Day Shipping,Yes,Yes,42,Venmo,Quarterly
1463,38,Male,Utah,West,S,Summer,4.8,No,2-Day Shipping,Yes,Yes,2,Venmo,Quarterly
1464,54,Male,Oklahoma,South,M,Summer,4.9,No,Store Pickup,Yes,Yes,1,Bank Transfer,Monthly
1465,33,Male,Montana,West,M,Winter,4.6,No,2-Day Shipping,Yes,Yes,23,Bank Transfer,Quarterly
1466,46,Male,Nebraska,North,XL,Winter,3.9,No,Store Pickup,Yes,Yes,42,Cash,Bi-Weekly
1467,58,Male,Alabama,South,M,Summer,4.5,No,Store Pickup,Yes,Yes,3,PayPal,Annually
1468,30,Male,Ohio,East,XL,Winter,4.7,No,Store Pickup,Yes,Yes,16,Debit Card,Fortnightly
1469,42,Male,Arkansas,South,S,Autumn,3.9,No,Express,Yes,Yes,46,Cash,Fortnightly
1470,28,Male,Mississippi,South,M,Winter,4.4,No,Standard,Yes,Yes,31,PayPal,Every 3 Months
1471,43,Male,California,West,M,Spring,3.9,No,Next Day Air,Yes,Yes,15,Cash,Every 3 Months
1472,31,Male,Alaska,West,S,Spring,2.8,No,2-Day Shipping,Yes,Yes,48,Venmo,Every 3 Months
1473,39,Male,Indiana,North,L,Spring,3.5,No,Store Pickup,Yes,Yes,11,Cash,Weekly
1474,69,Male,Wisconsin,North,M,Autumn,4.3,No,Express,Yes,Yes,20,Credit Card,Every 3 Months
1475,31,Male,New Jersey,East,S,Autumn,3.9,No,Next Day Air,Yes,Yes,6,Credit Card,Monthly
1476,44,Male,Rhode Island,East,M,Spring,4,No,Express,Yes,Yes,24,Cash,Monthly
1477,39,Male,Wyoming,West,M,Autumn,4.1,No,Next Day Air,Yes,Yes,18,Credit Card,Monthly
1478,24,Male,Oregon,West,XL,Summer,4.3,No,Standard,Yes,Yes,1,PayPal,Every 3 Months
1479,28,Male,Washington,West,M,Summer,4.2,No,Free Shipping,Yes,Yes,13,Venmo,Bi-Weekly
1480,48,Male,Washington,West,L,Spring,4,No,Standard,Yes,Yes,2,Bank Transfer,Weekly
1481,39,Male,New Hampshire,North,M,Autumn,3.6,No,Express,Yes,Yes,26,Cash,Quarterly
1482,64,Male,Maryland,East,S,Spring,3.3,No,Standard,Yes,Yes,31,PayPal,Quarterly
1483,28,Male,Wisconsin,North,S,Spring,4.1,No,2-Day Shipping,Yes,Yes,43,Bank Transfer,Weekly
1484,39,Male,Massachusetts,East,S,Summer,4.7,No,Next Day Air,Yes,Yes,12,Debit Card,Bi-Weekly
1485,49,Male,Nebraska,North,M,Summer,4.4,No,Store Pickup,Yes,Yes,22,Venmo,Every 3 Months
1486,22,Male,Nebraska,North,L,Spring,3.4,No,Standard,Yes,Yes,3,Cash,Fortnightly
1487,25,Male,Idaho,West,S,Spring,5,No,Free Shipping,Yes,Yes,23,Venmo,Every 3 Months
1488,40,Male,Arizona,West,L,Summer,4.6,No,Store Pickup,Yes,Yes,26,PayPal,Annually
1489,23,Male,Hawaii,West,L,Winter,4,No,Standard,Yes,Yes,37,Credit Card,Weekly
1490,24,Male,Missouri,South,XL,Summer,4.1,No,Next Day Air,Yes,Yes,42,Venmo,Quarterly
1491,66,Male,Louisiana,South,L,Spring,4.9,No,Express,Yes,Yes,15,Venmo,Bi-Weekly
1492,27,Male,Arkansas,South,S,Summer,2.7,No,Free Shipping,Yes,Yes,10,Bank Transfer,Quarterly
1493,62,Male,North Carolina,South,M,Summer,4.5,No,Free Shipping,Yes,Yes,3,Venmo,Quarterly
1494,70,Male,North Dakota,North,S,Autumn,2.7,No,Standard,Yes,Yes,44,Credit Card,Quarterly
1495,43,Male,Montana,West,M,Spring,3,No,Next Day Air,Yes,Yes,23,Bank Transfer,Fortnightly
1496,45,Male,Rhode Island,East,M,Winter,4.5,No,Next Day Air,Yes,Yes,6,PayPal,Weekly
1497,63,Male,Idaho,West,M,Winter,5,No,Standard,Yes,Yes,9,Venmo,Bi-Weekly
1498,69,Male,Michigan,North,S,Spring,3.8,No,2-Day Shipping,Yes,Yes,16,Debit Card,Every 3 Months
1499,59,Male,Illinois,North,M,Summer,3.1,No,Standard,Yes,Yes,46,Venmo,Fortnightly
1500,19,Male,Georgia,South,S,Autumn,3.4,No,Free Shipping,Yes,Yes,24,Credit Card,Every 3 Months
1501,63,Male,Alabama,South,L,Summer,4.8,No,Next Day Air,Yes,Yes,22,Debit Card,Monthly
1502,37,Male,Alaska,West,XL,Spring,2.7,No,Standard,Yes,Yes,13,Debit Card,Every 3 Months
1503,37,Male,Massachusetts,East,M,Summer,3.2,No,Store Pickup,Yes,Yes,20,Cash,Fortnightly
1504,50,Male,Michigan,North,M,Autumn,3.9,No,2-Day Shipping,Yes,Yes,46,Cash,Quarterly
1505,60,Male,Alaska,West,M,Winter,4.2,No,Next Day Air,Yes,Yes,10,Bank Transfer,Monthly
1506,46,Male,North Dakota,North,M,Summer,3,No,Express,Yes,Yes,39,Cash,Monthly
1507,35,Male,South Carolina,South,L,Autumn,3,No,2-Day Shipping,Yes,Yes,44,PayPal,Quarterly
1508,66,Male,Pennsylvania,East,S,Winter,3.7,No,2-Day Shipping,Yes,Yes,7,Venmo,Annually
1509,35,Male,Colorado,West,L,Spring,4.4,No,Store Pickup,Yes,Yes,3,Cash,Every 3 Months
1510,20,Male,New Hampshire,North,XL,Summer,4.6,No,Free Shipping,Yes,Yes,44,Debit Card,Annually
1511,55,Male,Maryland,East,XL,Autumn,3,No,Free Shipping,Yes,Yes,31,Venmo,Annually
1512,34,Male,Georgia,South,M,Winter,3.6,No,Express,Yes,Yes,48,Credit Card,Weekly
1513,60,Male,Wisconsin,North,L,Winter,3.9,No,Standard,Yes,Yes,18,PayPal,Bi-Weekly
1514,22,Male,Texas,South,M,Spring,4.1,No,Free Shipping,Yes,Yes,27,Cash,Monthly
1515,26,Male,Utah,West,L,Winter,3.9,No,2-Day Shipping,Yes,Yes,1,Venmo,Weekly
1516,39,Male,Indiana,North,S,Autumn,3.9,No,2-Day Shipping,Yes,Yes,34,Cash,Weekly
1517,20,Male,Nevada,West,L,Winter,4.5,No,Express,Yes,Yes,5,Bank Transfer,Bi-Weekly
1518,57,Male,New Hampshire,North,M,Spring,3.4,No,Standard,Yes,Yes,12,Cash,Quarterly
1519,68,Male,New York,East,M,Winter,4.1,No,Next Day Air,Yes,Yes,14,Venmo,Fortnightly
1520,50,Male,Texas,South,L,Autumn,4.9,No,Next Day Air,Yes,Yes,40,PayPal,Weekly
1521,21,Male,Iowa,west,M,Summer,4.4,No,2-Day Shipping,Yes,Yes,39,Cash,Quarterly
1522,29,Male,Washington,West,M,Summer,2.7,No,2-Day Shipping,Yes,Yes,50,Bank Transfer,Weekly
1523,38,Male,Tennessee,South,L,Spring,4.8,No,Free Shipping,Yes,Yes,5,Debit Card,Monthly
1524,54,Male,Georgia,South,M,Summer,3.3,No,2-Day Shipping,Yes,Yes,35,Debit Card,Annually
1525,22,Male,Massachusetts,East,L,Summer,4.4,No,Free Shipping,Yes,Yes,6,Cash,Bi-Weekly
1526,29,Male,Oregon,West,M,Winter,4.6,No,2-Day Shipping,Yes,Yes,22,Cash,Fortnightly
1527,41,Male,Oklahoma,South,L,Summer,3.1,No,Next Day Air,Yes,Yes,27,PayPal,Monthly
1528,26,Male,Wisconsin,North,L,Autumn,4.5,No,2-Day Shipping,Yes,Yes,33,Debit Card,Fortnightly
1529,69,Male,Oregon,West,S,Spring,4,No,Store Pickup,Yes,Yes,47,Venmo,Bi-Weekly
1530,20,Male,Georgia,South,M,Winter,3.1,No,Free Shipping,Yes,Yes,48,Credit Card,Bi-Weekly
1531,59,Male,New Mexico,West,M,Spring,3.9,No,Next Day Air,Yes,Yes,22,Bank Transfer,Quarterly
1532,63,Male,Mississippi,South,S,Spring,4.5,No,Next Day Air,Yes,Yes,8,PayPal,Bi-Weekly
1533,68,Male,Wisconsin,North,S,Winter,4.4,No,Next Day Air,Yes,Yes,5,PayPal,Every 3 Months
1534,50,Male,New Hampshire,North,M,Summer,3.6,No,2-Day Shipping,Yes,Yes,16,Bank Transfer,Quarterly
1535,55,Male,Wyoming,West,M,Summer,3.4,No,Free Shipping,Yes,Yes,26,Venmo,Fortnightly
1536,36,Male,West Virginia,South,S,Autumn,4,No,2-Day Shipping,Yes,Yes,8,Venmo,Monthly
1537,18,Male,Michigan,North,M,Summer,2.6,No,Store Pickup,Yes,Yes,17,Cash,Quarterly
1538,68,Male,Alaska,West,L,Spring,3.2,No,Next Day Air,Yes,Yes,50,Venmo,Annually
1539,56,Male,Illinois,North,L,Autumn,3.2,No,Standard,Yes,Yes,22,Venmo,Bi-Weekly
1540,32,Male,Hawaii,West,M,Spring,5,No,2-Day Shipping,Yes,Yes,19,Cash,Every 3 Months
1541,28,Male,Colorado,West,M,Winter,2.9,No,Next Day Air,Yes,Yes,14,Bank Transfer,Monthly
1542,24,Male,Illinois,North,S,Winter,2.9,No,Store Pickup,Yes,Yes,35,Cash,Bi-Weekly
1543,59,Male,Hawaii,West,M,Winter,3.5,No,Next Day Air,Yes,Yes,43,PayPal,Weekly
1544,56,Male,Wisconsin,North,M,Autumn,4,No,Standard,Yes,Yes,24,Venmo,Annually
1545,30,Male,Arkansas,South,M,Spring,3.9,No,Standard,Yes,Yes,17,Debit Card,Bi-Weekly
1546,48,Male,Delaware,East,M,Winter,4.9,No,Store Pickup,Yes,Yes,49,Bank Transfer,Annually
1547,60,Male,Oregon,West,XL,Summer,3.8,No,Express,Yes,Yes,17,Bank Transfer,Annually
1548,46,Male,South Carolina,South,L,Summer,3.5,No,Standard,Yes,Yes,40,Cash,Quarterly
1549,69,Male,Maryland,East,M,Summer,3.7,No,Store Pickup,Yes,Yes,43,Bank Transfer,Weekly
1550,19,Male,Kansas,West,M,Spring,2.9,No,2-Day Shipping,Yes,Yes,19,Debit Card,Every 3 Months
1551,66,Male,Arkansas,South,S,Summer,2.8,No,Free Shipping,Yes,Yes,40,Bank Transfer,Quarterly
1552,64,Male,Minnesota,North,M,Summer,3.7,No,2-Day Shipping,Yes,Yes,13,Credit Card,Monthly
1553,54,Male,New Mexico,West,L,Spring,3,No,Express,Yes,Yes,20,Credit Card,Monthly
1554,27,Male,Delaware,East,M,Spring,4.8,No,Free Shipping,Yes,Yes,21,Debit Card,Quarterly
1555,64,Male,Utah,West,S,Winter,2.7,No,Standard,Yes,Yes,18,Cash,Bi-Weekly
1556,43,Male,Ohio,East,S,Winter,4.5,No,Free Shipping,Yes,Yes,44,Cash,Quarterly
1557,43,Male,Alabama,South,M,Autumn,2.7,No,Standard,Yes,Yes,26,Credit Card,Quarterly
1558,27,Male,South Dakota,North,L,Autumn,3.5,No,Next Day Air,Yes,Yes,34,PayPal,Quarterly
1559,35,Male,New Mexico,West,XL,Autumn,3.5,No,Express,Yes,Yes,24,Credit Card,Every 3 Months
1560,43,Male,Oregon,West,L,Autumn,4.5,No,Store Pickup,Yes,Yes,23,PayPal,Fortnightly
1561,57,Male,Oregon,West,M,Winter,3.8,No,Free Shipping,Yes,Yes,3,Debit Card,Weekly
1562,50,Male,Mississippi,South,M,Summer,3.8,No,Standard,Yes,Yes,2,Bank Transfer,Quarterly
1563,37,Male,Alabama,South,M,Winter,3.2,No,Next Day Air,Yes,Yes,23,Venmo,Bi-Weekly
1564,68,Male,Kansas,West,M,Autumn,4.3,No,Next Day Air,Yes,Yes,8,Cash,Weekly
1565,22,Male,California,West,XL,Summer,4.5,No,Next Day Air,Yes,Yes,30,Debit Card,Every 3 Months
1566,58,Male,Idaho,West,L,Autumn,4.2,No,Free Shipping,Yes,Yes,48,PayPal,Annually
1567,48,Male,Wyoming,West,S,Winter,3,No,Free Shipping,Yes,Yes,21,Cash,Bi-Weekly
1568,30,Male,Minnesota,North,M,Spring,4.1,No,Standard,Yes,Yes,9,Cash,Monthly
1569,51,Male,Washington,West,L,Spring,4.6,No,Store Pickup,Yes,Yes,8,Debit Card,Monthly
1570,20,Male,Hawaii,West,M,Summer,2.9,No,Standard,Yes,Yes,29,Debit Card,Weekly
1571,30,Male,Missouri,South,L,Winter,4.8,No,Next Day Air,Yes,Yes,3,Bank Transfer,Every 3 Months
1572,28,Male,Colorado,West,L,Winter,4.5,No,Next Day Air,Yes,Yes,11,Bank Transfer,Fortnightly
1573,37,Male,Washington,West,L,Summer,3.4,No,2-Day Shipping,Yes,Yes,16,Debit Card,Monthly
1574,36,Male,North Dakota,North,L,Summer,4.3,No,2-Day Shipping,Yes,Yes,25,Debit Card,Weekly
1575,18,Male,Minnesota,North,S,Spring,4.2,No,Free Shipping,Yes,Yes,32,PayPal,Bi-Weekly
1576,52,Male,California,West,M,Spring,3.6,No,Next Day Air,Yes,Yes,28,Cash,Fortnightly
1577,56,Male,Michigan,North,M,Spring,3.7,No,2-Day Shipping,Yes,Yes,36,PayPal,Monthly
1578,68,Male,Delaware,East,S,Spring,4,No,Standard,Yes,Yes,7,Venmo,Fortnightly
1579,62,Male,California,West,S,Winter,4.9,No,2-Day Shipping,Yes,Yes,2,PayPal,Quarterly
1580,35,Male,Oklahoma,South,M,Summer,3.1,No,Free Shipping,Yes,Yes,6,Bank Transfer,Monthly
1581,65,Male,North Dakota,North,L,Summer,3.7,No,Standard,Yes,Yes,30,Cash,Annually
1582,69,Male,Ohio,East,L,Autumn,4.2,No,Free Shipping,Yes,Yes,46,Cash,Quarterly
1583,28,Male,Hawaii,West,L,Spring,2.5,No,Next Day Air,Yes,Yes,39,Cash,Monthly
1584,37,Male,Maryland,East,XL,Summer,4.3,No,Next Day Air,Yes,Yes,8,Venmo,Annually
1585,41,Male,Hawaii,West,S,Spring,3.1,No,Store Pickup,Yes,Yes,46,Credit Card,Quarterly
1586,37,Male,Alabama,South,M,Autumn,3,No,Next Day Air,Yes,Yes,40,Debit Card,Fortnightly
1587,25,Male,Oklahoma,South,M,Autumn,4,No,Express,Yes,Yes,21,Bank Transfer,Weekly
1588,41,Male,Alabama,South,M,Summer,3.5,No,Free Shipping,Yes,Yes,33,Credit Card,Fortnightly
1589,48,Male,Vermont,North,L,Winter,3.2,No,Next Day Air,Yes,Yes,3,Venmo,Monthly
1590,42,Male,Ohio,East,M,Summer,2.7,No,Store Pickup,Yes,Yes,48,Cash,Weekly
1591,54,Male,Wisconsin,North,S,Winter,3,No,Free Shipping,Yes,Yes,8,PayPal,Annually
1592,18,Male,South Dakota,North,L,Winter,2.9,No,Next Day Air,Yes,Yes,24,PayPal,Annually
1593,56,Male,Iowa,west,M,Summer,3.3,No,Free Shipping,Yes,Yes,10,Bank Transfer,Every 3 Months
1594,61,Male,Maryland,East,M,Spring,4.9,No,2-Day Shipping,Yes,Yes,25,Bank Transfer,Monthly
1595,40,Male,Colorado,West,XL,Summer,3.7,No,Store Pickup,Yes,Yes,3,Cash,Fortnightly
1596,34,Male,Wisconsin,North,S,Spring,3.5,No,Standard,Yes,Yes,45,Debit Card,Fortnightly
1597,42,Male,Mississippi,South,S,Autumn,4.7,No,Store Pickup,Yes,Yes,15,Debit Card,Monthly
1598,43,Male,Mississippi,South,XL,Winter,2.6,No,Store Pickup,Yes,Yes,34,Bank Transfer,Quarterly
1599,47,Male,California,West,M,Autumn,4.1,No,Express,Yes,Yes,21,Venmo,Bi-Weekly
1600,48,Male,Delaware,East,M,Winter,2.8,No,2-Day Shipping,Yes,Yes,22,Debit Card,Bi-Weekly
1601,20,Male,Montana,West,S,Spring,4.7,No,Next Day Air,Yes,Yes,24,PayPal,Weekly
1602,65,Male,Indiana,North,XL,Spring,2.9,No,Store Pickup,Yes,Yes,33,Credit Card,Monthly
1603,54,Male,West Virginia,South,S,Winter,2.8,No,Free Shipping,Yes,Yes,13,Venmo,Fortnightly
1604,23,Male,Iowa,west,L,Summer,4.3,No,Next Day Air,Yes,Yes,17,Debit Card,Bi-Weekly
1605,18,Male,Maine,North,M,Summer,4.8,No,2-Day Shipping,Yes,Yes,25,Credit Card,Every 3 Months
1606,70,Male,Connecticut,East,M,Winter,3.4,No,Next Day Air,Yes,Yes,15,Credit Card,Bi-Weekly
1607,55,Male,Kansas,West,S,Spring,4.3,No,Standard,Yes,Yes,4,PayPal,Fortnightly
1608,49,Male,Vermont,North,S,Autumn,2.7,No,Free Shipping,Yes,Yes,43,Debit Card,Quarterly
1609,26,Male,Nebraska,North,XL,Autumn,4.6,No,Next Day Air,Yes,Yes,12,Bank Transfer,Bi-Weekly
1610,33,Male,Nevada,West,S,Autumn,4.1,No,Standard,Yes,Yes,3,Venmo,Monthly
1611,20,Male,Tennessee,South,L,Spring,3.4,No,2-Day Shipping,Yes,Yes,1,PayPal,Annually
1612,41,Male,Arkansas,South,L,Winter,4.5,No,Next Day Air,Yes,Yes,6,Debit Card,Monthly
1613,18,Male,Wisconsin,North,M,Summer,4.4,No,Standard,Yes,Yes,26,Venmo,Monthly
1614,26,Male,Illinois,North,S,Summer,4,No,Next Day Air,Yes,Yes,6,Credit Card,Fortnightly
1615,30,Male,Kansas,West,S,Summer,3.4,No,Free Shipping,Yes,Yes,22,Cash,Bi-Weekly
1616,64,Male,New York,East,M,Autumn,3.2,No,Standard,Yes,Yes,45,Cash,Bi-Weekly
1617,26,Male,Colorado,West,M,Spring,3.4,No,Standard,Yes,Yes,50,Cash,Quarterly
1618,43,Male,Wisconsin,North,M,Winter,4.3,No,Standard,Yes,Yes,50,Credit Card,Fortnightly
1619,63,Male,Michigan,North,L,Summer,5,No,Standard,Yes,Yes,39,Debit Card,Quarterly
1620,57,Male,Hawaii,West,L,Winter,3.5,No,Store Pickup,Yes,Yes,50,Venmo,Bi-Weekly
1621,25,Male,Virginia,South,M,Winter,3.1,No,2-Day Shipping,Yes,Yes,27,PayPal,Every 3 Months
1622,68,Male,Ohio,East,L,Summer,3.9,No,2-Day Shipping,Yes,Yes,38,Debit Card,Fortnightly
1623,31,Male,Missouri,South,S,Winter,4,No,Store Pickup,Yes,Yes,37,Bank Transfer,Every 3 Months
1624,64,Male,Indiana,North,M,Summer,3.5,No,Next Day Air,Yes,Yes,50,Debit Card,Annually
1625,38,Male,Florida,South,M,Winter,3.6,No,Free Shipping,Yes,Yes,40,PayPal,Every 3 Months
1626,34,Male,Minnesota,North,L,Winter,3,No,Next Day Air,Yes,Yes,3,PayPal,Bi-Weekly
1627,32,Male,Nevada,West,L,Summer,2.6,No,Next Day Air,Yes,Yes,45,Credit Card,Bi-Weekly
1628,69,Male,Maine,North,M,Winter,2.9,No,Next Day Air,Yes,Yes,8,Credit Card,Annually
1629,45,Male,Massachusetts,East,S,Winter,3.1,No,Next Day Air,Yes,Yes,7,Cash,Monthly
1630,35,Male,North Dakota,North,S,Spring,3.3,No,Next Day Air,Yes,Yes,13,Venmo,Quarterly
1631,63,Male,New Jersey,East,M,Summer,2.9,No,Store Pickup,Yes,Yes,29,Venmo,Every 3 Months
1632,65,Male,Indiana,North,L,Summer,3.9,No,2-Day Shipping,Yes,Yes,7,Bank Transfer,Fortnightly
1633,35,Male,Oregon,West,S,Summer,4.7,No,2-Day Shipping,Yes,Yes,50,Debit Card,Every 3 Months
1634,54,Male,North Dakota,North,M,Spring,4.4,No,2-Day Shipping,Yes,Yes,33,Debit Card,Bi-Weekly
1635,28,Male,South Carolina,South,S,Summer,3.6,No,Store Pickup,Yes,Yes,30,Cash,Every 3 Months
1636,68,Male,North Carolina,South,L,Summer,3.2,No,Standard,Yes,Yes,40,Cash,Annually
1637,58,Male,North Dakota,North,L,Autumn,4,No,Free Shipping,Yes,Yes,49,Cash,Fortnightly
1638,35,Male,Massachusetts,East,M,Spring,3.5,No,Next Day Air,Yes,Yes,32,Venmo,Fortnightly
1639,68,Male,Tennessee,South,M,Spring,4.6,No,Free Shipping,Yes,Yes,18,Venmo,Weekly
1640,41,Male,Missouri,South,L,Summer,3.3,No,Free Shipping,Yes,Yes,50,PayPal,Annually
1641,65,Male,Tennessee,South,S,Spring,4,No,2-Day Shipping,Yes,Yes,13,PayPal,Weekly
1642,50,Male,Colorado,West,L,Summer,3.4,No,Free Shipping,Yes,Yes,1,Bank Transfer,Every 3 Months
1643,18,Male,Mississippi,South,M,Spring,4.2,No,Store Pickup,Yes,Yes,16,PayPal,Fortnightly
1644,38,Male,Ohio,East,L,Summer,3.9,No,2-Day Shipping,Yes,Yes,6,PayPal,Monthly
1645,68,Male,North Carolina,South,S,Summer,3.9,No,Next Day Air,Yes,Yes,21,Debit Card,Monthly
1646,53,Male,Ohio,East,L,Summer,2.8,No,Standard,Yes,Yes,36,Venmo,Every 3 Months
1647,58,Male,Nebraska,North,S,Summer,3.7,No,Standard,Yes,Yes,20,Bank Transfer,Every 3 Months
1648,34,Male,Hawaii,West,M,Summer,4.9,No,Store Pickup,Yes,Yes,8,Debit Card,Quarterly
1649,36,Male,Oklahoma,South,M,Summer,2.6,No,Express,Yes,Yes,22,Credit Card,Monthly
1650,58,Male,Wisconsin,North,M,Summer,4.9,No,Free Shipping,Yes,Yes,3,Credit Card,Quarterly
1651,60,Male,Arkansas,South,M,Winter,3.4,No,Next Day Air,Yes,Yes,46,Credit Card,Fortnightly
1652,59,Male,Texas,South,M,Winter,3.9,No,Standard,Yes,Yes,42,Debit Card,Monthly
1653,65,Male,New Mexico,West,M,Summer,4,No,Next Day Air,Yes,Yes,1,Bank Transfer,Fortnightly
1654,31,Male,Colorado,West,L,Winter,3,No,2-Day Shipping,Yes,Yes,29,Debit Card,Bi-Weekly
1655,43,Male,Indiana,North,L,Spring,2.6,No,Store Pickup,Yes,Yes,14,Credit Card,Quarterly
1656,37,Male,Arizona,West,L,Spring,3.2,No,Next Day Air,Yes,Yes,4,PayPal,Monthly
1657,21,Male,Indiana,North,L,Spring,2.6,No,2-Day Shipping,Yes,Yes,41,PayPal,Every 3 Months
1658,69,Male,Indiana,North,L,Spring,3.2,No,Store Pickup,Yes,Yes,4,Debit Card,Bi-Weekly
1659,32,Male,Alaska,West,S,Spring,4.1,No,Store Pickup,Yes,Yes,47,Cash,Weekly
1660,53,Male,Utah,West,M,Autumn,3.9,No,Next Day Air,Yes,Yes,44,Venmo,Annually
1661,59,Male,Louisiana,South,L,Winter,4.1,No,Standard,Yes,Yes,37,Venmo,Monthly
1662,64,Male,Iowa,west,S,Summer,2.7,No,2-Day Shipping,Yes,Yes,21,Debit Card,Quarterly
1663,63,Male,New Mexico,West,M,Winter,4.6,No,Free Shipping,Yes,Yes,46,Debit Card,Fortnightly
1664,43,Male,Maine,North,XL,Summer,3.5,No,Standard,Yes,Yes,1,Cash,Bi-Weekly
1665,19,Male,Minnesota,North,M,Spring,5,No,Next Day Air,Yes,Yes,35,PayPal,Weekly
1666,40,Male,New Mexico,West,L,Autumn,3.4,No,Next Day Air,Yes,Yes,49,Venmo,Monthly
1667,51,Male,Arkansas,South,M,Summer,3.1,No,Store Pickup,Yes,Yes,47,PayPal,Annually
1668,51,Male,Oklahoma,South,L,Winter,3.4,No,2-Day Shipping,Yes,Yes,24,Bank Transfer,Every 3 Months
1669,66,Male,Utah,West,L,Summer,4,No,Standard,Yes,Yes,28,Debit Card,Fortnightly
1670,42,Male,Wisconsin,North,L,Winter,2.7,No,Store Pickup,Yes,Yes,22,Bank Transfer,Quarterly
1671,22,Male,Utah,West,L,Autumn,3.6,No,Free Shipping,Yes,Yes,20,Cash,Weekly
1672,31,Male,Utah,West,M,Winter,4,No,Free Shipping,Yes,Yes,25,Bank Transfer,Weekly
1673,18,Male,South Carolina,South,L,Autumn,3.8,No,Free Shipping,Yes,Yes,15,Venmo,Quarterly
1674,21,Male,Hawaii,West,M,Autumn,3.4,No,Next Day Air,Yes,Yes,49,Venmo,Bi-Weekly
1675,35,Male,Alaska,West,M,Winter,3.2,No,Free Shipping,Yes,Yes,10,Debit Card,Fortnightly
1676,35,Male,Colorado,West,M,Spring,4.7,No,Next Day Air,Yes,Yes,21,Credit Card,Annually
1677,27,Male,West Virginia,South,M,Winter,3.1,No,Next Day Air,Yes,Yes,34,Bank Transfer,Weekly
1678,65,Male,Oregon,West,L,Summer,3.3,No,Next Day Air,No,No,41,Debit Card,Weekly
1679,41,Male,Ohio,East,S,Summer,4.8,No,2-Day Shipping,No,No,30,Venmo,Fortnightly
1680,60,Male,Massachusetts,East,S,Autumn,4.5,No,Next Day Air,No,No,24,Debit Card,Bi-Weekly
1681,61,Male,Louisiana,South,M,Summer,3.4,No,Store Pickup,No,No,6,Credit Card,Annually
1682,24,Male,Virginia,South,L,Winter,3.7,No,2-Day Shipping,No,No,14,Credit Card,Bi-Weekly
1683,65,Male,New York,East,M,Autumn,4.9,No,2-Day Shipping,No,No,37,Credit Card,Bi-Weekly
1684,23,Male,Arkansas,South,S,Spring,3.5,No,Next Day Air,No,No,37,Venmo,Quarterly
1685,30,Male,New Mexico,West,M,Spring,4.6,No,Standard,No,No,28,PayPal,Weekly
1686,33,Male,Minnesota,North,M,Winter,4.6,No,Standard,No,No,43,PayPal,Bi-Weekly
1687,22,Male,Illinois,North,L,Autumn,4.2,No,Store Pickup,No,No,25,Cash,Annually
1688,67,Male,Georgia,South,S,Winter,3.7,No,Free Shipping,No,No,4,PayPal,Annually
1689,28,Male,Mississippi,South,S,Winter,3,No,Next Day Air,No,No,13,Venmo,Fortnightly
1690,32,Male,North Carolina,South,L,Winter,4.6,No,Store Pickup,No,No,32,Bank Transfer,Monthly
1691,40,Male,Nevada,West,M,Summer,3.2,No,Free Shipping,No,No,1,Cash,Annually
1692,64,Male,Connecticut,East,L,Summer,3.5,No,Next Day Air,No,No,4,Cash,Annually
1693,56,Male,Utah,West,M,Winter,2.6,No,Standard,No,No,33,Cash,Bi-Weekly
1694,63,Male,Tennessee,South,XL,Autumn,4.9,No,Standard,No,No,45,Bank Transfer,Fortnightly
1695,20,Male,Mississippi,South,M,Summer,2.7,No,Express,No,No,20,Debit Card,Fortnightly
1696,54,Male,Nebraska,North,S,Autumn,4.7,No,2-Day Shipping,No,No,1,PayPal,Fortnightly
1697,31,Male,West Virginia,South,S,Spring,4,No,Free Shipping,No,No,7,Credit Card,Bi-Weekly
1698,36,Male,South Carolina,South,L,Autumn,3.5,No,Next Day Air,No,No,48,Credit Card,Every 3 Months
1699,25,Male,Iowa,west,XL,Winter,4.8,No,Standard,No,No,46,Bank Transfer,Quarterly
1700,20,Male,North Dakota,North,L,Spring,4,No,Free Shipping,No,No,34,Debit Card,Annually
1701,62,Male,West Virginia,South,L,Autumn,4.1,No,Express,No,No,36,Bank Transfer,Monthly
1702,69,Male,Mississippi,South,XL,Winter,3.8,No,Next Day Air,No,No,44,Debit Card,Every 3 Months
1703,54,Male,Alabama,South,XL,Summer,5,No,Express,No,No,48,Bank Transfer,Weekly
1704,39,Male,California,West,M,Spring,4,No,Next Day Air,No,No,12,Bank Transfer,Annually
1705,56,Male,Idaho,West,M,Summer,3.9,No,Store Pickup,No,No,19,Cash,Every 3 Months
1706,39,Male,South Dakota,North,L,Summer,3.4,No,2-Day Shipping,No,No,49,Venmo,Bi-Weekly
1707,37,Male,North Dakota,North,M,Spring,3,No,Standard,No,No,25,Venmo,Fortnightly
1708,25,Male,Nevada,West,L,Autumn,4.9,No,2-Day Shipping,No,No,25,Cash,Bi-Weekly
1709,35,Male,Florida,South,L,Spring,3.2,No,Express,No,No,1,Credit Card,Quarterly
1710,45,Male,Indiana,North,M,Winter,3.8,No,Standard,No,No,19,Bank Transfer,Annually
1711,19,Male,Arkansas,South,XL,Autumn,3.8,No,Store Pickup,No,No,7,Credit Card,Quarterly
1712,21,Male,North Carolina,South,M,Spring,4.7,No,Express,No,No,19,Credit Card,Monthly
1713,65,Male,Illinois,North,S,Autumn,3.8,No,2-Day Shipping,No,No,9,Cash,Fortnightly
1714,49,Male,Missouri,South,M,Winter,4.6,No,Free Shipping,No,No,37,PayPal,Quarterly
1715,30,Male,South Dakota,North,S,Summer,4.4,No,Standard,No,No,15,Cash,Monthly
1716,23,Male,Idaho,West,XL,Spring,3.4,No,2-Day Shipping,No,No,30,PayPal,Bi-Weekly
1717,69,Male,Connecticut,East,M,Winter,4.7,No,Standard,No,No,30,Cash,Every 3 Months
1718,29,Male,Hawaii,West,L,Summer,2.9,No,Express,No,No,16,Debit Card,Bi-Weekly
1719,54,Male,Maryland,East,L,Winter,3.4,No,2-Day Shipping,No,No,14,PayPal,Every 3 Months
1720,45,Male,Maryland,East,M,Winter,3.2,No,Free Shipping,No,No,8,Venmo,Quarterly
1721,25,Male,Massachusetts,East,S,Winter,2.8,No,Express,No,No,40,Debit Card,Bi-Weekly
1722,34,Male,Delaware,East,S,Spring,4.3,No,Free Shipping,No,No,24,Credit Card,Monthly
1723,46,Male,Massachusetts,East,L,Summer,3.3,No,Standard,No,No,14,Cash,Fortnightly
1724,70,Male,New York,East,XL,Spring,3.3,No,Standard,No,No,39,PayPal,Annually
1725,42,Male,Delaware,East,S,Winter,3.3,No,Free Shipping,No,No,21,PayPal,Weekly
1726,45,Male,Massachusetts,East,M,Spring,3,No,Next Day Air,No,No,32,Venmo,Quarterly
1727,57,Male,Indiana,North,S,Summer,2.8,No,Express,No,No,45,Debit Card,Weekly
1728,49,Male,Virginia,South,S,Spring,4,No,Express,No,No,19,PayPal,Monthly
1729,23,Male,Wyoming,West,L,Autumn,4.3,No,Express,No,No,1,Debit Card,Every 3 Months
1730,47,Male,Illinois,North,M,Winter,3.8,No,Store Pickup,No,No,12,Venmo,Fortnightly
1731,23,Male,Alabama,South,S,Autumn,4.2,No,Free Shipping,No,No,26,Credit Card,Weekly
1732,21,Male,Idaho,West,M,Autumn,3.1,No,Next Day Air,No,No,12,Cash,Monthly
1733,45,Male,Rhode Island,East,S,Winter,2.6,No,Free Shipping,No,No,36,Cash,Every 3 Months
1734,67,Male,New York,East,L,Summer,3.4,No,Express,No,No,22,Credit Card,Annually
1735,31,Male,Missouri,South,L,Spring,3.1,No,Next Day Air,No,No,16,PayPal,Quarterly
1736,58,Male,Texas,South,M,Winter,3.6,No,Express,No,No,31,Venmo,Annually
1737,57,Male,Tennessee,South,M,Summer,2.6,No,2-Day Shipping,No,No,43,Cash,Quarterly
1738,42,Male,Ohio,East,L,Summer,4.2,No,Store Pickup,No,No,50,Venmo,Bi-Weekly
1739,60,Male,Tennessee,South,M,Spring,2.9,No,2-Day Shipping,No,No,37,Credit Card,Weekly
1740,21,Male,Minnesota,North,L,Winter,4.2,No,Express,No,No,23,Cash,Weekly
1741,69,Male,Wisconsin,North,L,Autumn,3.3,No,Next Day Air,No,No,10,Bank Transfer,Every 3 Months
1742,41,Male,Delaware,East,XL,Winter,3.6,No,Next Day Air,No,No,20,Bank Transfer,Monthly
1743,51,Male,Kansas,West,XL,Spring,4.3,No,Express,No,No,18,Venmo,Every 3 Months
1744,23,Male,Missouri,South,XL,Winter,3.3,No,Standard,No,No,3,Bank Transfer,Weekly
1745,57,Male,Michigan,North,L,Winter,3,No,Standard,No,No,23,PayPal,Weekly
1746,40,Male,West Virginia,South,L,Winter,3.6,No,Store Pickup,No,No,27,Cash,Weekly
1747,65,Male,Alabama,South,L,Summer,3.1,No,Store Pickup,No,No,44,Bank Transfer,Fortnightly
1748,61,Male,New Hampshire,North,M,Winter,2.9,No,Express,No,No,41,Venmo,Quarterly
1749,34,Male,Montana,West,L,Winter,3.9,No,2-Day Shipping,No,No,41,Bank Transfer,Annually
1750,43,Male,Wyoming,West,L,Autumn,3.2,No,2-Day Shipping,No,No,36,Debit Card,Every 3 Months
1751,31,Male,Missouri,South,M,Autumn,3.1,No,Express,No,No,38,Venmo,Every 3 Months
1752,57,Male,Ohio,East,M,Winter,3.2,No,2-Day Shipping,No,No,34,Cash,Annually
1753,34,Male,South Dakota,North,L,Winter,3.3,No,Store Pickup,No,No,14,Venmo,Quarterly
1754,25,Male,Colorado,West,L,Autumn,4.8,No,Next Day Air,No,No,23,Credit Card,Fortnightly
1755,66,Male,Massachusetts,East,S,Autumn,3.8,No,2-Day Shipping,No,No,18,Credit Card,Fortnightly
1756,56,Male,Delaware,East,XL,Spring,4.6,No,Next Day Air,No,No,45,Cash,Monthly
1757,49,Male,New Hampshire,North,S,Autumn,2.8,No,Free Shipping,No,No,14,Bank Transfer,Weekly
1758,19,Male,Michigan,North,L,Autumn,3.6,No,Standard,No,No,48,Debit Card,Annually
1759,27,Male,Pennsylvania,East,M,Winter,4.3,No,Free Shipping,No,No,17,Venmo,Bi-Weekly
1760,68,Male,Louisiana,South,L,Spring,4,No,Next Day Air,No,No,1,PayPal,Weekly
1761,20,Male,Minnesota,North,XL,Spring,3.5,No,Standard,No,No,39,PayPal,Weekly
1762,21,Male,Hawaii,West,S,Autumn,4.9,No,2-Day Shipping,No,No,24,Cash,Weekly
1763,36,Male,Idaho,West,M,Summer,3.1,No,Express,No,No,41,Bank Transfer,Fortnightly
1764,37,Male,Vermont,North,M,Winter,3.9,No,Store Pickup,No,No,28,PayPal,Annually
1765,61,Male,Delaware,East,M,Summer,3,No,Store Pickup,No,No,34,Venmo,Quarterly
1766,68,Male,New Mexico,West,M,Spring,4.1,No,2-Day Shipping,No,No,41,Venmo,Quarterly
1767,60,Male,Alaska,West,S,Winter,4.3,No,2-Day Shipping,No,No,27,Cash,Bi-Weekly
1768,69,Male,Minnesota,North,L,Autumn,3.8,No,2-Day Shipping,No,No,46,Debit Card,Fortnightly
1769,25,Male,Nebraska,North,M,Summer,3.9,No,2-Day Shipping,No,No,2,PayPal,Every 3 Months
1770,32,Male,Alaska,West,L,Winter,4.3,No,Free Shipping,No,No,45,Cash,Monthly
1771,53,Male,Michigan,North,M,Autumn,4.3,No,Express,No,No,34,Bank Transfer,Weekly
1772,46,Male,Indiana,North,XL,Autumn,4.7,No,Store Pickup,No,No,9,Credit Card,Annually
1773,58,Male,Hawaii,West,M,Summer,3.1,No,2-Day Shipping,No,No,1,Bank Transfer,Annually
1774,21,Male,West Virginia,South,M,Summer,2.7,No,Free Shipping,No,No,17,PayPal,Annually
1775,46,Male,New York,East,M,Spring,3.7,No,Express,No,No,6,PayPal,Weekly
1776,18,Male,Iowa,west,M,Spring,3.3,No,2-Day Shipping,No,No,12,Cash,Bi-Weekly
1777,56,Male,Arizona,West,L,Summer,3.4,No,Free Shipping,No,No,10,Venmo,Every 3 Months
1778,18,Male,Minnesota,North,L,Winter,4.7,No,Free Shipping,No,No,4,Cash,Fortnightly
1779,49,Male,Texas,South,M,Winter,4.9,No,Store Pickup,No,No,8,Debit Card,Bi-Weekly
1780,29,Male,Virginia,South,M,Winter,4.3,No,Free Shipping,No,No,41,Venmo,Weekly
1781,67,Male,North Dakota,North,S,Summer,4.2,No,Next Day Air,No,No,49,Credit Card,Weekly
1782,31,Male,Iowa,west,M,Autumn,3.7,No,Express,No,No,49,Bank Transfer,Quarterly
1783,52,Male,Utah,West,M,Autumn,2.7,No,Next Day Air,No,No,40,Bank Transfer,Fortnightly
1784,42,Male,Ohio,East,L,Winter,3.3,No,Free Shipping,No,No,30,Credit Card,Monthly
1785,32,Male,Louisiana,South,L,Summer,4.8,No,Standard,No,No,4,Debit Card,Quarterly
1786,47,Male,Iowa,west,S,Autumn,4.1,No,Next Day Air,No,No,22,Venmo,Monthly
1787,45,Male,Maryland,East,M,Spring,4.6,No,2-Day Shipping,No,No,22,Venmo,Monthly
1788,20,Male,Montana,West,L,Autumn,4.9,No,2-Day Shipping,No,No,10,Bank Transfer,Quarterly
1789,66,Male,Illinois,North,L,Summer,3.1,No,Store Pickup,No,No,23,Cash,Bi-Weekly
1790,52,Male,Arizona,West,L,Spring,3,No,2-Day Shipping,No,No,43,Debit Card,Quarterly
1791,50,Male,North Carolina,South,S,Summer,3.7,No,Store Pickup,No,No,31,PayPal,Bi-Weekly
1792,62,Male,Montana,West,S,Winter,4,No,Store Pickup,No,No,38,Cash,Annually
1793,38,Male,Iowa,west,M,Autumn,3,No,Express,No,No,22,Debit Card,Every 3 Months
1794,65,Male,Iowa,west,S,Autumn,3.8,No,Store Pickup,No,No,45,Cash,Every 3 Months
1795,60,Male,Ohio,East,L,Spring,3.7,No,Express,No,No,21,Debit Card,Fortnightly
1796,68,Male,Wisconsin,North,S,Autumn,4,No,2-Day Shipping,No,No,9,Debit Card,Fortnightly
1797,62,Male,South Carolina,South,S,Spring,3.1,No,Store Pickup,No,No,34,Venmo,Weekly
1798,62,Male,Oregon,West,L,Spring,3.9,No,2-Day Shipping,No,No,26,Venmo,Weekly
1799,40,Male,North Dakota,North,L,Winter,3.7,No,Express,No,No,1,Cash,Weekly
1800,32,Male,California,West,M,Autumn,3.9,No,Express,No,No,47,Venmo,Weekly
1801,22,Male,Mississippi,South,XL,Winter,2.7,No,Express,No,No,30,Credit Card,Weekly
1802,33,Male,New Jersey,East,M,Spring,3.9,No,Express,No,No,48,Debit Card,Fortnightly
1803,57,Male,Rhode Island,East,L,Winter,2.6,No,Store Pickup,No,No,31,Venmo,Bi-Weekly
1804,60,Male,New Hampshire,North,S,Summer,3.5,No,Free Shipping,No,No,33,Venmo,Fortnightly
1805,30,Male,Louisiana,South,L,Winter,4.4,No,Next Day Air,No,No,39,Credit Card,Weekly
1806,41,Male,Arizona,West,L,Spring,4.9,No,Store Pickup,No,No,46,Debit Card,Weekly
1807,58,Male,Rhode Island,East,M,Autumn,3.9,No,Standard,No,No,24,Venmo,Annually
1808,34,Male,Vermont,North,L,Summer,3.5,No,Standard,No,No,37,Venmo,Fortnightly
1809,67,Male,Tennessee,South,M,Spring,4.3,No,Next Day Air,No,No,7,Debit Card,Monthly
1810,58,Male,Alaska,West,S,Autumn,3.4,No,Free Shipping,No,No,6,Debit Card,Fortnightly
1811,41,Male,Maryland,East,M,Autumn,2.7,No,Standard,No,No,16,Cash,Bi-Weekly
1812,42,Male,Wisconsin,North,L,Summer,3.6,No,Standard,No,No,33,Bank Transfer,Annually
1813,50,Male,Nevada,West,S,Summer,4.9,No,Express,No,No,18,PayPal,Bi-Weekly
1814,40,Male,Illinois,North,M,Spring,3.5,No,Free Shipping,No,No,24,PayPal,Weekly
1815,32,Male,Montana,West,M,Summer,3.8,No,Free Shipping,No,No,24,Cash,Quarterly
1816,51,Male,New Mexico,West,L,Winter,4.5,No,2-Day Shipping,No,No,48,Credit Card,Every 3 Months
1817,26,Male,Virginia,South,M,Summer,4,No,Express,No,No,4,Cash,Weekly
1818,32,Male,Delaware,East,M,Summer,4.7,No,Free Shipping,No,No,20,Cash,Weekly
1819,58,Male,North Carolina,South,M,Autumn,3.8,No,Express,No,No,47,Debit Card,Every 3 Months
1820,51,Male,Nevada,West,S,Spring,4.5,No,Next Day Air,No,No,50,Cash,Quarterly
1821,19,Male,Washington,West,XL,Autumn,5,No,Express,No,No,31,PayPal,Monthly
1822,57,Male,Maine,North,M,Spring,2.8,No,Express,No,No,29,PayPal,Quarterly
1823,66,Male,Connecticut,East,S,Summer,4.4,No,Standard,No,No,4,Cash,Annually
1824,62,Male,Louisiana,South,L,Autumn,4.7,No,Free Shipping,No,No,40,Bank Transfer,Bi-Weekly
1825,58,Male,Illinois,North,XL,Winter,3.8,No,Express,No,No,31,Cash,Monthly
1826,23,Male,South Dakota,North,M,Winter,4.9,No,Next Day Air,No,No,41,Credit Card,Weekly
1827,45,Male,Indiana,North,M,Winter,4.2,No,Express,No,No,44,Debit Card,Annually
1828,20,Male,Vermont,North,S,Spring,4.9,No,2-Day Shipping,No,No,31,Bank Transfer,Weekly
1829,33,Male,New Hampshire,North,L,Spring,3.9,No,Express,No,No,45,Cash,Every 3 Months
1830,30,Male,Oregon,West,M,Spring,4.9,No,2-Day Shipping,No,No,50,Credit Card,Quarterly
1831,50,Male,Kansas,West,M,Winter,4.8,No,Express,No,No,7,Venmo,Annually
1832,62,Male,Maine,North,M,Summer,3.3,No,Free Shipping,No,No,5,Bank Transfer,Every 3 Months
1833,69,Male,Louisiana,South,M,Autumn,4.6,No,Free Shipping,No,No,48,Cash,Monthly
1834,34,Male,Louisiana,South,M,Spring,4.5,No,2-Day Shipping,No,No,19,PayPal,Fortnightly
1835,49,Male,Indiana,North,M,Summer,4.1,No,2-Day Shipping,No,No,39,Venmo,Fortnightly
1836,65,Male,Kentucky,South,M,Autumn,3.2,No,2-Day Shipping,No,No,45,Credit Card,Quarterly
1837,66,Male,South Carolina,South,M,Autumn,4.2,No,2-Day Shipping,No,No,35,Credit Card,Monthly
1838,41,Male,Montana,West,M,Winter,4.8,No,Free Shipping,No,No,8,Venmo,Monthly
1839,37,Male,Vermont,North,L,Autumn,4.1,No,Next Day Air,No,No,11,Credit Card,Quarterly
1840,32,Male,Mississippi,South,XL,Winter,3.7,No,Store Pickup,No,No,32,Cash,Annually
1841,42,Male,Wyoming,West,M,Winter,2.6,No,Store Pickup,No,No,46,Bank Transfer,Every 3 Months
1842,31,Male,Vermont,North,L,Winter,3,No,Standard,No,No,7,PayPal,Every 3 Months
1843,61,Male,Alabama,South,M,Summer,4.4,No,Express,No,No,1,Debit Card,Annually
1844,36,Male,Kentucky,South,M,Autumn,4.7,No,Next Day Air,No,No,32,Credit Card,Monthly
1845,60,Male,South Dakota,North,M,Spring,2.7,No,2-Day Shipping,No,No,31,Credit Card,Annually
1846,51,Male,Delaware,East,M,Winter,2.8,No,2-Day Shipping,No,No,39,Bank Transfer,Quarterly
1847,68,Male,Wisconsin,North,M,Summer,2.9,No,Standard,No,No,9,Venmo,Quarterly
1848,46,Male,Arizona,West,XL,Summer,4.4,No,Free Shipping,No,No,49,Credit Card,Weekly
1849,19,Male,Maine,North,XL,Winter,2.7,No,Express,No,No,34,Cash,Every 3 Months
1850,30,Male,New Mexico,West,M,Winter,4.5,No,Store Pickup,No,No,35,Bank Transfer,Monthly
1851,51,Male,Wyoming,West,S,Winter,2.8,No,Store Pickup,No,No,50,Debit Card,Weekly
1852,28,Male,Delaware,East,S,Autumn,3.1,No,Free Shipping,No,No,4,Bank Transfer,Fortnightly
1853,41,Male,Pennsylvania,East,XL,Winter,3.8,No,Store Pickup,No,No,32,Cash,Weekly
1854,29,Male,North Dakota,North,XL,Spring,2.9,No,Express,No,No,11,PayPal,Fortnightly
1855,25,Male,Kentucky,South,M,Spring,3.8,No,Express,No,No,49,Credit Card,Annually
1856,60,Male,Rhode Island,East,XL,Spring,4.7,No,Standard,No,No,9,Cash,Annually
1857,63,Male,Arizona,West,XL,Summer,3.2,No,Free Shipping,No,No,30,PayPal,Bi-Weekly
1858,51,Male,Colorado,West,L,Summer,4,No,Next Day Air,No,No,33,Cash,Monthly
1859,22,Male,Maine,North,S,Spring,4.9,No,2-Day Shipping,No,No,8,Debit Card,Annually
1860,54,Male,New Jersey,East,L,Summer,3.7,No,Store Pickup,No,No,29,Debit Card,Fortnightly
1861,18,Male,Kansas,West,M,Summer,4.8,No,Next Day Air,No,No,4,Credit Card,Monthly
1862,29,Male,South Dakota,North,S,Autumn,3.6,No,Standard,No,No,19,Debit Card,Monthly
1863,59,Male,New Hampshire,North,M,Winter,4.6,No,Express,No,No,10,PayPal,Fortnightly
1864,25,Male,Connecticut,East,L,Spring,4.3,No,2-Day Shipping,No,No,39,Debit Card,Monthly
1865,19,Male,Wyoming,West,S,Autumn,3.2,No,2-Day Shipping,No,No,21,Venmo,Quarterly
1866,56,Male,Missouri,South,S,Summer,3.8,No,Store Pickup,No,No,12,Bank Transfer,Monthly
1867,31,Male,Alaska,West,XL,Winter,4.2,No,Standard,No,No,9,Credit Card,Fortnightly
1868,45,Male,Delaware,East,M,Autumn,3.4,No,2-Day Shipping,No,No,20,Venmo,Quarterly
1869,23,Male,Indiana,North,M,Spring,4.7,No,Next Day Air,No,No,44,Cash,Fortnightly
1870,18,Male,West Virginia,South,S,Spring,3.9,No,2-Day Shipping,No,No,16,Debit Card,Every 3 Months
1871,43,Male,Wyoming,West,L,Spring,4.3,No,Store Pickup,No,No,27,Debit Card,Fortnightly
1872,56,Male,Illinois,North,XL,Autumn,2.7,No,Standard,No,No,14,Cash,Every 3 Months
1873,43,Male,Alaska,West,M,Summer,4.6,No,Standard,No,No,24,Credit Card,Monthly
1874,64,Male,Wisconsin,North,XL,Autumn,2.9,No,Express,No,No,49,Bank Transfer,Weekly
1875,67,Male,Indiana,North,L,Autumn,3.6,No,Free Shipping,No,No,14,Cash,Weekly
1876,63,Male,Tennessee,South,M,Winter,3.9,No,Next Day Air,No,No,6,Credit Card,Quarterly
1877,54,Male,Illinois,North,M,Autumn,2.6,No,Standard,No,No,20,Venmo,Quarterly
1878,69,Male,Pennsylvania,East,L,Autumn,3.6,No,Express,No,No,3,Credit Card,Annually
1879,34,Male,Oklahoma,South,L,Summer,3.4,No,Store Pickup,No,No,5,Credit Card,Monthly
1880,56,Male,Tennessee,South,L,Spring,3.5,No,Express,No,No,46,Cash,Bi-Weekly
1881,34,Male,New Jersey,East,L,Autumn,3.1,No,2-Day Shipping,No,No,8,Debit Card,Monthly
1882,58,Male,New Jersey,East,M,Winter,4.3,No,Standard,No,No,13,Cash,Bi-Weekly
1883,44,Male,Tennessee,South,L,Winter,5,No,Store Pickup,No,No,25,Bank Transfer,Quarterly
1884,25,Male,Georgia,South,M,Spring,4.9,No,Store Pickup,No,No,39,Debit Card,Fortnightly
1885,27,Male,Arizona,West,S,Summer,4.3,No,Next Day Air,No,No,15,Bank Transfer,Bi-Weekly
1886,26,Male,Nevada,West,S,Winter,4.4,No,Standard,No,No,35,Cash,Monthly
1887,18,Male,Arkansas,South,L,Spring,4.4,No,Next Day Air,No,No,46,Cash,Bi-Weekly
1888,64,Male,North Dakota,North,XL,Autumn,3.5,No,Express,No,No,3,PayPal,Monthly
1889,62,Male,South Dakota,North,XL,Winter,3.4,No,Free Shipping,No,No,48,Credit Card,Weekly
1890,59,Male,North Carolina,South,L,Spring,2.5,No,Next Day Air,No,No,27,Bank Transfer,Weekly
1891,36,Male,Hawaii,West,M,Spring,3.4,No,Store Pickup,No,No,5,Credit Card,Weekly
1892,69,Male,New Hampshire,North,M,Summer,2.6,No,Next Day Air,No,No,48,Debit Card,Quarterly
1893,39,Male,California,West,M,Autumn,4.6,No,2-Day Shipping,No,No,12,Venmo,Weekly
1894,28,Male,Delaware,East,L,Summer,3.7,No,Express,No,No,10,PayPal,Fortnightly
1895,42,Male,Arizona,West,M,Autumn,2.5,No,Free Shipping,No,No,48,Debit Card,Bi-Weekly
1896,31,Male,Washington,West,L,Autumn,4.5,No,Express,No,No,3,Debit Card,Monthly
1897,57,Male,Nevada,West,M,Autumn,2.9,No,Standard,No,No,19,Venmo,Monthly
1898,53,Male,Alaska,West,L,Winter,2.9,No,Free Shipping,No,No,11,Debit Card,Fortnightly
1899,59,Male,Texas,South,L,Autumn,3.5,No,Next Day Air,No,No,25,Venmo,Monthly
1900,32,Male,New York,East,L,Winter,4.2,No,Store Pickup,No,No,42,PayPal,Weekly
1901,65,Male,Iowa,west,S,Summer,3.3,No,Free Shipping,No,No,34,Cash,Quarterly
1902,56,Male,Arizona,West,S,Winter,3.9,No,Store Pickup,No,No,50,Cash,Quarterly
1903,31,Male,New Mexico,West,S,Spring,5,No,Store Pickup,No,No,21,Venmo,Monthly
1904,59,Male,North Carolina,South,M,Summer,3.3,No,Standard,No,No,37,Bank Transfer,Weekly
1905,22,Male,Nevada,West,S,Spring,4.2,No,Free Shipping,No,No,46,Cash,Monthly
1906,47,Male,Idaho,West,M,Summer,4.9,No,2-Day Shipping,No,No,14,Bank Transfer,Fortnightly
1907,23,Male,Vermont,North,M,Spring,4.6,No,2-Day Shipping,No,No,24,PayPal,Fortnightly
1908,69,Male,New Mexico,West,L,Autumn,4.8,No,Store Pickup,No,No,36,Credit Card,Every 3 Months
1909,18,Male,Georgia,South,XL,Winter,2.7,No,Next Day Air,No,No,19,Debit Card,Bi-Weekly
1910,50,Male,Kentucky,South,S,Spring,4.3,No,Store Pickup,No,No,12,Credit Card,Monthly
1911,29,Male,New York,East,S,Autumn,3.8,No,Express,No,No,13,Debit Card,Quarterly
1912,65,Male,Arizona,West,M,Spring,4.9,No,Express,No,No,32,Debit Card,Bi-Weekly
1913,29,Male,Colorado,West,S,Winter,3.4,No,2-Day Shipping,No,No,5,Credit Card,Bi-Weekly
1914,49,Male,Kentucky,South,M,Winter,3.6,No,Express,No,No,29,Cash,Annually
1915,28,Male,Alaska,West,L,Autumn,3.4,No,Standard,No,No,40,Credit Card,Fortnightly
1916,51,Male,Alabama,South,M,Autumn,4.7,No,2-Day Shipping,No,No,44,Cash,Weekly
1917,26,Male,Connecticut,East,S,Winter,3,No,Next Day Air,No,No,3,Debit Card,Bi-Weekly
1918,38,Male,Hawaii,West,L,Winter,3.4,No,Free Shipping,No,No,35,PayPal,Bi-Weekly
1919,35,Male,Idaho,West,S,Summer,4.6,No,Standard,No,No,33,Debit Card,Monthly
1920,34,Male,Virginia,South,M,Summer,3.1,No,Express,No,No,20,PayPal,Bi-Weekly
1921,51,Male,Connecticut,East,M,Spring,2.8,No,Standard,No,No,40,Cash,Every 3 Months
1922,47,Male,Michigan,North,M,Autumn,3.5,No,Store Pickup,No,No,13,Venmo,Annually
1923,18,Male,Kentucky,South,S,Summer,4.6,No,Standard,No,No,9,PayPal,Monthly
1924,64,Male,Nebraska,North,XL,Summer,4.3,No,Standard,No,No,7,Cash,Annually
1925,30,Male,Michigan,North,M,Autumn,4.8,No,Free Shipping,No,No,42,PayPal,Quarterly
1926,59,Male,Utah,West,L,Winter,2.9,No,Express,No,No,44,Credit Card,Fortnightly
1927,66,Male,New Mexico,West,M,Spring,3,No,Express,No,No,6,PayPal,Annually
1928,40,Male,Florida,South,M,Summer,2.9,No,Standard,No,No,8,Cash,Every 3 Months
1929,25,Male,Mississippi,South,S,Summer,3.7,No,Standard,No,No,10,PayPal,Weekly
1930,59,Male,Hawaii,West,L,Autumn,4.7,No,Standard,No,No,46,Venmo,Quarterly
1931,66,Male,North Carolina,South,L,Spring,3.5,No,Store Pickup,No,No,26,Cash,Weekly
1932,54,Male,Illinois,North,S,Spring,2.7,No,Store Pickup,No,No,6,Debit Card,Every 3 Months
1933,42,Male,Maryland,East,M,Spring,5,No,Free Shipping,No,No,47,Credit Card,Every 3 Months
1934,48,Male,Montana,West,L,Summer,4.1,No,Next Day Air,No,No,28,Venmo,Annually
1935,34,Male,Michigan,North,L,Winter,2.7,No,Free Shipping,No,No,23,Bank Transfer,Annually
1936,19,Male,North Carolina,South,XL,Spring,4.8,No,Free Shipping,No,No,45,Cash,Fortnightly
1937,70,Male,Minnesota,North,S,Summer,4.3,No,2-Day Shipping,No,No,44,PayPal,Every 3 Months
1938,43,Male,Delaware,East,M,Summer,4.5,No,2-Day Shipping,No,No,11,Bank Transfer,Monthly
1939,46,Male,Kentucky,South,L,Spring,3.8,No,Standard,No,No,39,Debit Card,Bi-Weekly
1940,66,Male,Ohio,East,L,Winter,3.7,No,Store Pickup,No,No,20,PayPal,Every 3 Months
1941,50,Male,Alaska,West,L,Autumn,3.9,No,2-Day Shipping,No,No,48,PayPal,Fortnightly
1942,55,Male,Vermont,North,XL,Winter,3.3,No,Standard,No,No,46,Credit Card,Quarterly
1943,63,Male,Alabama,South,M,Autumn,3.4,No,Express,No,No,22,PayPal,Monthly
1944,32,Male,Wisconsin,North,L,Summer,3.8,No,Next Day Air,No,No,45,Cash,Annually
1945,30,Male,Arkansas,South,M,Winter,2.7,No,Free Shipping,No,No,49,Cash,Every 3 Months
1946,35,Male,Georgia,South,M,Winter,2.9,No,2-Day Shipping,No,No,9,Credit Card,Every 3 Months
1947,59,Male,Louisiana,South,M,Summer,4.5,No,Standard,No,No,41,Credit Card,Quarterly
1948,59,Male,New York,East,M,Summer,2.6,No,Store Pickup,No,No,2,PayPal,Monthly
1949,54,Male,Connecticut,East,L,Winter,3.1,No,Next Day Air,No,No,39,PayPal,Bi-Weekly
1950,63,Male,Nebraska,North,L,Winter,4.7,No,Store Pickup,No,No,12,PayPal,Quarterly
1951,43,Male,Arkansas,South,L,Summer,4.6,No,Free Shipping,No,No,26,PayPal,Every 3 Months
1952,33,Male,Connecticut,East,L,Summer,2.7,No,Next Day Air,No,No,32,Bank Transfer,Bi-Weekly
1953,57,Male,Maryland,East,L,Summer,4.6,No,2-Day Shipping,No,No,50,Cash,Bi-Weekly
1954,25,Male,Colorado,West,XL,Spring,4.8,No,Standard,No,No,3,PayPal,Fortnightly
1955,26,Male,Colorado,West,M,Winter,4.2,No,Free Shipping,No,No,3,Venmo,Quarterly
1956,50,Male,Maine,North,M,Winter,4.9,No,Express,No,No,37,Cash,Monthly
1957,70,Male,Oklahoma,South,M,Winter,4.9,No,Express,No,No,20,Credit Card,Fortnightly
1958,68,Male,South Carolina,South,M,Spring,4.5,No,Store Pickup,No,No,26,Cash,Bi-Weekly
1959,39,Male,Nevada,West,M,Winter,2.7,No,Store Pickup,No,No,47,Cash,Quarterly
1960,46,Male,Colorado,West,M,Autumn,3.1,No,Store Pickup,No,No,7,Credit Card,Every 3 Months
1961,57,Male,Massachusetts,East,L,Summer,3.3,No,2-Day Shipping,No,No,40,Credit Card,Annually
1962,47,Male,Nevada,West,L,Summer,2.6,No,Free Shipping,No,No,45,Debit Card,Quarterly
1963,40,Male,Iowa,west,M,Autumn,4.4,No,Standard,No,No,20,PayPal,Fortnightly
1964,52,Male,Michigan,North,L,Spring,3.9,No,Standard,No,No,11,Credit Card,Weekly
1965,40,Male,West Virginia,South,S,Summer,4.6,No,Express,No,No,50,Debit Card,Monthly
1966,67,Male,Indiana,North,M,Autumn,4.9,No,Express,No,No,25,Debit Card,Quarterly
1967,67,Male,Indiana,North,XL,Winter,3.7,No,Express,No,No,5,Credit Card,Fortnightly
1968,37,Male,Georgia,South,L,Autumn,3.7,No,Standard,No,No,4,Venmo,Annually
1969,67,Male,Minnesota,North,S,Spring,4.2,No,Standard,No,No,25,Credit Card,Weekly
1970,64,Male,Louisiana,South,S,Winter,3.5,No,Next Day Air,No,No,11,Bank Transfer,Fortnightly
1971,28,Male,Maryland,East,M,Spring,2.9,No,Next Day Air,No,No,4,Credit Card,Bi-Weekly
1972,54,Male,Pennsylvania,East,XL,Spring,3.4,No,Next Day Air,No,No,1,Venmo,Monthly
1973,54,Male,Louisiana,South,M,Summer,3.3,No,Express,No,No,48,PayPal,Every 3 Months
1974,24,Male,Maryland,East,XL,Autumn,4.5,No,Standard,No,No,9,Venmo,Every 3 Months
1975,27,Male,Tennessee,South,M,Winter,4.6,No,2-Day Shipping,No,No,2,PayPal,Fortnightly
1976,53,Male,Illinois,North,L,Autumn,2.9,No,Express,No,No,4,Cash,Quarterly
1977,32,Male,Wyoming,West,M,Spring,3.2,No,Next Day Air,No,No,43,PayPal,Fortnightly
1978,24,Male,Florida,South,M,Summer,2.6,No,Free Shipping,No,No,32,Bank Transfer,Annually
1979,45,Male,Massachusetts,East,L,Spring,3.8,No,Store Pickup,No,No,1,Cash,Quarterly
1980,49,Male,Tennessee,South,L,Spring,2.8,No,Store Pickup,No,No,38,Debit Card,Fortnightly
1981,51,Male,Iowa,west,M,Winter,4.4,No,Store Pickup,No,No,25,PayPal,Fortnightly
1982,69,Male,Michigan,North,L,Summer,4.7,No,Express,No,No,42,PayPal,Quarterly
1983,41,Male,Kansas,West,M,Summer,2.7,No,2-Day Shipping,No,No,32,PayPal,Monthly
1984,59,Male,Georgia,South,M,Summer,2.6,No,Next Day Air,No,No,21,Debit Card,Quarterly
1985,26,Male,West Virginia,South,M,Summer,3.4,No,2-Day Shipping,No,No,26,PayPal,Fortnightly
1986,23,Male,Tennessee,South,M,Spring,3.9,No,2-Day Shipping,No,No,6,Credit Card,Fortnightly
1987,62,Male,Arkansas,South,L,Summer,3.4,No,2-Day Shipping,No,No,14,Venmo,Quarterly
1988,69,Male,Vermont,North,XL,Summer,3.4,No,Express,No,No,4,Cash,Quarterly
1989,46,Male,Virginia,South,M,Winter,3.9,No,Free Shipping,No,No,26,Bank Transfer,Weekly
1990,35,Male,Maryland,East,S,Spring,4,No,Express,No,No,39,PayPal,Bi-Weekly
1991,32,Male,Connecticut,East,L,Spring,3.4,No,2-Day Shipping,No,No,15,PayPal,Annually
1992,46,Male,Missouri,South,M,Summer,3.7,No,Next Day Air,No,No,1,Venmo,Every 3 Months
1993,33,Male,New Jersey,East,L,Winter,4.9,No,2-Day Shipping,No,No,28,Venmo,Monthly
1994,32,Male,Arkansas,South,S,Spring,5,No,Express,No,No,17,Cash,Weekly
1995,33,Male,Nevada,West,M,Autumn,2.9,No,Next Day Air,No,No,24,Credit Card,Weekly
1996,67,Male,Missouri,South,S,Spring,3,No,Standard,No,No,29,Debit Card,Quarterly
1997,67,Male,South Dakota,North,L,Summer,3.3,No,Next Day Air,No,No,18,Cash,Every 3 Months
1998,42,Male,Connecticut,East,M,Autumn,4.7,No,Express,No,No,10,Debit Card,Bi-Weekly
1999,20,Male,Vermont,North,M,Autumn,3.4,No,2-Day Shipping,No,No,19,Cash,Quarterly
2000,39,Male,Tennessee,South,L,Winter,4.6,No,2-Day Shipping,No,No,26,Debit Card,Monthly
2001,26,Male,California,West,M,Winter,3.6,No,2-Day Shipping,No,No,25,Cash,Bi-Weekly
2002,51,Male,Wyoming,West,S,Winter,2.6,No,Free Shipping,No,No,2,Debit Card,Fortnightly
2003,31,Male,New York,East,M,Summer,2.7,No,Express,No,No,19,PayPal,Every 3 Months
2004,68,Male,Maine,North,S,Spring,3.1,No,Express,No,No,32,Cash,Quarterly
2005,44,Male,Georgia,South,L,Autumn,3.2,No,2-Day Shipping,No,No,13,Cash,Bi-Weekly
2006,18,Male,Tennessee,South,M,Winter,3.4,No,Store Pickup,No,No,30,PayPal,Fortnightly
2007,58,Male,New Mexico,West,S,Autumn,4.4,No,Express,No,No,2,Credit Card,Annually
2008,26,Male,Virginia,South,M,Summer,3.2,No,2-Day Shipping,No,No,8,PayPal,Quarterly
2009,57,Male,Florida,South,M,Spring,2.5,No,Free Shipping,No,No,27,PayPal,Every 3 Months
2010,37,Male,Alabama,South,M,Summer,3.8,No,Next Day Air,No,No,26,Venmo,Bi-Weekly
2011,24,Male,Texas,South,M,Summer,4.4,No,2-Day Shipping,No,No,3,Debit Card,Bi-Weekly
2012,57,Male,West Virginia,South,M,Spring,3.7,No,Express,No,No,4,Bank Transfer,Monthly
2013,48,Male,Nevada,West,L,Autumn,3.2,No,Store Pickup,No,No,5,Cash,Fortnightly
2014,39,Male,Virginia,South,M,Winter,4.9,No,Standard,No,No,25,Debit Card,Quarterly
2015,51,Male,Wisconsin,North,L,Summer,3.9,No,Standard,No,No,47,PayPal,Bi-Weekly
2016,57,Male,Virginia,South,S,Summer,4.5,No,Next Day Air,No,No,8,Credit Card,Fortnightly
2017,53,Male,Maine,North,S,Winter,3.4,No,Standard,No,No,20,Debit Card,Fortnightly
2018,70,Male,Massachusetts,East,S,Winter,4.1,No,Next Day Air,No,No,42,Bank Transfer,Every 3 Months
2019,60,Male,Arkansas,South,S,Autumn,4.5,No,Store Pickup,No,No,20,Bank Transfer,Weekly
2020,31,Male,Idaho,West,S,Winter,4.7,No,Store Pickup,No,No,23,Cash,Fortnightly
2021,41,Male,Pennsylvania,East,M,Winter,4.8,No,Next Day Air,No,No,26,Cash,Quarterly
2022,62,Male,Maine,North,M,Winter,4.4,No,Standard,No,No,48,Venmo,Quarterly
2023,59,Male,Alabama,South,S,Winter,4,No,Store Pickup,No,No,16,Cash,Bi-Weekly
2024,46,Male,Idaho,West,S,Winter,4.1,No,Store Pickup,No,No,28,Cash,Bi-Weekly
2025,62,Male,Arkansas,South,L,Autumn,3.7,No,Express,No,No,39,PayPal,Weekly
2026,42,Male,Delaware,East,M,Summer,3,No,Express,No,No,43,Debit Card,Fortnightly
2027,37,Male,Maine,North,M,Winter,3.6,No,Express,No,No,45,Bank Transfer,Every 3 Months
2028,50,Male,Nebraska,North,S,Autumn,4.8,No,Standard,No,No,50,Credit Card,Every 3 Months
2029,29,Male,Ohio,East,XL,Autumn,3.7,No,2-Day Shipping,No,No,10,Venmo,Bi-Weekly
2030,25,Male,Montana,West,M,Spring,4.6,No,Next Day Air,No,No,40,PayPal,Quarterly
2031,66,Male,New Mexico,West,S,Summer,2.8,No,Standard,No,No,38,Credit Card,Monthly
2032,21,Male,North Carolina,South,L,Spring,4,No,Standard,No,No,2,Credit Card,Monthly
2033,46,Male,South Carolina,South,M,Winter,4.2,No,Next Day Air,No,No,13,Cash,Annually
2034,57,Male,Illinois,North,L,Summer,3.6,No,Express,No,No,33,Venmo,Annually
2035,61,Male,Alabama,South,M,Spring,2.9,No,Store Pickup,No,No,27,PayPal,Monthly
2036,53,Male,Oklahoma,South,S,Summer,4.1,No,Express,No,No,43,Bank Transfer,Weekly
2037,37,Male,Minnesota,North,S,Winter,3.1,No,Next Day Air,No,No,46,Cash,Weekly
2038,39,Male,Illinois,North,S,Summer,4.3,No,Express,No,No,7,Venmo,Bi-Weekly
2039,53,Male,Arkansas,South,L,Spring,4.4,No,Next Day Air,No,No,35,Credit Card,Fortnightly
2040,35,Male,Minnesota,North,M,Spring,3.1,No,Next Day Air,No,No,31,Debit Card,Bi-Weekly
2041,69,Male,South Carolina,South,XL,Spring,2.9,No,Free Shipping,No,No,42,Venmo,Quarterly
2042,66,Male,New York,East,S,Winter,3.2,No,Next Day Air,No,No,14,PayPal,Bi-Weekly
2043,19,Male,Alabama,South,M,Spring,4,No,2-Day Shipping,No,No,35,Venmo,Monthly
2044,47,Male,New York,East,M,Summer,2.7,No,Standard,No,No,49,PayPal,Weekly
2045,49,Male,Missouri,South,L,Spring,3,No,Free Shipping,No,No,17,PayPal,Fortnightly
2046,31,Male,Georgia,South,M,Autumn,4.4,No,Express,No,No,26,PayPal,Quarterly
2047,39,Male,Oklahoma,South,M,Winter,2.8,No,Free Shipping,No,No,30,Cash,Every 3 Months
2048,58,Male,Connecticut,East,M,Summer,3.1,No,Store Pickup,No,No,32,Cash,Annually
2049,45,Male,Michigan,North,XL,Winter,3.9,No,Express,No,No,35,Bank Transfer,Quarterly
2050,68,Male,Rhode Island,East,L,Autumn,2.7,No,Standard,No,No,15,Venmo,Annually
2051,35,Male,Mississippi,South,M,Summer,3.4,No,Store Pickup,No,No,10,Debit Card,Annually
2052,65,Male,Massachusetts,East,L,Spring,3.8,No,Free Shipping,No,No,14,Credit Card,Monthly
2053,45,Male,New Hampshire,North,M,Winter,3.7,No,2-Day Shipping,No,No,30,Bank Transfer,Annually
2054,19,Male,Wyoming,West,S,Spring,4.5,No,2-Day Shipping,No,No,16,Credit Card,Fortnightly
2055,65,Male,New Jersey,East,XL,Spring,2.9,No,Express,No,No,14,PayPal,Annually
2056,28,Male,Texas,South,M,Autumn,3.4,No,2-Day Shipping,No,No,28,Bank Transfer,Weekly
2057,55,Male,Minnesota,North,L,Spring,4.4,No,2-Day Shipping,No,No,29,PayPal,Monthly
2058,66,Male,South Dakota,North,L,Spring,4.2,No,Standard,No,No,5,PayPal,Every 3 Months
2059,29,Male,Washington,West,M,Winter,3.3,No,Store Pickup,No,No,17,Bank Transfer,Quarterly
2060,56,Male,California,West,XL,Spring,3.7,No,Express,No,No,50,PayPal,Weekly
2061,21,Male,Wisconsin,North,M,Autumn,3.2,No,Next Day Air,No,No,23,Bank Transfer,Quarterly
2062,32,Male,Michigan,North,S,Summer,2.6,No,Store Pickup,No,No,22,Debit Card,Annually
2063,54,Male,South Carolina,South,L,Autumn,2.8,No,Standard,No,No,15,Cash,Quarterly
2064,61,Male,Indiana,North,M,Autumn,2.9,No,Standard,No,No,32,Cash,Monthly
2065,31,Male,Arkansas,South,M,Summer,4,No,2-Day Shipping,No,No,5,Bank Transfer,Monthly
2066,27,Male,Oregon,West,M,Spring,2.9,No,Free Shipping,No,No,6,Bank Transfer,Bi-Weekly
2067,64,Male,Illinois,North,M,Autumn,4.7,No,Store Pickup,No,No,44,Debit Card,Fortnightly
2068,60,Male,Maryland,East,XL,Autumn,3.1,No,2-Day Shipping,No,No,23,Cash,Fortnightly
2069,70,Male,Vermont,North,XL,Summer,3.9,No,Store Pickup,No,No,44,Venmo,Monthly
2070,36,Male,Texas,South,M,Autumn,3.4,No,Free Shipping,No,No,3,Debit Card,Quarterly
2071,56,Male,Nebraska,North,XL,Spring,3.1,No,Express,No,No,14,Cash,Monthly
2072,69,Male,South Carolina,South,S,Autumn,4.8,No,Store Pickup,No,No,37,PayPal,Quarterly
2073,39,Male,Massachusetts,East,M,Winter,3.9,No,Next Day Air,No,No,22,Bank Transfer,Weekly
2074,38,Male,Texas,South,S,Winter,3.5,No,Next Day Air,No,No,2,PayPal,Every 3 Months
2075,36,Male,Florida,South,M,Summer,3.1,No,Free Shipping,No,No,44,Debit Card,Fortnightly
2076,46,Male,South Carolina,South,S,Autumn,4.7,No,Express,No,No,49,Debit Card,Monthly
2077,59,Male,Florida,South,S,Autumn,4.6,No,Free Shipping,No,No,22,Debit Card,Bi-Weekly
2078,64,Male,Nebraska,North,L,Autumn,3.3,No,Free Shipping,No,No,26,Bank Transfer,Annually
2079,49,Male,Hawaii,West,M,Spring,3.2,No,Next Day Air,No,No,40,Debit Card,Weekly
2080,32,Male,Montana,West,L,Summer,3.1,No,Next Day Air,No,No,16,PayPal,Quarterly
2081,29,Male,South Dakota,North,S,Autumn,3.5,No,Free Shipping,No,No,17,Debit Card,Bi-Weekly
2082,24,Male,Alabama,South,S,Spring,4.3,No,Standard,No,No,48,Bank Transfer,Bi-Weekly
2083,41,Male,Arkansas,South,M,Summer,2.9,No,Free Shipping,No,No,28,Venmo,Every 3 Months
2084,41,Male,Mississippi,South,L,Autumn,2.7,No,Store Pickup,No,No,26,Credit Card,Fortnightly
2085,32,Male,Vermont,North,S,Summer,4,No,Standard,No,No,43,Bank Transfer,Quarterly
2086,69,Male,New York,East,M,Autumn,4.6,No,Free Shipping,No,No,38,Debit Card,Weekly
2087,65,Male,North Dakota,North,L,Summer,4.7,No,2-Day Shipping,No,No,36,Cash,Every 3 Months
2088,54,Male,Wisconsin,North,M,Summer,4.7,No,Standard,No,No,1,Credit Card,Weekly
2089,39,Male,California,West,L,Spring,4,No,Standard,No,No,49,Debit Card,Annually
2090,37,Male,Maryland,East,L,Spring,3.6,No,Free Shipping,No,No,41,Credit Card,Every 3 Months
2091,51,Male,Massachusetts,East,S,Winter,3.4,No,Free Shipping,No,No,21,Debit Card,Monthly
2092,26,Male,Washington,West,XL,Autumn,3,No,Next Day Air,No,No,24,Bank Transfer,Quarterly
2093,42,Male,Minnesota,North,M,Autumn,2.6,No,Next Day Air,No,No,27,Bank Transfer,Weekly
2094,21,Male,Washington,West,M,Spring,4.2,No,Store Pickup,No,No,4,Debit Card,Annually
2095,53,Male,South Carolina,South,M,Spring,3.4,No,Standard,No,No,19,Venmo,Annually
2096,36,Male,New Mexico,West,M,Autumn,4,No,Store Pickup,No,No,1,Bank Transfer,Fortnightly
2097,21,Male,North Carolina,South,L,Summer,4.7,No,Free Shipping,No,No,27,Debit Card,Annually
2098,33,Male,Iowa,west,S,Winter,3.9,No,Next Day Air,No,No,5,Credit Card,Weekly
2099,49,Male,Louisiana,South,M,Summer,3.3,No,2-Day Shipping,No,No,20,Venmo,Quarterly
2100,31,Male,Oklahoma,South,L,Summer,2.9,No,Express,No,No,50,PayPal,Annually
2101,68,Male,Michigan,North,M,Spring,4.4,No,Free Shipping,No,No,36,Cash,Fortnightly
2102,49,Male,Oregon,West,M,Winter,3.6,No,Next Day Air,No,No,12,Bank Transfer,Bi-Weekly
2103,23,Male,Idaho,West,M,Spring,4.5,No,Store Pickup,No,No,23,Cash,Monthly
2104,30,Male,Indiana,North,S,Summer,3.7,No,Store Pickup,No,No,21,Venmo,Weekly
2105,53,Male,New Mexico,West,M,Spring,2.8,No,Free Shipping,No,No,47,Venmo,Weekly
2106,65,Male,South Carolina,South,M,Spring,4.5,No,Free Shipping,No,No,38,Venmo,Bi-Weekly
2107,60,Male,Vermont,North,M,Autumn,4.4,No,Standard,No,No,40,Credit Card,Every 3 Months
2108,46,Male,Delaware,East,M,Winter,3.3,No,Standard,No,No,35,PayPal,Quarterly
2109,54,Male,North Dakota,North,XL,Winter,4.2,No,Express,No,No,4,Credit Card,Quarterly
2110,59,Male,California,West,L,Autumn,2.7,No,Free Shipping,No,No,28,Venmo,Every 3 Months
2111,52,Male,Montana,West,L,Spring,3.9,No,Store Pickup,No,No,36,Debit Card,Every 3 Months
2112,41,Male,Missouri,South,XL,Spring,2.6,No,Free Shipping,No,No,15,Bank Transfer,Annually
2113,43,Male,Tennessee,South,M,Autumn,4.5,No,2-Day Shipping,No,No,7,Cash,Fortnightly
2114,63,Male,Virginia,South,M,Spring,2.7,No,Store Pickup,No,No,29,PayPal,Every 3 Months
2115,37,Male,Vermont,North,M,Winter,2.9,No,Standard,No,No,12,Debit Card,Annually
2116,44,Male,Rhode Island,East,M,Winter,3.4,No,Store Pickup,No,No,16,Bank Transfer,Bi-Weekly
2117,67,Male,Kansas,West,M,Summer,2.9,No,Express,No,No,50,Debit Card,Bi-Weekly
2118,27,Male,Colorado,West,L,Summer,3.8,No,Free Shipping,No,No,11,Debit Card,Annually
2119,60,Male,Georgia,South,M,Autumn,4.2,No,2-Day Shipping,No,No,28,Debit Card,Quarterly
2120,58,Male,Nebraska,North,M,Spring,3.5,No,Store Pickup,No,No,36,Venmo,Bi-Weekly
2121,53,Male,Missouri,South,S,Autumn,3.1,No,Next Day Air,No,No,38,PayPal,Quarterly
2122,43,Male,Alaska,West,M,Winter,3.5,No,2-Day Shipping,No,No,32,Bank Transfer,Monthly
2123,32,Male,Virginia,South,L,Autumn,4,No,Express,No,No,42,Debit Card,Weekly
2124,54,Male,Nebraska,North,L,Spring,3.7,No,Express,No,No,22,Debit Card,Bi-Weekly
2125,47,Male,Rhode Island,East,M,Autumn,4.2,No,Next Day Air,No,No,22,Venmo,Quarterly
2126,57,Male,New Hampshire,North,M,Autumn,4.8,No,Store Pickup,No,No,31,PayPal,Quarterly
2127,63,Male,Alabama,South,XL,Winter,4.1,No,Express,No,No,28,Credit Card,Monthly
2128,70,Male,North Carolina,South,M,Spring,4.5,No,2-Day Shipping,No,No,40,Debit Card,Weekly
2129,62,Male,New Mexico,West,L,Autumn,2.7,No,2-Day Shipping,No,No,21,PayPal,Weekly
2130,40,Male,Minnesota,North,L,Autumn,2.8,No,Store Pickup,No,No,12,PayPal,Every 3 Months
2131,25,Male,Arizona,West,L,Summer,3.7,No,Free Shipping,No,No,33,Credit Card,Annually
2132,19,Male,Montana,West,M,Autumn,3.6,No,Express,No,No,9,Bank Transfer,Fortnightly
2133,25,Male,Vermont,North,M,Autumn,4.7,No,2-Day Shipping,No,No,15,Debit Card,Weekly
2134,21,Male,Maine,North,M,Summer,3.8,No,Standard,No,No,13,Bank Transfer,Annually
2135,55,Male,Virginia,South,XL,Winter,2.9,No,Standard,No,No,35,Credit Card,Fortnightly
2136,34,Male,California,West,S,Winter,4.6,No,Next Day Air,No,No,1,Debit Card,Every 3 Months
2137,47,Male,New York,East,M,Summer,2.8,No,Standard,No,No,25,Bank Transfer,Fortnightly
2138,27,Male,Indiana,North,XL,Winter,4.6,No,2-Day Shipping,No,No,20,Credit Card,Every 3 Months
2139,67,Male,Mississippi,South,M,Autumn,2.8,No,Next Day Air,No,No,36,Venmo,Quarterly
2140,40,Male,New York,East,M,Winter,3,No,Free Shipping,No,No,33,Cash,Weekly
2141,53,Male,New Mexico,West,M,Autumn,3.7,No,Standard,No,No,36,Cash,Fortnightly
2142,24,Male,Kentucky,South,M,Winter,4.1,No,2-Day Shipping,No,No,32,PayPal,Annually
2143,47,Male,North Dakota,North,M,Winter,4.3,No,Next Day Air,No,No,21,Venmo,Quarterly
2144,53,Male,Arkansas,South,L,Autumn,3.8,No,Next Day Air,No,No,48,Venmo,Bi-Weekly
2145,47,Male,Maryland,East,L,Winter,3.7,No,Free Shipping,No,No,25,PayPal,Quarterly
2146,38,Male,Connecticut,East,S,Winter,4.8,No,Standard,No,No,32,PayPal,Annually
2147,48,Male,Utah,West,XL,Summer,4.6,No,Standard,No,No,45,PayPal,Every 3 Months
2148,47,Male,Missouri,South,S,Autumn,4.8,No,Standard,No,No,4,Cash,Fortnightly
2149,19,Male,Nebraska,North,XL,Winter,4.6,No,2-Day Shipping,No,No,19,PayPal,Bi-Weekly
2150,38,Male,Hawaii,West,L,Winter,4,No,Standard,No,No,1,Bank Transfer,Weekly
2151,57,Male,Illinois,North,M,Spring,2.6,No,2-Day Shipping,No,No,12,Cash,Weekly
2152,70,Male,Vermont,North,L,Autumn,2.6,No,2-Day Shipping,No,No,18,Venmo,Monthly
2153,38,Male,New Jersey,East,L,Summer,4.5,No,Next Day Air,No,No,43,Bank Transfer,Bi-Weekly
2154,35,Male,Kentucky,South,M,Autumn,4.2,No,Free Shipping,No,No,31,PayPal,Annually
2155,46,Male,Wyoming,West,M,Spring,3.4,No,Store Pickup,No,No,33,Cash,Every 3 Months
2156,32,Male,Hawaii,West,L,Autumn,3.7,No,Store Pickup,No,No,46,PayPal,Monthly
2157,38,Male,Missouri,South,M,Winter,3.6,No,Next Day Air,No,No,41,Debit Card,Bi-Weekly
2158,41,Male,Mississippi,South,L,Winter,4,No,Next Day Air,No,No,41,Venmo,Fortnightly
2159,19,Male,Massachusetts,East,XL,Spring,4.6,No,Standard,No,No,9,Bank Transfer,Fortnightly
2160,18,Male,Louisiana,South,M,Autumn,3,No,Free Shipping,No,No,34,Cash,Annually
2161,45,Male,West Virginia,South,L,Winter,3.3,No,Express,No,No,21,PayPal,Annually
2162,23,Male,Washington,West,S,Summer,3.8,No,Express,No,No,5,Debit Card,Fortnightly
2163,60,Male,Oregon,West,S,Summer,2.7,No,Free Shipping,No,No,32,PayPal,Weekly
2164,52,Male,New York,East,L,Spring,4.5,No,Express,No,No,44,Bank Transfer,Monthly
2165,42,Male,Iowa,west,S,Winter,4.8,No,Next Day Air,No,No,46,PayPal,Bi-Weekly
2166,29,Male,Idaho,West,M,Summer,4.2,No,Express,No,No,42,Credit Card,Every 3 Months
2167,31,Male,New Jersey,East,S,Spring,3.5,No,Express,No,No,50,Credit Card,Bi-Weekly
2168,30,Male,Ohio,East,L,Winter,4.9,No,Standard,No,No,33,Venmo,Fortnightly
2169,23,Male,Connecticut,East,M,Spring,4.1,No,Next Day Air,No,No,32,Cash,Quarterly
2170,31,Male,Florida,South,M,Autumn,2.9,No,Next Day Air,No,No,32,Bank Transfer,Bi-Weekly
2171,40,Male,South Carolina,South,M,Autumn,4,No,Next Day Air,No,No,37,Venmo,Every 3 Months
2172,39,Male,Missouri,South,M,Summer,4.6,No,Store Pickup,No,No,9,Cash,Fortnightly
2173,28,Male,Rhode Island,East,S,Autumn,2.8,No,Store Pickup,No,No,6,PayPal,Fortnightly
2174,23,Male,Delaware,East,S,Summer,5,No,2-Day Shipping,No,No,36,Venmo,Quarterly
2175,42,Male,Colorado,West,S,Spring,2.9,No,Store Pickup,No,No,1,Cash,Annually
2176,68,Male,Nebraska,North,M,Spring,3.3,No,Free Shipping,No,No,48,Credit Card,Fortnightly
2177,24,Male,Vermont,North,S,Winter,3.4,No,2-Day Shipping,No,No,44,Debit Card,Quarterly
2178,24,Male,Montana,West,XL,Winter,3,No,Express,No,No,9,PayPal,Bi-Weekly
2179,21,Male,Florida,South,M,Summer,4.7,No,Standard,No,No,32,Venmo,Annually
2180,49,Male,Delaware,East,L,Autumn,2.9,No,Next Day Air,No,No,14,PayPal,Monthly
2181,41,Male,Connecticut,East,M,Summer,4.1,No,Store Pickup,No,No,43,Cash,Quarterly
2182,22,Male,Hawaii,West,M,Autumn,3.2,No,Free Shipping,No,No,32,Bank Transfer,Bi-Weekly
2183,42,Male,New Mexico,West,M,Winter,2.7,No,Store Pickup,No,No,26,Venmo,Bi-Weekly
2184,30,Male,Kansas,West,M,Spring,4.7,No,Store Pickup,No,No,2,Cash,Monthly
2185,38,Male,Nevada,West,S,Spring,3.2,No,Free Shipping,No,No,16,PayPal,Every 3 Months
2186,40,Male,North Carolina,South,M,Winter,2.5,No,Express,No,No,50,Debit Card,Every 3 Months
2187,55,Male,New Mexico,West,XL,Winter,4.3,No,Next Day Air,No,No,6,PayPal,Every 3 Months
2188,37,Male,Idaho,West,M,Spring,4.4,No,Free Shipping,No,No,20,PayPal,Annually
2189,41,Male,California,West,M,Winter,4.7,No,Next Day Air,No,No,9,Credit Card,Weekly
2190,38,Male,Wisconsin,North,XL,Autumn,4,No,Express,No,No,47,Credit Card,Bi-Weekly
2191,42,Male,Alaska,West,S,Spring,4.6,No,Express,No,No,33,Credit Card,Annually
2192,26,Male,Pennsylvania,East,S,Summer,3.8,No,Next Day Air,No,No,46,Cash,Bi-Weekly
2193,41,Male,Virginia,South,L,Winter,3.2,No,Next Day Air,No,No,9,Credit Card,Monthly
2194,27,Male,California,West,L,Spring,5,No,Express,No,No,8,PayPal,Monthly
2195,61,Male,Kentucky,South,M,Summer,3.5,No,Standard,No,No,48,Bank Transfer,Quarterly
2196,58,Male,New York,East,M,Autumn,3.7,No,Next Day Air,No,No,2,Cash,Monthly
2197,25,Male,Vermont,North,M,Spring,4.8,No,Next Day Air,No,No,31,PayPal,Weekly
2198,33,Male,Pennsylvania,East,M,Summer,3.7,No,2-Day Shipping,No,No,40,Venmo,Monthly
2199,57,Male,New York,East,L,Summer,3.5,No,Free Shipping,No,No,35,Venmo,Monthly
2200,39,Male,North Carolina,South,M,Summer,4.9,No,Store Pickup,No,No,40,Debit Card,Monthly
2201,60,Male,Wyoming,West,L,Summer,4.7,No,Next Day Air,No,No,27,Debit Card,Every 3 Months
2202,39,Male,Ohio,East,L,Spring,4.9,No,2-Day Shipping,No,No,10,Venmo,Annually
2203,42,Male,Alabama,South,M,Summer,4.3,No,Next Day Air,No,No,23,Credit Card,Weekly
2204,53,Male,Rhode Island,East,M,Winter,3.1,No,Free Shipping,No,No,32,Cash,Quarterly
2205,20,Male,Oregon,West,S,Winter,3.4,No,2-Day Shipping,No,No,6,Debit Card,Monthly
2206,46,Male,North Dakota,North,XL,Autumn,2.7,No,Express,No,No,27,PayPal,Weekly
2207,46,Male,Illinois,North,L,Spring,2.6,No,Store Pickup,No,No,25,Bank Transfer,Fortnightly
2208,69,Male,New Mexico,West,M,Autumn,2.9,No,Next Day Air,No,No,11,Credit Card,Annually
2209,28,Male,Colorado,West,XL,Summer,2.7,No,2-Day Shipping,No,No,23,PayPal,Monthly
2210,42,Male,Utah,West,XL,Summer,4.5,No,2-Day Shipping,No,No,44,Bank Transfer,Quarterly
2211,30,Male,Virginia,South,M,Summer,3.1,No,Store Pickup,No,No,35,PayPal,Fortnightly
2212,50,Male,Maine,North,L,Winter,3.2,No,Free Shipping,No,No,45,Debit Card,Every 3 Months
2213,59,Male,Nebraska,North,M,Winter,3.3,No,Next Day Air,No,No,22,Bank Transfer,Quarterly
2214,54,Male,Hawaii,West,M,Autumn,2.9,No,Express,No,No,18,Debit Card,Quarterly
2215,50,Male,Idaho,West,L,Autumn,4.1,No,Standard,No,No,20,Debit Card,Weekly
2216,25,Male,West Virginia,South,M,Winter,2.7,No,Express,No,No,28,Credit Card,Fortnightly
2217,41,Male,Vermont,North,XL,Winter,4,No,Store Pickup,No,No,15,Venmo,Bi-Weekly
2218,35,Male,Indiana,North,XL,Autumn,2.6,No,Store Pickup,No,No,42,Bank Transfer,Fortnightly
2219,67,Male,Idaho,West,M,Winter,3.5,No,Store Pickup,No,No,20,Debit Card,Quarterly
2220,33,Male,Minnesota,North,S,Autumn,2.8,No,Store Pickup,No,No,16,Bank Transfer,Fortnightly
2221,19,Male,Wyoming,West,XL,Autumn,4.5,No,Store Pickup,No,No,47,Cash,Annually
2222,25,Male,Kansas,West,XL,Autumn,3,No,Free Shipping,No,No,34,Credit Card,Annually
2223,32,Male,Georgia,South,M,Summer,4.4,No,Store Pickup,No,No,30,Credit Card,Weekly
2224,30,Male,Kansas,West,M,Autumn,4.7,No,Next Day Air,No,No,5,PayPal,Quarterly
2225,18,Male,Nebraska,North,L,Winter,4.3,No,Standard,No,No,38,Cash,Quarterly
2226,38,Male,Washington,West,S,Spring,4.8,No,Free Shipping,No,No,18,Credit Card,Annually
2227,22,Male,Missouri,South,L,Spring,4.8,No,Store Pickup,No,No,28,Cash,Annually
2228,40,Male,Washington,West,S,Summer,4.4,No,Next Day Air,No,No,42,Credit Card,Fortnightly
2229,54,Male,Kansas,West,M,Autumn,3.7,No,Free Shipping,No,No,5,Credit Card,Weekly
2230,70,Male,Minnesota,North,M,Autumn,3.9,No,Express,No,No,50,Venmo,Monthly
2231,52,Male,Colorado,West,S,Spring,3.8,No,Express,No,No,33,Venmo,Fortnightly
2232,34,Male,Utah,West,M,Autumn,4.1,No,Store Pickup,No,No,1,Credit Card,Weekly
2233,65,Male,North Carolina,South,L,Spring,4,No,Store Pickup,No,No,14,Cash,Fortnightly
2234,38,Male,Florida,South,XL,Summer,4.5,No,Express,No,No,48,Credit Card,Monthly
2235,35,Male,New Hampshire,North,S,Winter,4,No,Express,No,No,26,Cash,Weekly
2236,40,Male,Illinois,North,M,Spring,4.5,No,2-Day Shipping,No,No,44,Credit Card,Annually
2237,23,Male,Louisiana,South,M,Winter,2.7,No,Standard,No,No,18,Debit Card,Fortnightly
2238,45,Male,Alabama,South,S,Summer,3.8,No,Next Day Air,No,No,31,Venmo,Every 3 Months
2239,40,Male,Florida,South,L,Winter,3.8,No,Standard,No,No,18,Debit Card,Weekly
2240,42,Male,Alabama,South,L,Summer,3.8,No,2-Day Shipping,No,No,41,Credit Card,Every 3 Months
2241,57,Male,California,West,L,Winter,4.3,No,Next Day Air,No,No,18,Debit Card,Every 3 Months
2242,18,Male,Maryland,East,M,Summer,3.5,No,Free Shipping,No,No,3,Bank Transfer,Bi-Weekly
2243,18,Male,Nevada,West,M,Spring,3.8,No,Next Day Air,No,No,5,Credit Card,Bi-Weekly
2244,56,Male,Massachusetts,East,M,Winter,3.7,No,2-Day Shipping,No,No,13,Debit Card,Annually
2245,35,Male,South Carolina,South,M,Summer,4.8,No,2-Day Shipping,No,No,22,PayPal,Annually
2246,49,Male,Delaware,East,L,Autumn,4.9,No,Free Shipping,No,No,45,PayPal,Fortnightly
2247,49,Male,Hawaii,West,M,Autumn,4.3,No,Store Pickup,No,No,39,PayPal,Every 3 Months
2248,34,Male,Florida,South,L,Summer,4.4,No,Next Day Air,No,No,18,Venmo,Annually
2249,63,Male,Rhode Island,East,M,Winter,3.4,No,Free Shipping,No,No,19,PayPal,Fortnightly
2250,42,Male,Wyoming,West,XL,Spring,4.3,No,Next Day Air,No,No,29,Debit Card,Weekly
2251,41,Male,Colorado,West,L,Summer,4.6,No,Store Pickup,No,No,19,Credit Card,Weekly
2252,26,Male,Virginia,South,L,Autumn,3.8,No,Free Shipping,No,No,22,Debit Card,Monthly
2253,48,Male,Nebraska,North,S,Summer,3.9,No,Express,No,No,21,Bank Transfer,Annually
2254,62,Male,Oklahoma,South,M,Spring,2.6,No,Store Pickup,No,No,22,PayPal,Monthly
2255,24,Male,North Dakota,North,M,Winter,4.2,No,Store Pickup,No,No,44,PayPal,Every 3 Months
2256,48,Male,Michigan,North,L,Spring,4.6,No,Store Pickup,No,No,42,Bank Transfer,Quarterly
2257,31,Male,California,West,M,Autumn,5,No,Standard,No,No,33,Credit Card,Quarterly
2258,41,Male,Tennessee,South,L,Autumn,4.2,No,Standard,No,No,6,Bank Transfer,Annually
2259,24,Male,Ohio,East,L,Winter,4.3,No,Store Pickup,No,No,44,Credit Card,Every 3 Months
2260,60,Male,Florida,South,XL,Spring,3.3,No,Free Shipping,No,No,24,Cash,Annually
2261,38,Male,Missouri,South,M,Autumn,4.9,No,Express,No,No,16,PayPal,Quarterly
2262,58,Male,South Carolina,South,L,Spring,4.4,No,Standard,No,No,12,Bank Transfer,Fortnightly
2263,53,Male,Arizona,West,M,Winter,3.1,No,2-Day Shipping,No,No,50,PayPal,Monthly
2264,44,Male,Indiana,North,XL,Winter,3.5,No,Store Pickup,No,No,42,Cash,Quarterly
2265,51,Male,North Dakota,North,M,Summer,3.9,No,2-Day Shipping,No,No,50,PayPal,Monthly
2266,36,Male,Montana,West,XL,Autumn,3.9,No,Store Pickup,No,No,10,PayPal,Quarterly
2267,20,Male,Missouri,South,M,Autumn,4.3,No,Store Pickup,No,No,32,Debit Card,Weekly
2268,32,Male,Kentucky,South,S,Spring,3.8,No,Express,No,No,37,Venmo,Weekly
2269,66,Male,Georgia,South,L,Spring,2.7,No,2-Day Shipping,No,No,15,Bank Transfer,Monthly
2270,49,Male,Kentucky,South,M,Autumn,4.4,No,Store Pickup,No,No,27,Credit Card,Annually
2271,27,Male,Georgia,South,L,Spring,3.5,No,Express,No,No,7,Venmo,Weekly
2272,29,Male,Alaska,West,M,Summer,3.4,No,Free Shipping,No,No,49,PayPal,Quarterly
2273,29,Male,Maine,North,L,Spring,4,No,Standard,No,No,44,PayPal,Monthly
2274,55,Male,New Mexico,West,L,Winter,4.8,No,Express,No,No,13,PayPal,Bi-Weekly
2275,57,Male,New York,East,L,Spring,4.5,No,Next Day Air,No,No,38,PayPal,Fortnightly
2276,29,Male,Oklahoma,South,M,Winter,4.4,No,Standard,No,No,10,Debit Card,Weekly
2277,31,Male,Wyoming,West,L,Summer,4.1,No,2-Day Shipping,No,No,25,Debit Card,Weekly
2278,25,Male,Alabama,South,M,Summer,4.6,No,Next Day Air,No,No,18,Credit Card,Quarterly
2279,61,Male,Maryland,East,M,Autumn,3.8,No,Store Pickup,No,No,6,Cash,Every 3 Months
2280,53,Male,West Virginia,South,L,Spring,2.9,No,Free Shipping,No,No,35,Bank Transfer,Quarterly
2281,22,Male,Kentucky,South,M,Summer,2.8,No,Standard,No,No,31,Credit Card,Fortnightly
2282,28,Male,Kansas,West,XL,Summer,3,No,Store Pickup,No,No,41,Bank Transfer,Annually
2283,18,Male,Idaho,West,S,Autumn,4.2,No,2-Day Shipping,No,No,8,Credit Card,Annually
2284,44,Male,Ohio,East,S,Winter,4.1,No,Free Shipping,No,No,34,Credit Card,Fortnightly
2285,32,Male,Iowa,west,XL,Autumn,4.1,No,Express,No,No,20,Venmo,Annually
2286,34,Male,Michigan,North,L,Summer,4.6,No,2-Day Shipping,No,No,38,PayPal,Every 3 Months
2287,67,Male,South Dakota,North,L,Spring,2.5,No,Store Pickup,No,No,35,Venmo,Quarterly
2288,66,Male,Nebraska,North,L,Summer,3,No,Store Pickup,No,No,6,Debit Card,Annually
2289,28,Male,California,West,M,Autumn,3.8,No,Next Day Air,No,No,50,PayPal,Weekly
2290,70,Male,Nevada,West,M,Autumn,4.1,No,Free Shipping,No,No,47,Venmo,Weekly
2291,37,Male,Kansas,West,L,Winter,3.3,No,Standard,No,No,23,PayPal,Quarterly
2292,28,Male,Ohio,East,M,Spring,5,No,2-Day Shipping,No,No,13,Credit Card,Quarterly
2293,43,Male,Vermont,North,S,Spring,3.8,No,Next Day Air,No,No,31,Debit Card,Monthly
2294,37,Male,Georgia,South,L,Autumn,3.3,No,Express,No,No,16,Debit Card,Every 3 Months
2295,54,Male,Maryland,East,M,Winter,5,No,Express,No,No,40,Debit Card,Annually
2296,50,Male,Connecticut,East,L,Spring,2.9,No,2-Day Shipping,No,No,45,PayPal,Quarterly
2297,46,Male,Washington,West,M,Autumn,2.5,No,Next Day Air,No,No,50,Venmo,Every 3 Months
2298,60,Male,California,West,M,Summer,4.7,No,Standard,No,No,1,Bank Transfer,Quarterly
2299,40,Male,Montana,West,L,Spring,2.9,No,2-Day Shipping,No,No,10,Cash,Every 3 Months
2300,64,Male,Idaho,West,M,Summer,3.7,No,Store Pickup,No,No,48,Credit Card,Every 3 Months
2301,18,Male,Pennsylvania,East,XL,Summer,4.4,No,2-Day Shipping,No,No,38,Credit Card,Monthly
2302,37,Male,Maine,North,L,Winter,2.9,No,Next Day Air,No,No,21,Debit Card,Annually
2303,36,Male,Montana,West,L,Summer,3.6,No,Store Pickup,No,No,38,Venmo,Monthly
2304,51,Male,New Jersey,East,S,Spring,4.8,No,2-Day Shipping,No,No,31,Credit Card,Fortnightly
2305,26,Male,Louisiana,South,L,Winter,4.7,No,Free Shipping,No,No,9,Debit Card,Fortnightly
2306,68,Male,Maine,North,M,Summer,2.6,No,Free Shipping,No,No,47,Cash,Weekly
2307,27,Male,Florida,South,L,Winter,3.4,No,Standard,No,No,8,Cash,Bi-Weekly
2308,28,Male,Missouri,South,L,Autumn,3.5,No,Next Day Air,No,No,30,Debit Card,Annually
2309,49,Male,North Dakota,North,M,Winter,3.4,No,2-Day Shipping,No,No,22,Bank Transfer,Quarterly
2310,70,Male,Connecticut,East,S,Autumn,5,No,2-Day Shipping,No,No,3,Bank Transfer,Quarterly
2311,30,Male,Virginia,South,M,Spring,4.6,No,Standard,No,No,15,PayPal,Monthly
2312,27,Male,Montana,West,L,Spring,4.8,No,2-Day Shipping,No,No,10,Bank Transfer,Every 3 Months
2313,19,Male,Vermont,North,L,Summer,3.7,No,Free Shipping,No,No,19,Cash,Every 3 Months
2314,64,Male,Georgia,South,M,Summer,4.7,No,Next Day Air,No,No,36,Bank Transfer,Fortnightly
2315,42,Male,Virginia,South,XL,Winter,4.4,No,Express,No,No,12,Bank Transfer,Every 3 Months
2316,69,Male,Vermont,North,M,Winter,3.5,No,2-Day Shipping,No,No,49,Debit Card,Quarterly
2317,28,Male,Montana,West,L,Winter,3.8,No,Standard,No,No,7,Debit Card,Annually
2318,47,Male,New Jersey,East,M,Summer,4.7,No,Next Day Air,No,No,28,Bank Transfer,Monthly
2319,69,Male,Wyoming,West,L,Spring,3.1,No,Store Pickup,No,No,30,Credit Card,Annually
2320,56,Male,Maine,North,XL,Winter,5,No,Free Shipping,No,No,29,PayPal,Monthly
2321,28,Male,New Mexico,West,M,Spring,3.7,No,Free Shipping,No,No,9,Debit Card,Every 3 Months
2322,50,Male,Colorado,West,M,Winter,3,No,Next Day Air,No,No,27,Debit Card,Fortnightly
2323,39,Male,Connecticut,East,S,Spring,4.5,No,Store Pickup,No,No,21,Venmo,Fortnightly
2324,35,Male,Maryland,East,L,Winter,4.7,No,Express,No,No,36,Credit Card,Monthly
2325,59,Male,Oregon,West,L,Winter,3.5,No,Free Shipping,No,No,19,Debit Card,Annually
2326,44,Male,New York,East,M,Summer,4.4,No,2-Day Shipping,No,No,47,Cash,Weekly
2327,66,Male,Oklahoma,South,L,Winter,2.6,No,Standard,No,No,38,Bank Transfer,Annually
2328,20,Male,Alabama,South,M,Winter,4.2,No,2-Day Shipping,No,No,22,Venmo,Bi-Weekly
2329,45,Male,North Dakota,North,M,Autumn,2.6,No,Express,No,No,29,Venmo,Bi-Weekly
2330,49,Male,Nebraska,North,S,Spring,4.8,No,Free Shipping,No,No,42,Bank Transfer,Annually
2331,60,Male,Arizona,West,L,Summer,2.9,No,Store Pickup,No,No,47,PayPal,Every 3 Months
2332,61,Male,Illinois,North,S,Spring,4.3,No,2-Day Shipping,No,No,10,Credit Card,Bi-Weekly
2333,36,Male,South Carolina,South,XL,Autumn,2.6,No,Store Pickup,No,No,10,Venmo,Monthly
2334,33,Male,Kansas,West,M,Spring,3.8,No,Next Day Air,No,No,1,PayPal,Every 3 Months
2335,49,Male,Kansas,West,L,Summer,4.2,No,Standard,No,No,7,Credit Card,Monthly
2336,31,Male,Idaho,West,M,Summer,3.9,No,Store Pickup,No,No,10,Venmo,Fortnightly
2337,19,Male,California,West,M,Winter,3.1,No,Free Shipping,No,No,11,Credit Card,Weekly
2338,39,Male,North Dakota,North,S,Autumn,3.6,No,Store Pickup,No,No,5,Cash,Annually
2339,66,Male,Georgia,South,S,Autumn,4,No,Express,No,No,21,PayPal,Quarterly
2340,25,Male,Illinois,North,L,Spring,3.4,No,Next Day Air,No,No,24,Bank Transfer,Quarterly
2341,63,Male,Delaware,East,M,Summer,2.6,No,Standard,No,No,37,Credit Card,Fortnightly
2342,56,Male,Connecticut,East,L,Summer,4.5,No,Express,No,No,22,Venmo,Every 3 Months
2343,20,Male,Tennessee,South,M,Autumn,4.9,No,Standard,No,No,16,Debit Card,Fortnightly
2344,58,Male,Maryland,East,M,Summer,4.4,No,2-Day Shipping,No,No,44,PayPal,Monthly
2345,34,Male,Rhode Island,East,XL,Autumn,3.5,No,Express,No,No,14,Venmo,Bi-Weekly
2346,28,Male,New York,East,S,Winter,3.3,No,Express,No,No,23,Bank Transfer,Every 3 Months
2347,22,Male,New Mexico,West,L,Winter,3.1,No,Standard,No,No,46,Debit Card,Fortnightly
2348,37,Male,California,West,S,Autumn,4.2,No,Express,No,No,46,Cash,Every 3 Months
2349,54,Male,Maine,North,M,Spring,4.9,No,Next Day Air,No,No,16,PayPal,Every 3 Months
2350,65,Male,New York,East,M,Autumn,3.9,No,Standard,No,No,40,Credit Card,Every 3 Months
2351,57,Male,Hawaii,West,M,Winter,4.2,No,Free Shipping,No,No,21,Cash,Annually
2352,38,Male,New Hampshire,North,S,Autumn,4.9,No,Store Pickup,No,No,25,PayPal,Bi-Weekly
2353,70,Male,Nebraska,North,M,Autumn,2.8,No,Store Pickup,No,No,25,Bank Transfer,Quarterly
2354,56,Male,Montana,West,M,Autumn,4.1,No,Standard,No,No,25,Debit Card,Every 3 Months
2355,56,Male,Wisconsin,North,M,Summer,4.8,No,Next Day Air,No,No,27,Venmo,Monthly
2356,22,Male,Tennessee,South,S,Winter,4.1,No,Next Day Air,No,No,12,Cash,Monthly
2357,57,Male,Montana,West,M,Summer,3,No,Free Shipping,No,No,27,Debit Card,Quarterly
2358,53,Male,Michigan,North,L,Autumn,4.2,No,2-Day Shipping,No,No,40,Credit Card,Bi-Weekly
2359,53,Male,Texas,South,L,Spring,3.8,No,Standard,No,No,38,Credit Card,Quarterly
2360,19,Male,Pennsylvania,East,S,Spring,3.3,No,2-Day Shipping,No,No,44,Bank Transfer,Every 3 Months
2361,49,Male,New York,East,L,Autumn,4.7,No,2-Day Shipping,No,No,27,Venmo,Every 3 Months
2362,44,Male,Alabama,South,M,Spring,4.3,No,2-Day Shipping,No,No,30,Credit Card,Every 3 Months
2363,27,Male,Virginia,South,M,Autumn,2.7,No,Standard,No,No,24,Credit Card,Monthly
2364,60,Male,Pennsylvania,East,XL,Winter,4.2,No,Express,No,No,38,Cash,Bi-Weekly
2365,62,Male,Mississippi,South,L,Winter,4.2,No,Free Shipping,No,No,4,PayPal,Quarterly
2366,52,Male,Wyoming,West,S,Winter,2.5,No,Next Day Air,No,No,32,Venmo,Monthly
2367,30,Male,New Mexico,West,L,Winter,3.6,No,Express,No,No,32,Credit Card,Fortnightly
2368,66,Male,North Dakota,North,L,Winter,3.4,No,Standard,No,No,28,Bank Transfer,Bi-Weekly
2369,29,Male,New Jersey,East,M,Summer,3.3,No,Standard,No,No,6,Debit Card,Every 3 Months
2370,24,Male,Vermont,North,M,Winter,4.6,No,Standard,No,No,24,PayPal,Monthly
2371,51,Male,Alaska,West,M,Spring,3.9,No,Store Pickup,No,No,38,Venmo,Weekly
2372,67,Male,Indiana,North,M,Winter,3.7,No,Next Day Air,No,No,28,Debit Card,Annually
2373,50,Male,Alabama,South,XL,Spring,3.1,No,Express,No,No,9,PayPal,Fortnightly
2374,37,Male,Michigan,North,M,Spring,4.9,No,Express,No,No,21,Debit Card,Every 3 Months
2375,69,Male,Washington,West,L,Winter,4.7,No,Standard,No,No,31,Debit Card,Monthly
2376,60,Male,Virginia,South,L,Autumn,2.9,No,Next Day Air,No,No,18,Credit Card,Quarterly
2377,21,Male,Tennessee,South,XL,Spring,4.1,No,Express,No,No,5,Cash,Weekly
2378,44,Male,South Dakota,North,L,Autumn,4,No,Next Day Air,No,No,22,Cash,Annually
2379,26,Male,New Hampshire,North,L,Summer,2.7,No,Store Pickup,No,No,37,PayPal,Bi-Weekly
2380,40,Male,South Dakota,North,M,Spring,4,No,2-Day Shipping,No,No,22,Debit Card,Monthly
2381,41,Male,Pennsylvania,East,M,Autumn,2.5,No,Next Day Air,No,No,36,PayPal,Fortnightly
2382,62,Male,Wisconsin,North,M,Summer,4.5,No,Free Shipping,No,No,23,PayPal,Annually
2383,39,Male,California,West,M,Spring,3.9,No,Express,No,No,44,Debit Card,Weekly
2384,53,Male,Rhode Island,East,L,Spring,4.9,No,2-Day Shipping,No,No,25,Bank Transfer,Annually
2385,24,Male,Alabama,South,L,Winter,3.3,No,2-Day Shipping,No,No,40,PayPal,Quarterly
2386,41,Male,Oklahoma,South,M,Autumn,3.8,No,Express,No,No,12,PayPal,Weekly
2387,19,Male,Illinois,North,L,Summer,2.9,No,Standard,No,No,14,Venmo,Monthly
2388,36,Male,Tennessee,South,M,Summer,4,No,2-Day Shipping,No,No,14,Debit Card,Monthly
2389,21,Male,Alabama,South,M,Autumn,4.1,No,Store Pickup,No,No,10,Debit Card,Annually
2390,25,Male,Kansas,West,M,Spring,3.1,No,Store Pickup,No,No,17,Bank Transfer,Every 3 Months
2391,65,Male,Arizona,West,XL,Winter,4.6,No,Express,No,No,24,Debit Card,Fortnightly
2392,42,Male,Michigan,North,M,Winter,4.6,No,Next Day Air,No,No,31,Bank Transfer,Quarterly
2393,40,Male,Missouri,South,L,Spring,2.6,No,2-Day Shipping,No,No,36,Cash,Annually
2394,58,Male,Louisiana,South,M,Winter,5,No,2-Day Shipping,No,No,38,PayPal,Every 3 Months
2395,40,Male,Connecticut,East,L,Autumn,2.9,No,2-Day Shipping,No,No,23,Debit Card,Fortnightly
2396,62,Male,Connecticut,East,M,Winter,3.5,No,2-Day Shipping,No,No,47,PayPal,Bi-Weekly
2397,38,Male,Oregon,West,M,Spring,3.7,No,2-Day Shipping,No,No,20,Venmo,Weekly
2398,37,Male,West Virginia,South,L,Autumn,2.9,No,Store Pickup,No,No,41,Venmo,Monthly
2399,65,Male,Florida,South,M,Winter,4.3,No,Free Shipping,No,No,44,Bank Transfer,Fortnightly
2400,55,Male,New Hampshire,North,L,Spring,3.2,No,Store Pickup,No,No,31,Cash,Monthly
2401,43,Male,Oregon,West,M,Winter,4.2,No,Next Day Air,No,No,11,Credit Card,Bi-Weekly
2402,43,Male,Oregon,West,M,Winter,4.2,No,Standard,No,No,25,PayPal,Bi-Weekly
2403,45,Male,Utah,West,M,Winter,3.8,No,Free Shipping,No,No,31,Cash,Weekly
2404,64,Male,Missouri,South,M,Autumn,4.4,No,Standard,No,No,40,Debit Card,Weekly
2405,28,Male,West Virginia,South,L,Winter,3.1,No,2-Day Shipping,No,No,23,Credit Card,Bi-Weekly
2406,69,Male,California,West,XL,Autumn,5,No,Standard,No,No,5,Debit Card,Quarterly
2407,54,Male,California,West,M,Winter,4.7,No,Standard,No,No,26,PayPal,Weekly
2408,52,Male,Illinois,North,M,Summer,3,No,Express,No,No,11,Credit Card,Bi-Weekly
2409,23,Male,Hawaii,West,XL,Autumn,4.2,No,Next Day Air,No,No,44,Debit Card,Every 3 Months
2410,26,Male,Washington,West,L,Spring,3,No,Store Pickup,No,No,47,Cash,Every 3 Months
2411,48,Male,Wisconsin,North,M,Summer,3.7,No,Free Shipping,No,No,46,PayPal,Monthly
2412,49,Male,Virginia,South,M,Summer,2.7,No,Free Shipping,No,No,35,Cash,Every 3 Months
2413,53,Male,Oregon,West,M,Winter,4.3,No,2-Day Shipping,No,No,8,Bank Transfer,Bi-Weekly
2414,69,Male,Pennsylvania,East,XL,Autumn,2.7,No,2-Day Shipping,No,No,30,Bank Transfer,Weekly
2415,26,Male,Virginia,South,M,Summer,3.7,No,Next Day Air,No,No,14,Credit Card,Bi-Weekly
2416,21,Male,Hawaii,West,XL,Autumn,4.3,No,Standard,No,No,30,Bank Transfer,Weekly
2417,59,Male,Nebraska,North,S,Summer,4,No,Next Day Air,No,No,26,Credit Card,Every 3 Months
2418,21,Male,Alaska,West,M,Autumn,3.3,No,Standard,No,No,32,Venmo,Fortnightly
2419,22,Male,Michigan,North,S,Autumn,4,No,Next Day Air,No,No,47,Cash,Every 3 Months
2420,26,Male,North Carolina,South,M,Autumn,2.7,No,Next Day Air,No,No,11,Credit Card,Every 3 Months
2421,41,Male,North Carolina,South,S,Winter,4.2,No,Free Shipping,No,No,28,PayPal,Annually
2422,37,Male,Minnesota,North,L,Spring,4.6,No,Standard,No,No,2,Debit Card,Every 3 Months
2423,30,Male,Georgia,South,M,Winter,4.8,No,Store Pickup,No,No,45,Credit Card,Weekly
2424,49,Male,West Virginia,South,M,Summer,2.8,No,Free Shipping,No,No,7,Credit Card,Every 3 Months
2425,49,Male,Delaware,East,M,Winter,4.5,No,Next Day Air,No,No,28,Bank Transfer,Bi-Weekly
2426,58,Male,North Dakota,North,S,Summer,3,No,2-Day Shipping,No,No,34,Bank Transfer,Quarterly
2427,70,Male,Florida,South,M,Autumn,4.6,No,Free Shipping,No,No,26,Debit Card,Every 3 Months
2428,27,Male,Oregon,West,M,Spring,3.3,No,Standard,No,No,45,Cash,Quarterly
2429,65,Male,Idaho,West,M,Spring,4.4,No,Next Day Air,No,No,34,Debit Card,Annually
2430,57,Male,Virginia,South,XL,Summer,4.4,No,Standard,No,No,47,Credit Card,Fortnightly
2431,20,Male,North Dakota,North,XL,Summer,4.3,No,Express,No,No,42,Cash,Quarterly
2432,34,Male,Alabama,South,S,Autumn,3.4,No,Express,No,No,27,Bank Transfer,Every 3 Months
2433,59,Male,Hawaii,West,M,Winter,2.8,No,Store Pickup,No,No,43,Venmo,Monthly
2434,54,Male,Oregon,West,M,Spring,3.4,No,Standard,No,No,16,Cash,Bi-Weekly
2435,36,Male,Utah,West,M,Spring,5,No,Store Pickup,No,No,40,Credit Card,Monthly
2436,21,Male,Hawaii,West,S,Autumn,4.5,No,Free Shipping,No,No,29,Cash,Bi-Weekly
2437,52,Male,Connecticut,East,M,Autumn,2.7,No,Store Pickup,No,No,38,Credit Card,Quarterly
2438,43,Male,Wyoming,West,XL,Winter,3.4,No,Store Pickup,No,No,34,Credit Card,Weekly
2439,32,Male,Delaware,East,S,Winter,3.4,No,Express,No,No,30,Venmo,Weekly
2440,55,Male,Arkansas,South,M,Summer,2.8,No,Standard,No,No,45,Bank Transfer,Annually
2441,31,Male,Indiana,North,M,Spring,4.7,No,Standard,No,No,47,Bank Transfer,Annually
2442,45,Male,California,West,M,Autumn,4.7,No,Free Shipping,No,No,5,Credit Card,Monthly
2443,53,Male,Wyoming,West,L,Winter,4.7,No,Free Shipping,No,No,50,Debit Card,Bi-Weekly
2444,24,Male,South Dakota,North,M,Spring,3.4,No,2-Day Shipping,No,No,24,Bank Transfer,Bi-Weekly
2445,47,Male,West Virginia,South,S,Autumn,3.7,No,Express,No,No,15,Debit Card,Bi-Weekly
2446,63,Male,Tennessee,South,M,Summer,4.1,No,Store Pickup,No,No,50,Cash,Weekly
2447,38,Male,Alaska,West,L,Spring,2.9,No,2-Day Shipping,No,No,7,Credit Card,Monthly
2448,59,Male,South Dakota,North,L,Autumn,3.2,No,Store Pickup,No,No,10,Venmo,Fortnightly
2449,54,Male,Tennessee,South,S,Autumn,3,No,Free Shipping,No,No,38,PayPal,Bi-Weekly
2450,26,Male,Alabama,South,S,Autumn,4.1,No,Express,No,No,31,Venmo,Fortnightly
2451,68,Male,North Carolina,South,M,Autumn,4.5,No,Standard,No,No,7,Venmo,Quarterly
2452,41,Male,Oklahoma,South,M,Autumn,3.4,No,Store Pickup,No,No,27,Venmo,Monthly
2453,68,Male,New York,East,L,Winter,4.1,No,Express,No,No,45,Bank Transfer,Every 3 Months
2454,21,Male,Iowa,west,XL,Spring,4.6,No,Store Pickup,No,No,13,Cash,Annually
2455,32,Male,Alaska,West,M,Winter,4.6,No,Express,No,No,33,Venmo,Annually
2456,20,Male,Alaska,West,L,Spring,3.4,No,Express,No,No,25,Cash,Every 3 Months
2457,59,Male,Nebraska,North,M,Winter,3.3,No,2-Day Shipping,No,No,5,PayPal,Monthly
2458,53,Male,Delaware,East,M,Autumn,3.6,No,2-Day Shipping,No,No,23,Cash,Quarterly
2459,66,Male,Texas,South,L,Autumn,4.6,No,Free Shipping,No,No,17,Bank Transfer,Weekly
2460,47,Male,Missouri,South,L,Autumn,4.3,No,2-Day Shipping,No,No,14,Cash,Weekly
2461,58,Male,Maine,North,S,Winter,4,No,Store Pickup,No,No,28,Credit Card,Annually
2462,28,Male,Pennsylvania,East,L,Summer,4.8,No,Next Day Air,No,No,19,Credit Card,Weekly
2463,68,Male,Missouri,South,XL,Spring,4.3,No,Standard,No,No,31,Bank Transfer,Bi-Weekly
2464,60,Male,Mississippi,South,XL,Summer,3.3,No,Standard,No,No,25,Cash,Bi-Weekly
2465,47,Male,Hawaii,West,L,Winter,2.8,No,Express,No,No,4,Cash,Bi-Weekly
2466,18,Male,Texas,South,M,Spring,4.4,No,Free Shipping,No,No,20,Bank Transfer,Weekly
2467,32,Male,South Dakota,North,S,Summer,3.7,No,Express,No,No,37,Cash,Annually
2468,27,Male,New Jersey,East,M,Spring,3.6,No,Express,No,No,28,Credit Card,Annually
2469,65,Male,Connecticut,East,L,Winter,3.7,No,2-Day Shipping,No,No,6,Venmo,Weekly
2470,68,Male,Maryland,East,M,Autumn,5,No,Standard,No,No,27,PayPal,Annually
2471,55,Male,Arizona,West,XL,Autumn,2.7,No,Next Day Air,No,No,29,Credit Card,Fortnightly
2472,30,Male,Oklahoma,South,M,Spring,4.3,No,Store Pickup,No,No,1,Cash,Annually
2473,24,Male,Utah,West,M,Summer,4.1,No,Standard,No,No,31,Credit Card,Annually
2474,57,Male,Arkansas,South,M,Winter,2.6,No,Next Day Air,No,No,28,Cash,Quarterly
2475,23,Male,North Carolina,South,M,Autumn,3.2,No,Store Pickup,No,No,19,Bank Transfer,Quarterly
2476,69,Male,California,West,S,Summer,3.5,No,Next Day Air,No,No,36,Venmo,Monthly
2477,60,Male,Colorado,West,M,Summer,3.7,No,Next Day Air,No,No,28,Cash,Monthly
2478,25,Male,California,West,L,Spring,3.8,No,2-Day Shipping,No,No,29,PayPal,Weekly
2479,18,Male,Vermont,North,S,Winter,4.8,No,2-Day Shipping,No,No,9,Bank Transfer,Every 3 Months
2480,37,Male,Kansas,West,S,Autumn,4.2,No,Standard,No,No,26,Credit Card,Every 3 Months
2481,61,Male,Ohio,East,XL,Summer,2.9,No,Next Day Air,No,No,7,Credit Card,Fortnightly
2482,41,Male,New Jersey,East,XL,Autumn,2.9,No,Free Shipping,No,No,35,Debit Card,Weekly
2483,69,Male,Arizona,West,S,Winter,4.8,No,Next Day Air,No,No,46,Credit Card,Every 3 Months
2484,32,Male,Arizona,West,S,Autumn,2.9,No,Standard,No,No,8,Debit Card,Monthly
2485,60,Male,New Hampshire,North,M,Summer,4.8,No,2-Day Shipping,No,No,50,Cash,Every 3 Months
2486,43,Male,Louisiana,South,M,Spring,4.6,No,2-Day Shipping,No,No,37,Bank Transfer,Annually
2487,61,Male,Texas,South,L,Spring,4.4,No,Store Pickup,No,No,6,Credit Card,Fortnightly
2488,57,Male,Montana,West,L,Spring,3,No,Next Day Air,No,No,16,PayPal,Bi-Weekly
2489,56,Male,New Hampshire,North,XL,Summer,4.4,No,Express,No,No,30,PayPal,Monthly
2490,66,Male,South Dakota,North,M,Winter,3.9,No,Express,No,No,50,Venmo,Quarterly
2491,52,Male,Montana,West,M,Spring,4,No,Free Shipping,No,No,5,Cash,Every 3 Months
2492,63,Male,North Carolina,South,M,Spring,2.5,No,Express,No,No,15,Bank Transfer,Monthly
2493,50,Male,South Dakota,North,S,Summer,4.1,No,Next Day Air,No,No,34,Bank Transfer,Bi-Weekly
2494,21,Male,Maine,North,S,Autumn,4.8,No,2-Day Shipping,No,No,6,Venmo,Every 3 Months
2495,42,Male,Oklahoma,South,S,Winter,2.6,No,Store Pickup,No,No,26,Debit Card,Annually
2496,40,Male,Nebraska,North,XL,Spring,3.1,No,Free Shipping,No,No,34,Credit Card,Every 3 Months
2497,67,Male,Illinois,North,S,Summer,3.2,No,Store Pickup,No,No,37,Credit Card,Weekly
2498,35,Male,Colorado,West,M,Summer,4.2,No,Standard,No,No,28,Bank Transfer,Annually
2499,18,Male,Massachusetts,East,S,Autumn,2.6,No,Next Day Air,No,No,38,Cash,Fortnightly
2500,52,Male,Louisiana,South,L,Summer,3.1,No,Next Day Air,No,No,2,Cash,Quarterly
2501,59,Male,Massachusetts,East,M,Autumn,2.9,No,Store Pickup,No,No,32,Cash,Bi-Weekly
2502,49,Male,West Virginia,South,M,Autumn,4.6,No,Free Shipping,No,No,30,Venmo,Bi-Weekly
2503,46,Male,Idaho,West,L,Spring,4.1,No,Standard,No,No,17,PayPal,Every 3 Months
2504,69,Male,Ohio,East,M,Summer,2.5,No,Store Pickup,No,No,5,Debit Card,Bi-Weekly
2505,56,Male,Rhode Island,East,M,Winter,4,No,Store Pickup,No,No,31,Cash,Bi-Weekly
2506,27,Male,Illinois,North,M,Summer,3.5,No,Express,No,No,43,PayPal,Quarterly
2507,57,Male,New York,East,XL,Spring,4.4,No,Free Shipping,No,No,19,Venmo,Annually
2508,58,Male,Louisiana,South,M,Autumn,2.9,No,Store Pickup,No,No,32,Credit Card,Every 3 Months
2509,23,Male,California,West,XL,Spring,3.1,No,2-Day Shipping,No,No,5,Debit Card,Bi-Weekly
2510,19,Male,Washington,West,M,Spring,4.4,No,Free Shipping,No,No,9,Bank Transfer,Quarterly
2511,40,Male,South Dakota,North,L,Winter,4.4,No,Standard,No,No,48,Credit Card,Weekly
2512,54,Male,Idaho,West,M,Summer,2.7,No,Store Pickup,No,No,1,PayPal,Quarterly
2513,50,Male,North Dakota,North,M,Summer,4.9,No,Free Shipping,No,No,20,Credit Card,Monthly
2514,69,Male,Washington,West,L,Winter,3.5,No,2-Day Shipping,No,No,42,Cash,Annually
2515,42,Male,Alaska,West,L,Spring,4.8,No,Free Shipping,No,No,45,PayPal,Bi-Weekly
2516,37,Male,Kansas,West,M,Summer,4.2,No,2-Day Shipping,No,No,41,Cash,Monthly
2517,46,Male,Utah,West,XL,Spring,4.6,No,Standard,No,No,36,Debit Card,Quarterly
2518,64,Male,Wyoming,West,L,Spring,2.9,No,Standard,No,No,10,Venmo,Annually
2519,20,Male,Maine,North,XL,Autumn,4,No,Store Pickup,No,No,31,Venmo,Annually
2520,40,Male,Michigan,North,L,Spring,4.9,No,Standard,No,No,21,Credit Card,Quarterly
2521,64,Male,Illinois,North,L,Summer,3.1,No,Next Day Air,No,No,16,Cash,Every 3 Months
2522,29,Male,Minnesota,North,M,Autumn,4.4,No,Standard,No,No,18,PayPal,Every 3 Months
2523,20,Male,Massachusetts,East,S,Winter,2.5,No,2-Day Shipping,No,No,20,Debit Card,Weekly
2524,43,Male,New Jersey,East,S,Spring,3.4,No,Express,No,No,21,Bank Transfer,Annually
2525,60,Male,Kansas,West,M,Spring,3.7,No,Express,No,No,23,Credit Card,Quarterly
2526,39,Male,Kentucky,South,M,Winter,4.2,No,Standard,No,No,20,PayPal,Weekly
2527,47,Male,Rhode Island,East,S,Spring,3.4,No,Express,No,No,30,PayPal,Bi-Weekly
2528,19,Male,Illinois,North,M,Autumn,3.6,No,Express,No,No,33,Bank Transfer,Every 3 Months
2529,52,Male,Alabama,South,S,Autumn,4.7,No,2-Day Shipping,No,No,31,Debit Card,Monthly
2530,34,Male,Tennessee,South,M,Spring,4.7,No,Next Day Air,No,No,48,Bank Transfer,Monthly
2531,25,Male,Massachusetts,East,S,Spring,3.6,No,Free Shipping,No,No,28,Debit Card,Weekly
2532,43,Male,Texas,South,M,Summer,4.6,No,Free Shipping,No,No,7,Cash,Every 3 Months
2533,55,Male,Nebraska,North,S,Summer,2.6,No,Next Day Air,No,No,4,Debit Card,Weekly
2534,66,Male,Pennsylvania,East,S,Summer,3.1,No,Standard,No,No,49,Cash,Bi-Weekly
2535,41,Male,Virginia,South,XL,Autumn,3.2,No,Free Shipping,No,No,22,Cash,Weekly
2536,47,Male,Vermont,North,S,Winter,3.9,No,Express,No,No,39,Bank Transfer,Fortnightly
2537,51,Male,Oklahoma,South,L,Spring,4.9,No,Express,No,No,45,PayPal,Every 3 Months
2538,44,Male,Maine,North,M,Summer,4.1,No,2-Day Shipping,No,No,30,PayPal,Fortnightly
2539,18,Male,New Jersey,East,M,Summer,4.2,No,Next Day Air,No,No,33,Credit Card,Bi-Weekly
2540,33,Male,Massachusetts,East,M,Autumn,4.1,No,Next Day Air,No,No,24,Cash,Bi-Weekly
2541,24,Male,New Jersey,East,M,Summer,3.9,No,Free Shipping,No,No,11,Debit Card,Quarterly
2542,33,Male,Washington,West,M,Spring,2.7,No,Next Day Air,No,No,13,Venmo,Every 3 Months
2543,61,Male,Arkansas,South,M,Winter,3.7,No,Express,No,No,27,PayPal,Annually
2544,27,Male,West Virginia,South,L,Spring,2.7,No,Next Day Air,No,No,30,PayPal,Bi-Weekly
2545,46,Male,Delaware,East,M,Spring,2.5,No,Next Day Air,No,No,39,Venmo,Quarterly
2546,38,Male,Texas,South,L,Spring,3.9,No,Free Shipping,No,No,10,Debit Card,Annually
2547,63,Male,Texas,South,L,Summer,3,No,Express,No,No,4,Credit Card,Quarterly
2548,47,Male,Mississippi,South,M,Summer,3.2,No,2-Day Shipping,No,No,16,Cash,Weekly
2549,42,Male,Texas,South,L,Winter,3.8,No,Standard,No,No,34,Credit Card,Monthly
2550,41,Male,Virginia,South,M,Autumn,2.7,No,Standard,No,No,11,Debit Card,Every 3 Months
2551,53,Male,New Hampshire,North,XL,Autumn,3,No,Store Pickup,No,No,30,Debit Card,Fortnightly
2552,29,Male,Minnesota,North,M,Winter,4.1,No,Next Day Air,No,No,40,Debit Card,Annually
2553,61,Male,Maryland,East,XL,Spring,3.2,No,2-Day Shipping,No,No,13,Credit Card,Annually
2554,69,Male,Vermont,North,M,Summer,4.5,No,Store Pickup,No,No,28,Venmo,Every 3 Months
2555,51,Male,Kansas,West,M,Summer,4.3,No,Store Pickup,No,No,49,Debit Card,Bi-Weekly
2556,24,Male,Idaho,West,M,Autumn,3.5,No,Standard,No,No,23,Credit Card,Weekly
2557,24,Male,Montana,West,XL,Autumn,3.1,No,Standard,No,No,4,Bank Transfer,Quarterly
2558,70,Male,Oklahoma,South,L,Spring,3.9,No,Standard,No,No,17,PayPal,Fortnightly
2559,49,Male,California,West,M,Autumn,2.7,No,Express,No,No,24,PayPal,Fortnightly
2560,48,Male,Mississippi,South,S,Winter,4,No,Free Shipping,No,No,21,Debit Card,Every 3 Months
2561,58,Male,California,West,M,Spring,2.7,No,Next Day Air,No,No,17,Debit Card,Bi-Weekly
2562,32,Male,New York,East,L,Spring,2.7,No,Free Shipping,No,No,22,Debit Card,Quarterly
2563,57,Male,Arizona,West,XL,Spring,4.7,No,Standard,No,No,27,Cash,Fortnightly
2564,69,Male,Massachusetts,East,XL,Winter,4.5,No,Standard,No,No,1,Venmo,Every 3 Months
2565,42,Male,Kentucky,South,L,Winter,3,No,2-Day Shipping,No,No,27,Bank Transfer,Weekly
2566,30,Male,Vermont,North,S,Autumn,3.6,No,Store Pickup,No,No,8,Venmo,Quarterly
2567,35,Male,Missouri,South,S,Autumn,3.3,No,Standard,No,No,43,PayPal,Quarterly
2568,19,Male,Michigan,North,XL,Spring,4.3,No,Store Pickup,No,No,24,Cash,Fortnightly
2569,52,Male,Texas,South,XL,Winter,4.3,No,Express,No,No,29,PayPal,Fortnightly
2570,42,Male,New York,East,M,Spring,4.8,No,Free Shipping,No,No,10,Bank Transfer,Bi-Weekly
2571,36,Male,New Mexico,West,XL,Spring,4,No,Store Pickup,No,No,12,PayPal,Fortnightly
2572,45,Male,Mississippi,South,L,Winter,3.5,No,Standard,No,No,48,Cash,Fortnightly
2573,54,Male,Washington,West,M,Autumn,3.9,No,Next Day Air,No,No,40,Bank Transfer,Quarterly
2574,54,Male,New Mexico,West,M,Summer,4.4,No,Store Pickup,No,No,1,Bank Transfer,Annually
2575,27,Male,Florida,South,M,Summer,4.6,No,2-Day Shipping,No,No,26,Credit Card,Fortnightly
2576,53,Male,Minnesota,North,M,Autumn,4,No,Express,No,No,9,PayPal,Annually
2577,20,Male,New Hampshire,North,M,Winter,4.2,No,Free Shipping,No,No,19,Debit Card,Quarterly
2578,52,Male,Minnesota,North,L,Autumn,4.5,No,Next Day Air,No,No,37,Bank Transfer,Monthly
2579,54,Male,Vermont,North,M,Autumn,3.9,No,Free Shipping,No,No,3,Cash,Quarterly
2580,65,Male,Minnesota,North,M,Summer,3.7,No,Express,No,No,40,Venmo,Weekly
2581,43,Male,Massachusetts,East,S,Summer,3.6,No,Store Pickup,No,No,13,Bank Transfer,Quarterly
2582,57,Male,Wyoming,West,M,Winter,4.7,No,Express,No,No,48,Credit Card,Monthly
2583,19,Male,South Dakota,North,S,Autumn,3.6,No,2-Day Shipping,No,No,4,Venmo,Every 3 Months
2584,69,Male,Oklahoma,South,M,Autumn,2.5,No,Next Day Air,No,No,9,Cash,Weekly
2585,26,Male,Florida,South,L,Summer,2.9,No,Store Pickup,No,No,26,Bank Transfer,Bi-Weekly
2586,57,Male,Wisconsin,North,L,Autumn,4.4,No,Free Shipping,No,No,19,Debit Card,Weekly
2587,20,Male,Maine,North,L,Winter,4.6,No,Express,No,No,1,Credit Card,Every 3 Months
2588,55,Male,Connecticut,East,M,Winter,3.7,No,Express,No,No,29,PayPal,Every 3 Months
2589,44,Male,Delaware,East,M,Summer,3.2,No,Free Shipping,No,No,38,Venmo,Bi-Weekly
2590,52,Male,North Dakota,North,M,Winter,4.9,No,2-Day Shipping,No,No,31,PayPal,Annually
2591,57,Male,California,West,M,Summer,5,No,Free Shipping,No,No,35,Venmo,Annually
2592,40,Male,New Mexico,West,S,Spring,3.3,No,Express,No,No,40,Cash,Quarterly
2593,23,Male,Iowa,west,XL,Summer,4.4,No,Store Pickup,No,No,13,Venmo,Quarterly
2594,36,Male,Colorado,West,S,Autumn,4.7,No,Store Pickup,No,No,9,Bank Transfer,Every 3 Months
2595,59,Male,Montana,West,L,Autumn,3.6,No,Free Shipping,No,No,25,Cash,Every 3 Months
2596,29,Male,Iowa,west,XL,Summer,3.2,No,Free Shipping,No,No,3,Bank Transfer,Bi-Weekly
2597,63,Male,Louisiana,South,L,Spring,3,No,Next Day Air,No,No,35,Credit Card,Monthly
2598,60,Male,Alabama,South,XL,Summer,4.4,No,Store Pickup,No,No,13,Venmo,Bi-Weekly
2599,64,Male,Nevada,West,XL,Autumn,3.3,No,Express,No,No,31,Debit Card,Annually
2600,63,Male,Vermont,North,M,Winter,3.4,No,Express,No,No,48,Credit Card,Monthly
2601,21,Male,New York,East,M,Autumn,3.9,No,Express,No,No,6,Bank Transfer,Bi-Weekly
2602,61,Male,Mississippi,South,L,Winter,2.9,No,Store Pickup,No,No,43,Cash,Monthly
2603,65,Male,South Carolina,South,M,Autumn,2.9,No,Free Shipping,No,No,1,Venmo,Quarterly
2604,69,Male,Washington,West,M,Spring,2.7,No,2-Day Shipping,No,No,8,Cash,Annually
2605,47,Male,Colorado,West,M,Spring,3.4,No,Store Pickup,No,No,6,Debit Card,Weekly
2606,41,Male,Nevada,West,M,Spring,3.7,No,2-Day Shipping,No,No,32,Venmo,Fortnightly
2607,68,Male,Nevada,West,L,Spring,4.7,No,Standard,No,No,46,Bank Transfer,Bi-Weekly
2608,41,Male,Oklahoma,South,XL,Spring,3.1,No,Express,No,No,38,PayPal,Every 3 Months
2609,42,Male,Mississippi,South,L,Autumn,4.2,No,2-Day Shipping,No,No,48,Credit Card,Fortnightly
2610,66,Male,Arkansas,South,M,Summer,3,No,Store Pickup,No,No,18,Debit Card,Bi-Weekly
2611,66,Male,West Virginia,South,M,Spring,3.1,No,Express,No,No,25,Cash,Quarterly
2612,33,Male,Michigan,North,L,Autumn,4.2,No,2-Day Shipping,No,No,4,Cash,Fortnightly
2613,55,Male,Louisiana,South,M,Winter,3.8,No,Next Day Air,No,No,27,Venmo,Quarterly
2614,58,Male,South Dakota,North,M,Autumn,2.9,No,Express,No,No,14,Bank Transfer,Monthly
2615,18,Male,North Dakota,North,M,Spring,4.2,No,Express,No,No,36,Bank Transfer,Fortnightly
2616,49,Male,Arizona,West,M,Autumn,3.1,No,2-Day Shipping,No,No,6,Debit Card,Quarterly
2617,61,Male,Georgia,South,XL,Spring,3.6,No,Express,No,No,46,Cash,Annually
2618,31,Male,Idaho,West,S,Spring,4.8,No,Standard,No,No,29,Bank Transfer,Annually
2619,70,Male,Louisiana,South,L,Autumn,4.1,No,Express,No,No,12,Venmo,Monthly
2620,68,Male,Connecticut,East,L,Winter,3.9,No,Free Shipping,No,No,47,Credit Card,Weekly
2621,27,Male,Ohio,East,S,Winter,3,No,Standard,No,No,28,Debit Card,Annually
2622,48,Male,Maine,North,M,Winter,3,No,Express,No,No,21,Bank Transfer,Annually
2623,63,Male,New Hampshire,North,M,Spring,4.9,No,2-Day Shipping,No,No,15,Credit Card,Annually
2624,49,Male,Massachusetts,East,M,Autumn,4.8,No,Next Day Air,No,No,38,Cash,Annually
2625,19,Male,South Dakota,North,M,Summer,3.3,No,Standard,No,No,19,Credit Card,Annually
2626,30,Male,Colorado,West,L,Summer,2.7,No,Standard,No,No,31,Credit Card,Weekly
2627,50,Male,Rhode Island,East,XL,Autumn,4.2,No,Express,No,No,30,Credit Card,Every 3 Months
2628,66,Male,Missouri,South,L,Autumn,3.6,No,Next Day Air,No,No,40,Bank Transfer,Quarterly
2629,25,Male,Wyoming,West,M,Summer,3.8,No,Next Day Air,No,No,42,Credit Card,Bi-Weekly
2630,61,Male,New Hampshire,North,M,Winter,3.8,No,Free Shipping,No,No,25,Venmo,Annually
2631,29,Male,Maine,North,S,Spring,4.2,No,Free Shipping,No,No,20,Cash,Quarterly
2632,53,Male,Connecticut,East,S,Summer,2.7,No,Express,No,No,3,Cash,Weekly
2633,24,Male,Alaska,West,M,Autumn,5,No,Next Day Air,No,No,14,Cash,Annually
2634,51,Male,Alaska,West,M,Autumn,4.7,No,Next Day Air,No,No,32,Credit Card,Fortnightly
2635,26,Male,North Carolina,South,S,Summer,3.2,No,Store Pickup,No,No,20,PayPal,Every 3 Months
2636,59,Male,Colorado,West,XL,Spring,2.9,No,2-Day Shipping,No,No,34,PayPal,Fortnightly
2637,41,Male,Utah,West,S,Winter,4.2,No,Store Pickup,No,No,6,Venmo,Annually
2638,20,Male,Alabama,South,M,Spring,3.7,No,Store Pickup,No,No,2,PayPal,Annually
2639,22,Male,Hawaii,West,S,Spring,4.2,No,Store Pickup,No,No,35,Credit Card,Annually
2640,18,Male,New Hampshire,North,XL,Winter,2.6,No,Free Shipping,No,No,33,Debit Card,Quarterly
2641,30,Male,Indiana,North,L,Summer,4,No,Store Pickup,No,No,45,Venmo,Bi-Weekly
2642,25,Male,Vermont,North,XL,Winter,2.7,No,Next Day Air,No,No,20,Bank Transfer,Every 3 Months
2643,39,Male,Iowa,west,L,Summer,4,No,Store Pickup,No,No,48,Bank Transfer,Annually
2644,49,Male,Maryland,East,S,Spring,2.9,No,Next Day Air,No,No,37,Cash,Monthly
2645,25,Male,New Mexico,West,M,Spring,3.3,No,Standard,No,No,4,Bank Transfer,Every 3 Months
2646,23,Male,Louisiana,South,L,Spring,4,No,Store Pickup,No,No,24,Bank Transfer,Bi-Weekly
2647,33,Male,New Mexico,West,S,Summer,3.9,No,Next Day Air,No,No,4,Debit Card,Every 3 Months
2648,60,Male,South Carolina,South,M,Summer,3.3,No,2-Day Shipping,No,No,25,Debit Card,Annually
2649,51,Male,Illinois,North,M,Spring,3.9,No,Next Day Air,No,No,14,PayPal,Bi-Weekly
2650,23,Male,Minnesota,North,M,Autumn,3.9,No,Store Pickup,No,No,14,Bank Transfer,Fortnightly
2651,20,Male,Oregon,West,L,Summer,4.2,No,Standard,No,No,46,Credit Card,Every 3 Months
2652,51,Male,Tennessee,South,M,Summer,4.6,No,Store Pickup,No,No,27,PayPal,Quarterly
2653,23,Female,Maryland,East,L,Summer,3.3,No,2-Day Shipping,No,No,46,Credit Card,Monthly
2654,67,Female,Wisconsin,North,L,Autumn,4.8,No,Express,No,No,24,Venmo,Every 3 Months
2655,23,Female,Idaho,West,S,Autumn,4.1,No,Next Day Air,No,No,4,PayPal,Annually
2656,26,Female,Wyoming,West,M,Summer,3.4,No,Standard,No,No,2,Credit Card,Fortnightly
2657,52,Female,Indiana,North,L,Winter,3.6,No,Express,No,No,29,Bank Transfer,Fortnightly
2658,52,Female,Texas,South,M,Summer,2.7,No,Express,No,No,7,Credit Card,Fortnightly
2659,52,Female,Ohio,East,XL,Summer,3.2,No,Next Day Air,No,No,39,PayPal,Monthly
2660,35,Female,Kansas,West,L,Summer,4.4,No,2-Day Shipping,No,No,46,Credit Card,Fortnightly
2661,24,Female,South Carolina,South,L,Spring,4.9,No,Express,No,No,44,Venmo,Annually
2662,43,Female,Michigan,North,XL,Autumn,4.8,No,Express,No,No,20,Bank Transfer,Annually
2663,25,Female,Nebraska,North,M,Summer,2.8,No,2-Day Shipping,No,No,44,PayPal,Fortnightly
2664,46,Female,Wisconsin,North,L,Autumn,2.9,No,Free Shipping,No,No,23,Bank Transfer,Annually
2665,22,Female,Illinois,North,L,Winter,3.2,No,Store Pickup,No,No,37,PayPal,Weekly
2666,70,Female,Louisiana,South,L,Winter,3.5,No,Store Pickup,No,No,4,Venmo,Weekly
2667,49,Female,Ohio,East,S,Winter,4.1,No,Store Pickup,No,No,14,Venmo,Fortnightly
2668,48,Female,Maryland,East,M,Summer,4.1,No,Free Shipping,No,No,31,Cash,Fortnightly
2669,59,Female,Texas,South,M,Summer,4.8,No,Next Day Air,No,No,9,PayPal,Quarterly
2670,39,Female,Illinois,North,L,Spring,2.8,No,Free Shipping,No,No,31,Credit Card,Weekly
2671,30,Female,Pennsylvania,East,M,Autumn,4.7,No,Express,No,No,26,Bank Transfer,Bi-Weekly
2672,37,Female,Alabama,South,XL,Winter,4.8,No,2-Day Shipping,No,No,41,PayPal,Every 3 Months
2673,56,Female,West Virginia,South,M,Spring,2.9,No,Standard,No,No,13,Cash,Annually
2674,67,Female,Nevada,West,M,Summer,2.6,No,2-Day Shipping,No,No,4,Cash,Monthly
2675,40,Female,Florida,South,S,Autumn,3.3,No,Express,No,No,15,Cash,Every 3 Months
2676,24,Female,Virginia,South,M,Winter,3.4,No,Free Shipping,No,No,38,Cash,Bi-Weekly
2677,43,Female,Kentucky,South,M,Spring,3.6,No,Free Shipping,No,No,3,Cash,Fortnightly
2678,45,Female,Connecticut,East,L,Spring,3.8,No,Next Day Air,No,No,6,PayPal,Every 3 Months
2679,33,Female,Montana,West,M,Spring,3.4,No,2-Day Shipping,No,No,34,Credit Card,Bi-Weekly
2680,53,Female,Montana,West,S,Spring,3.8,No,Express,No,No,7,Debit Card,Quarterly
2681,44,Female,Nebraska,North,L,Autumn,3.3,No,Next Day Air,No,No,21,Venmo,Annually
2682,23,Female,Massachusetts,East,L,Summer,4.8,No,Standard,No,No,17,Debit Card,Monthly
2683,59,Female,North Carolina,South,L,Winter,3.9,No,2-Day Shipping,No,No,5,Venmo,Every 3 Months
2684,68,Female,Montana,West,M,Summer,4.2,No,Next Day Air,No,No,21,Cash,Fortnightly
2685,46,Female,Washington,West,M,Summer,4.7,No,Free Shipping,No,No,42,Credit Card,Bi-Weekly
2686,56,Female,Virginia,South,M,Winter,2.7,No,Express,No,No,49,Credit Card,Quarterly
2687,40,Female,Georgia,South,M,Winter,3.8,No,2-Day Shipping,No,No,33,Cash,Fortnightly
2688,61,Female,Delaware,East,M,Autumn,3.6,No,2-Day Shipping,No,No,12,Debit Card,Bi-Weekly
2689,53,Female,West Virginia,South,XL,Spring,2.9,No,2-Day Shipping,No,No,18,Credit Card,Every 3 Months
2690,29,Female,Wyoming,West,M,Autumn,3.9,No,Standard,No,No,47,PayPal,Quarterly
2691,44,Female,New Mexico,West,L,Summer,4.7,No,Free Shipping,No,No,18,Bank Transfer,Weekly
2692,43,Female,Nebraska,North,L,Winter,3.3,No,2-Day Shipping,No,No,48,Cash,Monthly
2693,40,Female,Washington,West,XL,Spring,4.2,No,Free Shipping,No,No,18,Debit Card,Every 3 Months
2694,55,Female,Hawaii,West,L,Summer,2.6,No,Standard,No,No,46,Cash,Quarterly
2695,66,Female,Louisiana,South,M,Spring,4.9,No,Express,No,No,34,Credit Card,Every 3 Months
2696,50,Female,Tennessee,South,M,Autumn,3.6,No,Standard,No,No,10,PayPal,Bi-Weekly
2697,57,Female,South Dakota,North,M,Spring,4.7,No,Free Shipping,No,No,12,Debit Card,Monthly
2698,42,Female,Delaware,East,L,Winter,3.2,No,Standard,No,No,36,Bank Transfer,Quarterly
2699,55,Female,Virginia,South,M,Summer,3.6,No,Store Pickup,No,No,34,Venmo,Quarterly
2700,25,Female,Utah,West,M,Autumn,3.6,No,2-Day Shipping,No,No,49,Debit Card,Annually
2701,22,Female,California,West,XL,Winter,3.2,No,Standard,No,No,36,Cash,Weekly
2702,49,Female,Idaho,West,L,Summer,2.8,No,Store Pickup,No,No,18,Bank Transfer,Fortnightly
2703,70,Female,Texas,South,L,Autumn,4,No,Next Day Air,No,No,39,Debit Card,Fortnightly
2704,56,Female,Tennessee,South,XL,Winter,4.4,No,Free Shipping,No,No,34,PayPal,Weekly
2705,52,Female,Tennessee,South,L,Spring,3.4,No,Next Day Air,No,No,35,Debit Card,Weekly
2706,65,Female,Washington,West,S,Spring,5,No,Store Pickup,No,No,1,Credit Card,Bi-Weekly
2707,24,Female,Alabama,South,S,Spring,3.1,No,Express,No,No,48,Debit Card,Quarterly
2708,32,Female,Nebraska,North,M,Autumn,4.2,No,Standard,No,No,19,Cash,Weekly
2709,57,Female,Alabama,South,M,Summer,3.3,No,Store Pickup,No,No,44,Debit Card,Weekly
2710,35,Female,Illinois,North,S,Winter,2.9,No,Standard,No,No,9,Credit Card,Bi-Weekly
2711,69,Female,Wisconsin,North,L,Summer,4.7,No,Standard,No,No,3,Bank Transfer,Fortnightly
2712,30,Female,Nebraska,North,L,Spring,4,No,Standard,No,No,50,Venmo,Monthly
2713,37,Female,North Dakota,North,L,Autumn,4.6,No,Standard,No,No,7,Debit Card,Quarterly
2714,19,Female,Mississippi,South,M,Autumn,3.8,No,2-Day Shipping,No,No,20,Debit Card,Annually
2715,53,Female,Iowa,west,S,Winter,3.6,No,Store Pickup,No,No,16,Credit Card,Bi-Weekly
2716,25,Female,Mississippi,South,XL,Winter,4.1,No,Express,No,No,29,PayPal,Fortnightly
2717,47,Female,Colorado,West,L,Spring,2.7,No,Store Pickup,No,No,21,Debit Card,Weekly
2718,18,Female,Nebraska,North,XL,Winter,4.3,No,Free Shipping,No,No,19,Credit Card,Every 3 Months
2719,22,Female,Virginia,South,M,Winter,4.9,No,Next Day Air,No,No,10,Venmo,Bi-Weekly
2720,69,Female,Louisiana,South,S,Autumn,4.2,No,Free Shipping,No,No,4,Bank Transfer,Monthly
2721,55,Female,Maryland,East,M,Spring,2.8,No,Store Pickup,No,No,45,Bank Transfer,Quarterly
2722,19,Female,Minnesota,North,S,Spring,4.9,No,Free Shipping,No,No,17,PayPal,Fortnightly
2723,23,Female,Maine,North,M,Spring,2.8,No,2-Day Shipping,No,No,22,PayPal,Fortnightly
2724,54,Female,Texas,South,XL,Summer,2.9,No,Store Pickup,No,No,3,PayPal,Every 3 Months
2725,52,Female,Missouri,South,M,Spring,2.5,No,Next Day Air,No,No,11,Debit Card,Fortnightly
2726,64,Female,Mississippi,South,S,Summer,2.7,No,Free Shipping,No,No,4,Debit Card,Annually
2727,33,Female,Michigan,North,L,Winter,3.3,No,Free Shipping,No,No,11,PayPal,Bi-Weekly
2728,40,Female,Colorado,West,L,Winter,3.7,No,2-Day Shipping,No,No,47,Credit Card,Fortnightly
2729,26,Female,Florida,South,M,Winter,4,No,Express,No,No,17,Debit Card,Weekly
2730,31,Female,Montana,West,S,Summer,4.1,No,Free Shipping,No,No,32,Credit Card,Monthly
2731,23,Female,Wisconsin,North,M,Winter,4.1,No,Store Pickup,No,No,37,Bank Transfer,Annually
2732,52,Female,Wisconsin,North,M,Summer,2.5,No,2-Day Shipping,No,No,44,Bank Transfer,Quarterly
2733,21,Female,Delaware,East,L,Winter,4.2,No,Store Pickup,No,No,27,Debit Card,Every 3 Months
2734,31,Female,North Carolina,South,M,Summer,4.7,No,Express,No,No,46,PayPal,Annually
2735,63,Female,New York,East,XL,Summer,2.7,No,2-Day Shipping,No,No,13,Cash,Bi-Weekly
2736,46,Female,California,West,M,Spring,3,No,Express,No,No,2,PayPal,Bi-Weekly
2737,44,Female,Montana,West,M,Spring,4.8,No,Store Pickup,No,No,45,Credit Card,Annually
2738,57,Female,North Carolina,South,S,Spring,4.4,No,Free Shipping,No,No,35,Cash,Every 3 Months
2739,50,Female,Ohio,East,M,Summer,4.3,No,2-Day Shipping,No,No,39,Venmo,Every 3 Months
2740,33,Female,Alaska,West,XL,Winter,2.5,No,Store Pickup,No,No,39,Credit Card,Every 3 Months
2741,19,Female,Pennsylvania,East,M,Summer,4.9,No,Free Shipping,No,No,34,Bank Transfer,Fortnightly
2742,68,Female,Maine,North,L,Autumn,4.9,No,2-Day Shipping,No,No,41,Venmo,Monthly
2743,27,Female,Texas,South,M,Spring,3.9,No,Free Shipping,No,No,47,Debit Card,Annually
2744,61,Female,New Jersey,East,S,Autumn,4.1,No,2-Day Shipping,No,No,17,Venmo,Quarterly
2745,38,Female,Wyoming,West,M,Winter,3.3,No,Store Pickup,No,No,40,Credit Card,Monthly
2746,28,Female,Michigan,North,M,Summer,4.1,No,Standard,No,No,44,PayPal,Bi-Weekly
2747,39,Female,Ohio,East,M,Autumn,3.7,No,Standard,No,No,21,PayPal,Every 3 Months
2748,18,Female,West Virginia,South,M,Winter,3.1,No,Free Shipping,No,No,21,Credit Card,Every 3 Months
2749,24,Female,Virginia,South,L,Spring,3,No,Free Shipping,No,No,16,Venmo,Annually
2750,64,Female,Vermont,North,M,Spring,3.4,No,Standard,No,No,15,Bank Transfer,Annually
2751,51,Female,Alaska,West,L,Spring,2.7,No,2-Day Shipping,No,No,26,PayPal,Every 3 Months
2752,27,Female,Minnesota,North,S,Autumn,3.1,No,Free Shipping,No,No,50,Venmo,Monthly
2753,48,Female,Colorado,West,S,Winter,4,No,Free Shipping,No,No,30,Venmo,Bi-Weekly
2754,69,Female,Rhode Island,East,M,Spring,3.6,No,Next Day Air,No,No,48,PayPal,Quarterly
2755,59,Female,New Jersey,East,L,Summer,3.6,No,Free Shipping,No,No,21,Venmo,Bi-Weekly
2756,59,Female,Nevada,West,M,Winter,3.3,No,Store Pickup,No,No,18,Credit Card,Annually
2757,42,Female,Minnesota,North,L,Winter,4.1,No,Free Shipping,No,No,41,PayPal,Monthly
2758,39,Female,Delaware,East,XL,Autumn,4.3,No,Next Day Air,No,No,11,Venmo,Monthly
2759,32,Female,Illinois,North,M,Summer,3.2,No,Standard,No,No,8,Bank Transfer,Bi-Weekly
2760,68,Female,Washington,West,M,Summer,3.9,No,Free Shipping,No,No,42,Cash,Every 3 Months
2761,41,Female,Alaska,West,S,Autumn,5,No,Next Day Air,No,No,41,Credit Card,Bi-Weekly
2762,31,Female,Michigan,North,M,Autumn,3.4,No,Next Day Air,No,No,3,Credit Card,Every 3 Months
2763,58,Female,Georgia,South,M,Autumn,3.8,No,Store Pickup,No,No,10,Debit Card,Every 3 Months
2764,28,Female,West Virginia,South,M,Autumn,2.9,No,2-Day Shipping,No,No,35,Venmo,Quarterly
2765,63,Female,Arizona,West,XL,Spring,2.6,No,Next Day Air,No,No,2,Debit Card,Weekly
2766,64,Female,Colorado,West,M,Summer,4.3,No,2-Day Shipping,No,No,24,Credit Card,Quarterly
2767,66,Female,Tennessee,South,M,Winter,2.8,No,Standard,No,No,47,Credit Card,Monthly
2768,31,Female,Iowa,west,M,Spring,4.5,No,Free Shipping,No,No,31,Cash,Monthly
2769,55,Female,Kansas,West,M,Spring,3.8,No,2-Day Shipping,No,No,28,PayPal,Bi-Weekly
2770,32,Female,Oklahoma,South,L,Autumn,3,No,Standard,No,No,13,Cash,Weekly
2771,50,Female,Nebraska,North,S,Autumn,3.3,No,Express,No,No,22,Bank Transfer,Quarterly
2772,58,Female,Maryland,East,S,Summer,3.1,No,2-Day Shipping,No,No,12,Bank Transfer,Fortnightly
2773,18,Female,Pennsylvania,East,L,Spring,3.5,No,Store Pickup,No,No,10,Bank Transfer,Every 3 Months
2774,39,Female,Arizona,West,S,Spring,4.6,No,Express,No,No,45,Bank Transfer,Quarterly
2775,56,Female,Oklahoma,South,L,Autumn,4.1,No,Standard,No,No,42,Credit Card,Quarterly
2776,37,Female,Montana,West,L,Autumn,3.6,No,Free Shipping,No,No,16,Debit Card,Weekly
2777,46,Female,Wyoming,West,L,Autumn,2.9,No,Free Shipping,No,No,6,Bank Transfer,Annually
2778,52,Female,Idaho,West,M,Autumn,4.8,No,Standard,No,No,28,Credit Card,Every 3 Months
2779,70,Female,Pennsylvania,East,L,Spring,3.2,No,Standard,No,No,24,Credit Card,Bi-Weekly
2780,61,Female,Montana,West,L,Winter,4.3,No,Express,No,No,14,Credit Card,Fortnightly
2781,33,Female,Ohio,East,M,Winter,4.1,No,Next Day Air,No,No,29,PayPal,Fortnightly
2782,65,Female,Mississippi,South,M,Spring,4.6,No,Standard,No,No,33,PayPal,Weekly
2783,41,Female,Idaho,West,S,Spring,3.8,No,Free Shipping,No,No,30,PayPal,Annually
2784,19,Female,Virginia,South,M,Spring,4.5,No,Next Day Air,No,No,26,Credit Card,Quarterly
2785,33,Female,Idaho,West,M,Winter,3.1,No,Express,No,No,12,PayPal,Every 3 Months
2786,53,Female,Louisiana,South,S,Summer,2.9,No,Next Day Air,No,No,13,Bank Transfer,Monthly
2787,54,Female,Colorado,West,M,Spring,3.8,No,Next Day Air,No,No,41,Debit Card,Every 3 Months
2788,36,Female,West Virginia,South,XL,Spring,4.1,No,Next Day Air,No,No,4,Venmo,Fortnightly
2789,56,Female,Rhode Island,East,M,Summer,3.1,No,Free Shipping,No,No,2,Credit Card,Annually
2790,28,Female,North Carolina,South,L,Autumn,5,No,Express,No,No,28,Credit Card,Bi-Weekly
2791,34,Female,Maine,North,M,Spring,4.5,No,Free Shipping,No,No,24,Debit Card,Annually
2792,43,Female,Iowa,west,M,Autumn,2.8,No,Express,No,No,14,Venmo,Fortnightly
2793,54,Female,Kentucky,South,L,Winter,3.2,No,Express,No,No,11,Credit Card,Weekly
2794,37,Female,Massachusetts,East,M,Spring,3.1,No,Standard,No,No,27,Debit Card,Bi-Weekly
2795,33,Female,New York,East,M,Autumn,3.3,No,Standard,No,No,7,Cash,Fortnightly
2796,33,Female,Nebraska,North,M,Winter,3.4,No,Store Pickup,No,No,49,PayPal,Annually
2797,55,Female,Oklahoma,South,M,Winter,3.8,No,Store Pickup,No,No,21,Cash,Annually
2798,63,Female,Oklahoma,South,M,Winter,3.5,No,Express,No,No,10,Venmo,Every 3 Months
2799,52,Female,Rhode Island,East,XL,Winter,4.8,No,Store Pickup,No,No,37,PayPal,Weekly
2800,23,Female,Maine,North,L,Spring,3.9,No,Free Shipping,No,No,9,Bank Transfer,Every 3 Months
2801,70,Female,Arkansas,South,L,Autumn,3.4,No,Free Shipping,No,No,14,Cash,Bi-Weekly
2802,64,Female,New Mexico,West,M,Winter,2.6,No,Express,No,No,30,PayPal,Annually
2803,22,Female,Hawaii,West,L,Autumn,3.1,No,Store Pickup,No,No,42,Credit Card,Fortnightly
2804,46,Female,Idaho,West,M,Winter,3.3,No,Free Shipping,No,No,31,Bank Transfer,Monthly
2805,65,Female,South Carolina,South,M,Spring,2.8,No,Standard,No,No,48,Bank Transfer,Every 3 Months
2806,18,Female,Nevada,West,S,Autumn,4.3,No,Standard,No,No,48,Cash,Quarterly
2807,45,Female,South Carolina,South,L,Spring,2.7,No,Standard,No,No,50,Credit Card,Annually
2808,56,Female,Maryland,East,M,Spring,4.4,No,2-Day Shipping,No,No,10,Debit Card,Fortnightly
2809,49,Female,Tennessee,South,M,Spring,3.9,No,Free Shipping,No,No,45,PayPal,Every 3 Months
2810,66,Female,Arkansas,South,XL,Summer,3,No,Standard,No,No,27,Debit Card,Quarterly
2811,27,Female,Arizona,West,M,Summer,4,No,Standard,No,No,10,Debit Card,Fortnightly
2812,69,Female,Ohio,East,M,Autumn,3.7,No,Store Pickup,No,No,19,Credit Card,Quarterly
2813,66,Female,North Dakota,North,XL,Autumn,3.8,No,Store Pickup,No,No,1,Credit Card,Every 3 Months
2814,45,Female,Vermont,North,S,Summer,3.3,No,2-Day Shipping,No,No,39,Debit Card,Quarterly
2815,31,Female,Minnesota,North,L,Winter,3.6,No,Standard,No,No,14,Bank Transfer,Monthly
2816,33,Female,Idaho,West,L,Autumn,3.9,No,Free Shipping,No,No,40,Venmo,Every 3 Months
2817,43,Female,Maryland,East,M,Spring,3.5,No,Free Shipping,No,No,45,Venmo,Weekly
2818,25,Female,South Carolina,South,XL,Winter,3.4,No,Standard,No,No,6,Venmo,Weekly
2819,46,Female,California,West,M,Autumn,4.7,No,Next Day Air,No,No,12,Debit Card,Annually
2820,67,Female,Georgia,South,L,Spring,3,No,Free Shipping,No,No,19,Cash,Monthly
2821,26,Female,Vermont,North,L,Summer,3.9,No,Free Shipping,No,No,5,Cash,Bi-Weekly
2822,35,Female,Georgia,South,L,Summer,4.5,No,Standard,No,No,37,Venmo,Monthly
2823,61,Female,New Jersey,East,S,Autumn,4.1,No,Standard,No,No,33,PayPal,Quarterly
2824,26,Female,Utah,West,M,Summer,4.5,No,Standard,No,No,47,Debit Card,Bi-Weekly
2825,39,Female,Utah,West,M,Autumn,4,No,Free Shipping,No,No,49,Debit Card,Quarterly
2826,69,Female,North Carolina,South,M,Winter,4.3,No,2-Day Shipping,No,No,28,Bank Transfer,Annually
2827,32,Female,Florida,South,L,Autumn,3.6,No,Express,No,No,23,Venmo,Annually
2828,20,Female,Wisconsin,North,M,Autumn,3.1,No,Next Day Air,No,No,11,Bank Transfer,Bi-Weekly
2829,25,Female,Tennessee,South,L,Autumn,2.6,No,Standard,No,No,33,PayPal,Quarterly
2830,56,Female,Arizona,West,XL,Autumn,3.4,No,Next Day Air,No,No,47,Cash,Weekly
2831,63,Female,Oregon,West,L,Spring,2.9,No,Store Pickup,No,No,13,Venmo,Every 3 Months
2832,34,Female,Virginia,South,L,Winter,5,No,Express,No,No,4,Credit Card,Weekly
2833,29,Female,Maryland,East,M,Summer,4.6,No,Standard,No,No,40,PayPal,Quarterly
2834,43,Female,Arkansas,South,M,Autumn,3.3,No,Free Shipping,No,No,19,Cash,Monthly
2835,39,Female,Texas,South,M,Autumn,2.9,No,2-Day Shipping,No,No,17,Credit Card,Weekly
2836,33,Female,Vermont,North,S,Winter,4.9,No,Free Shipping,No,No,7,Venmo,Annually
2837,51,Female,Wyoming,West,M,Winter,5,No,2-Day Shipping,No,No,21,Cash,Bi-Weekly
2838,65,Female,Alabama,South,M,Summer,4.5,No,Express,No,No,44,PayPal,Weekly
2839,51,Female,Maine,North,M,Autumn,3.7,No,Free Shipping,No,No,2,Bank Transfer,Weekly
2840,70,Female,South Dakota,North,L,Summer,2.8,No,Store Pickup,No,No,30,Bank Transfer,Monthly
2841,40,Female,West Virginia,South,L,Spring,3.5,No,Store Pickup,No,No,41,Cash,Annually
2842,19,Female,Ohio,East,XL,Winter,3,No,2-Day Shipping,No,No,31,Cash,Weekly
2843,28,Female,Arizona,West,L,Autumn,4.3,No,Standard,No,No,48,Debit Card,Quarterly
2844,51,Female,Ohio,East,M,Summer,3.6,No,Store Pickup,No,No,41,Venmo,Weekly
2845,32,Female,New Mexico,West,M,Summer,4.4,No,Standard,No,No,42,Venmo,Annually
2846,26,Female,South Dakota,North,L,Summer,4.1,No,Express,No,No,39,Debit Card,Every 3 Months
2847,50,Female,Oklahoma,South,XL,Autumn,2.8,No,Next Day Air,No,No,15,PayPal,Bi-Weekly
2848,68,Female,Connecticut,East,L,Winter,2.8,No,Free Shipping,No,No,3,PayPal,Every 3 Months
2849,33,Female,Wisconsin,North,L,Autumn,4.9,No,Store Pickup,No,No,28,Bank Transfer,Quarterly
2850,56,Female,New Hampshire,North,M,Spring,4.1,No,Express,No,No,27,PayPal,Bi-Weekly
2851,57,Female,Nebraska,North,M,Spring,3,No,Store Pickup,No,No,36,Debit Card,Annually
2852,58,Female,Nevada,West,L,Summer,3,No,Store Pickup,No,No,42,Debit Card,Monthly
2853,40,Female,New York,East,M,Spring,3,No,Store Pickup,No,No,30,Venmo,Weekly
2854,37,Female,Pennsylvania,East,M,Winter,3.2,No,Next Day Air,No,No,9,PayPal,Weekly
2855,36,Female,Delaware,East,M,Autumn,2.7,No,Store Pickup,No,No,25,Venmo,Monthly
2856,29,Female,Mississippi,South,S,Winter,3.8,No,2-Day Shipping,No,No,33,PayPal,Quarterly
2857,65,Female,Iowa,west,M,Winter,3.5,No,2-Day Shipping,No,No,31,Credit Card,Monthly
2858,44,Female,Utah,West,S,Spring,3.8,No,Next Day Air,No,No,35,Debit Card,Monthly
2859,34,Female,Maryland,East,L,Summer,3.8,No,2-Day Shipping,No,No,46,Bank Transfer,Monthly
2860,31,Female,Utah,West,L,Autumn,3.4,No,Express,No,No,29,Bank Transfer,Annually
2861,28,Female,Rhode Island,East,M,Spring,2.9,No,Next Day Air,No,No,49,Bank Transfer,Weekly
2862,66,Female,Maryland,East,M,Autumn,3.4,No,Free Shipping,No,No,27,Credit Card,Monthly
2863,68,Female,Hawaii,West,S,Summer,4.7,No,Store Pickup,No,No,5,Bank Transfer,Every 3 Months
2864,37,Female,Connecticut,East,M,Autumn,3.9,No,2-Day Shipping,No,No,18,Venmo,Monthly
2865,58,Female,Illinois,North,S,Autumn,3.6,No,Store Pickup,No,No,31,Venmo,Weekly
2866,28,Female,California,West,M,Autumn,3.7,No,Free Shipping,No,No,27,Cash,Fortnightly
2867,54,Female,Connecticut,East,S,Summer,3.1,No,Free Shipping,No,No,19,Cash,Annually
2868,21,Female,Colorado,West,L,Summer,4.9,No,Next Day Air,No,No,33,Cash,Fortnightly
2869,45,Female,Colorado,West,M,Winter,2.6,No,Next Day Air,No,No,42,PayPal,Every 3 Months
2870,57,Female,Georgia,South,M,Summer,4.2,No,Standard,No,No,16,Bank Transfer,Weekly
2871,47,Female,North Dakota,North,M,Winter,4.8,No,Free Shipping,No,No,49,Debit Card,Every 3 Months
2872,46,Female,Idaho,West,S,Summer,2.7,No,2-Day Shipping,No,No,40,Venmo,Bi-Weekly
2873,63,Female,Connecticut,East,L,Autumn,2.6,No,Next Day Air,No,No,5,Cash,Annually
2874,44,Female,Montana,West,M,Spring,2.6,No,Free Shipping,No,No,8,Bank Transfer,Monthly
2875,36,Female,Colorado,West,L,Summer,3.1,No,Standard,No,No,2,Debit Card,Annually
2876,24,Female,Kentucky,South,M,Autumn,2.6,No,Free Shipping,No,No,14,Debit Card,Weekly
2877,65,Female,New Mexico,West,M,Spring,3.4,No,2-Day Shipping,No,No,5,Bank Transfer,Fortnightly
2878,32,Female,New Jersey,East,M,Summer,3.6,No,Standard,No,No,34,Venmo,Monthly
2879,63,Female,California,West,L,Summer,4.3,No,Next Day Air,No,No,13,Bank Transfer,Annually
2880,62,Female,North Dakota,North,XL,Winter,4.9,No,Free Shipping,No,No,31,Venmo,Annually
2881,19,Female,Florida,South,L,Winter,4.8,No,Store Pickup,No,No,43,PayPal,Quarterly
2882,38,Female,Texas,South,M,Winter,4.2,No,Free Shipping,No,No,6,Bank Transfer,Annually
2883,59,Female,Oklahoma,South,L,Winter,2.6,No,Store Pickup,No,No,23,Credit Card,Bi-Weekly
2884,22,Female,Rhode Island,East,XL,Spring,3.2,No,Standard,No,No,10,PayPal,Weekly
2885,55,Female,Arkansas,South,M,Summer,3.4,No,2-Day Shipping,No,No,47,Credit Card,Every 3 Months
2886,29,Female,Nevada,West,M,Summer,3.5,No,Next Day Air,No,No,14,Credit Card,Bi-Weekly
2887,42,Female,Utah,West,L,Spring,4.2,No,Free Shipping,No,No,29,PayPal,Weekly
2888,23,Female,Kentucky,South,L,Winter,2.8,No,Express,No,No,12,Cash,Bi-Weekly
2889,70,Female,Wisconsin,North,L,Spring,5,No,2-Day Shipping,No,No,25,Debit Card,Quarterly
2890,64,Female,Minnesota,North,M,Autumn,3.3,No,Store Pickup,No,No,21,Venmo,Annually
2891,39,Female,North Dakota,North,M,Winter,3.7,No,Free Shipping,No,No,23,Credit Card,Monthly
2892,47,Female,Ohio,East,XL,Winter,2.5,No,Free Shipping,No,No,10,PayPal,Monthly
2893,22,Female,Nevada,West,M,Spring,3.2,No,Standard,No,No,47,Credit Card,Monthly
2894,69,Female,Kentucky,South,S,Spring,3.1,No,Free Shipping,No,No,44,Debit Card,Every 3 Months
2895,35,Female,Kentucky,South,S,Spring,3.5,No,Standard,No,No,41,Venmo,Annually
2896,56,Female,Montana,West,L,Summer,4.6,No,Standard,No,No,29,Bank Transfer,Monthly
2897,30,Female,Delaware,East,M,Summer,3.3,No,Free Shipping,No,No,2,Venmo,Every 3 Months
2898,43,Female,Montana,West,L,Autumn,2.5,No,Free Shipping,No,No,2,Cash,Fortnightly
2899,23,Female,New Jersey,East,XL,Summer,4.6,No,Express,No,No,29,Credit Card,Annually
2900,50,Female,Nebraska,North,M,Spring,4.2,No,2-Day Shipping,No,No,22,Bank Transfer,Fortnightly
2901,41,Female,Maryland,East,XL,Winter,4,No,Standard,No,No,23,Cash,Bi-Weekly
2902,41,Female,Alabama,South,L,Winter,2.6,No,Free Shipping,No,No,46,Credit Card,Quarterly
2903,27,Female,North Carolina,South,S,Spring,4.6,No,Standard,No,No,19,PayPal,Bi-Weekly
2904,38,Female,Delaware,East,S,Spring,3.5,No,2-Day Shipping,No,No,24,Credit Card,Every 3 Months
2905,41,Female,Iowa,west,M,Spring,4,No,2-Day Shipping,No,No,43,Venmo,Monthly
2906,58,Female,New York,East,L,Winter,4.8,No,Standard,No,No,14,Debit Card,Fortnightly
2907,58,Female,Virginia,South,M,Spring,3.9,No,Standard,No,No,7,Venmo,Annually
2908,19,Female,Maryland,East,XL,Summer,3.7,No,Next Day Air,No,No,50,PayPal,Bi-Weekly
2909,43,Female,Texas,South,M,Winter,3.1,No,Store Pickup,No,No,15,Debit Card,Every 3 Months
2910,27,Female,Louisiana,South,M,Winter,3,No,Next Day Air,No,No,40,Credit Card,Every 3 Months
2911,32,Female,Mississippi,South,M,Summer,2.9,No,Store Pickup,No,No,41,Credit Card,Monthly
2912,28,Female,Ohio,East,XL,Autumn,2.9,No,Next Day Air,No,No,34,Venmo,Quarterly
2913,48,Female,Oregon,West,M,Winter,4,No,Standard,No,No,27,Cash,Bi-Weekly
2914,43,Female,Wyoming,West,L,Winter,3.5,No,Express,No,No,12,Cash,Every 3 Months
2915,45,Female,Pennsylvania,East,M,Autumn,3.8,No,Express,No,No,1,Debit Card,Bi-Weekly
2916,26,Female,Oregon,West,M,Autumn,4.5,No,Express,No,No,39,Debit Card,Bi-Weekly
2917,62,Female,Oklahoma,South,M,Winter,2.7,No,Express,No,No,13,Credit Card,Bi-Weekly
2918,58,Female,Colorado,West,XL,Winter,2.9,No,Store Pickup,No,No,50,Venmo,Annually
2919,19,Female,New York,East,S,Autumn,4.9,No,Free Shipping,No,No,36,Cash,Weekly
2920,64,Female,Minnesota,North,L,Winter,3.8,No,Standard,No,No,31,Debit Card,Monthly
2921,33,Female,Texas,South,XL,Spring,4.9,No,Free Shipping,No,No,3,Debit Card,Bi-Weekly
2922,20,Female,Wisconsin,North,M,Autumn,4.6,No,Standard,No,No,11,Cash,Fortnightly
2923,45,Female,Kentucky,South,L,Winter,3.5,No,Express,No,No,16,PayPal,Quarterly
2924,28,Female,Pennsylvania,East,M,Spring,4.2,No,2-Day Shipping,No,No,12,Cash,Quarterly
2925,47,Female,Rhode Island,East,L,Winter,3.7,No,Free Shipping,No,No,37,Debit Card,Every 3 Months
2926,54,Female,Illinois,North,M,Spring,2.8,No,Store Pickup,No,No,43,Credit Card,Every 3 Months
2927,64,Female,Maryland,East,M,Winter,4.8,No,2-Day Shipping,No,No,9,Cash,Weekly
2928,45,Female,Missouri,South,M,Summer,2.7,No,Express,No,No,15,Venmo,Bi-Weekly
2929,40,Female,Alabama,South,L,Spring,3.6,No,Store Pickup,No,No,17,Credit Card,Weekly
2930,31,Female,Maine,North,XL,Winter,4.5,No,Next Day Air,No,No,42,Venmo,Fortnightly
2931,38,Female,Mississippi,South,M,Spring,4,No,Free Shipping,No,No,14,Venmo,Monthly
2932,36,Female,Alabama,South,M,Autumn,4.5,No,2-Day Shipping,No,No,49,Credit Card,Bi-Weekly
2933,65,Female,Alaska,West,L,Spring,3.9,No,Express,No,No,3,PayPal,Quarterly
2934,27,Female,Illinois,North,M,Summer,3.8,No,Standard,No,No,28,Venmo,Monthly
2935,38,Female,Idaho,West,M,Autumn,4.7,No,Next Day Air,No,No,41,Bank Transfer,Quarterly
2936,58,Female,North Carolina,South,XL,Spring,4.6,No,Standard,No,No,11,Venmo,Weekly
2937,31,Female,Washington,West,M,Spring,3.6,No,Express,No,No,46,PayPal,Weekly
2938,28,Female,West Virginia,South,M,Spring,4.3,No,2-Day Shipping,No,No,15,Credit Card,Weekly
2939,28,Female,Maine,North,M,Autumn,3,No,Standard,No,No,15,Cash,Monthly
2940,32,Female,Kentucky,South,M,Winter,4.3,No,Express,No,No,34,Venmo,Weekly
2941,61,Female,Massachusetts,East,L,Summer,4.8,No,Next Day Air,No,No,13,Cash,Monthly
2942,38,Female,Pennsylvania,East,L,Spring,3.7,No,Free Shipping,No,No,27,PayPal,Monthly
2943,54,Female,Hawaii,West,M,Summer,2.6,No,Free Shipping,No,No,37,Bank Transfer,Weekly
2944,29,Female,Virginia,South,M,Spring,3.4,No,Standard,No,No,37,Credit Card,Monthly
2945,50,Female,New York,East,XL,Summer,3.9,No,Free Shipping,No,No,4,Venmo,Every 3 Months
2946,32,Female,Delaware,East,M,Summer,4.8,No,Free Shipping,No,No,1,Credit Card,Every 3 Months
2947,38,Female,Hawaii,West,L,Spring,2.8,No,Free Shipping,No,No,29,Bank Transfer,Quarterly
2948,52,Female,Nebraska,North,L,Spring,4.4,No,Standard,No,No,50,Venmo,Annually
2949,61,Female,Vermont,North,M,Winter,3.1,No,Standard,No,No,38,Debit Card,Bi-Weekly
2950,25,Female,Iowa,west,M,Spring,3.8,No,Store Pickup,No,No,15,PayPal,Annually
2951,22,Female,Iowa,west,S,Winter,4.1,No,2-Day Shipping,No,No,44,Debit Card,Every 3 Months
2952,47,Female,Arkansas,South,L,Autumn,4.6,No,Free Shipping,No,No,14,Cash,Weekly
2953,50,Female,Alabama,South,M,Spring,4.9,No,Next Day Air,No,No,5,Debit Card,Monthly
2954,45,Female,Maryland,East,M,Summer,4.8,No,Next Day Air,No,No,11,Credit Card,Annually
2955,33,Female,South Dakota,North,M,Winter,3.9,No,Express,No,No,15,Credit Card,Annually
2956,42,Female,Vermont,North,M,Winter,2.6,No,Free Shipping,No,No,46,Credit Card,Annually
2957,52,Female,Montana,West,M,Autumn,3.7,No,Standard,No,No,30,Venmo,Monthly
2958,69,Female,South Dakota,North,S,Autumn,4.7,No,Standard,No,No,2,Cash,Annually
2959,55,Female,Ohio,East,M,Summer,4.5,No,Standard,No,No,28,PayPal,Monthly
2960,38,Female,Texas,South,L,Summer,4.7,No,Free Shipping,No,No,9,PayPal,Quarterly
2961,57,Female,Indiana,North,S,Spring,3.6,No,Standard,No,No,47,Credit Card,Weekly
2962,33,Female,New Hampshire,North,S,Autumn,2.8,No,Free Shipping,No,No,21,Debit Card,Bi-Weekly
2963,57,Female,California,West,L,Autumn,4,No,Express,No,No,42,Credit Card,Every 3 Months
2964,52,Female,Maine,North,M,Spring,3.6,No,Free Shipping,No,No,28,Credit Card,Weekly
2965,44,Female,Ohio,East,S,Autumn,3.8,No,2-Day Shipping,No,No,13,Venmo,Fortnightly
2966,48,Female,Delaware,East,M,Summer,4.4,No,Standard,No,No,25,PayPal,Fortnightly
2967,52,Female,Oklahoma,South,L,Autumn,2.8,No,Store Pickup,No,No,38,Debit Card,Every 3 Months
2968,34,Female,Indiana,North,L,Summer,3.4,No,Free Shipping,No,No,40,Venmo,Annually
2969,26,Female,South Carolina,South,S,Autumn,4.9,No,Express,No,No,25,Cash,Every 3 Months
2970,36,Female,Vermont,North,S,Autumn,4.3,No,Next Day Air,No,No,20,Cash,Every 3 Months
2971,24,Female,Kansas,West,M,Winter,3.4,No,Free Shipping,No,No,44,Credit Card,Bi-Weekly
2972,30,Female,Utah,West,L,Autumn,3.9,No,Next Day Air,No,No,9,PayPal,Every 3 Months
2973,31,Female,New York,East,S,Autumn,4.2,No,Free Shipping,No,No,11,Venmo,Every 3 Months
2974,25,Female,Indiana,North,M,Summer,2.7,No,Store Pickup,No,No,3,Bank Transfer,Fortnightly
2975,57,Female,Tennessee,South,XL,Summer,4.1,No,Store Pickup,No,No,34,Credit Card,Weekly
2976,61,Female,Georgia,South,XL,Winter,4.5,No,2-Day Shipping,No,No,48,Cash,Every 3 Months
2977,30,Female,Nebraska,North,M,Summer,2.8,No,Express,No,No,28,Cash,Fortnightly
2978,38,Female,Washington,West,L,Winter,3.4,No,Standard,No,No,20,Venmo,Annually
2979,53,Female,Idaho,West,S,Spring,3.9,No,Free Shipping,No,No,49,Bank Transfer,Fortnightly
2980,31,Female,Louisiana,South,L,Autumn,2.6,No,Next Day Air,No,No,14,PayPal,Weekly
2981,70,Female,New Jersey,East,L,Autumn,4.4,No,2-Day Shipping,No,No,9,Bank Transfer,Monthly
2982,21,Female,Delaware,East,L,Winter,4.9,No,Standard,No,No,37,Venmo,Annually
2983,33,Female,Wisconsin,North,M,Summer,3.6,No,Store Pickup,No,No,4,Credit Card,Weekly
2984,60,Female,West Virginia,South,M,Winter,2.8,No,2-Day Shipping,No,No,1,Credit Card,Quarterly
2985,45,Female,Texas,South,L,Spring,4.3,No,2-Day Shipping,No,No,36,Debit Card,Bi-Weekly
2986,46,Female,Hawaii,West,S,Summer,3,No,Express,No,No,21,Cash,Bi-Weekly
2987,62,Female,Arizona,West,S,Summer,3.3,No,2-Day Shipping,No,No,16,Credit Card,Monthly
2988,63,Female,Louisiana,South,L,Winter,2.5,No,Store Pickup,No,No,42,Cash,Monthly
2989,69,Female,Nevada,West,S,Spring,5,No,2-Day Shipping,No,No,31,Debit Card,Monthly
2990,46,Female,Rhode Island,East,XL,Summer,4.3,No,2-Day Shipping,No,No,6,Credit Card,Weekly
2991,69,Female,Illinois,North,M,Autumn,4.2,No,Free Shipping,No,No,24,Venmo,Monthly
2992,66,Female,Utah,West,L,Summer,3.9,No,Standard,No,No,7,PayPal,Bi-Weekly
2993,41,Female,North Dakota,North,M,Spring,3.9,No,Store Pickup,No,No,25,Venmo,Weekly
2994,32,Female,Kansas,West,L,Spring,4.2,No,Free Shipping,No,No,18,Cash,Bi-Weekly
2995,69,Female,Nevada,West,S,Winter,3.5,No,Store Pickup,No,No,14,Bank Transfer,Quarterly
2996,29,Female,Virginia,South,M,Summer,2.5,No,Standard,No,No,42,Debit Card,Bi-Weekly
2997,70,Female,Utah,West,M,Spring,2.9,No,Express,No,No,6,Venmo,Every 3 Months
2998,41,Female,Idaho,West,S,Spring,2.7,No,Next Day Air,No,No,14,Venmo,Every 3 Months
2999,31,Female,Alaska,West,M,Summer,4.7,No,Express,No,No,30,Debit Card,Quarterly
3000,31,Female,New Hampshire,North,S,Winter,3.8,No,Standard,No,No,10,Cash,Monthly
3001,57,Female,Ohio,East,M,Winter,3.7,No,Express,No,No,7,PayPal,Weekly
3002,29,Female,Montana,West,L,Summer,4.7,No,Express,No,No,28,Credit Card,Quarterly
3003,70,Female,Louisiana,South,M,Autumn,3.6,No,Next Day Air,No,No,19,Bank Transfer,Quarterly
3004,51,Female,Oregon,West,M,Autumn,2.8,No,Express,No,No,13,Credit Card,Every 3 Months
3005,45,Female,Arizona,West,M,Winter,3.7,No,Store Pickup,No,No,23,Venmo,Fortnightly
3006,18,Female,Alaska,West,XL,Spring,3.5,No,Express,No,No,5,Venmo,Weekly
3007,37,Female,Utah,West,M,Summer,3.7,No,Store Pickup,No,No,17,Venmo,Bi-Weekly
3008,23,Female,New York,East,L,Winter,3,No,Next Day Air,No,No,31,Venmo,Weekly
3009,39,Female,New Mexico,West,M,Winter,4.9,No,Free Shipping,No,No,19,PayPal,Weekly
3010,62,Female,Louisiana,South,M,Winter,4.6,No,Free Shipping,No,No,8,Venmo,Fortnightly
3011,70,Female,Ohio,East,M,Winter,3.3,No,Free Shipping,No,No,15,Credit Card,Annually
3012,20,Female,Nevada,West,S,Summer,3,No,Next Day Air,No,No,18,Credit Card,Every 3 Months
3013,42,Female,Idaho,West,M,Autumn,3.5,No,Standard,No,No,16,PayPal,Annually
3014,41,Female,Arizona,West,L,Summer,4.2,No,Store Pickup,No,No,13,Cash,Monthly
3015,24,Female,Utah,West,M,Spring,4.5,No,Express,No,No,38,PayPal,Every 3 Months
3016,37,Female,Wyoming,West,XL,Spring,2.8,No,Express,No,No,27,Bank Transfer,Bi-Weekly
3017,30,Female,Indiana,North,L,Summer,4.9,No,Store Pickup,No,No,31,Bank Transfer,Quarterly
3018,58,Female,Wisconsin,North,S,Summer,3.3,No,Next Day Air,No,No,24,Cash,Bi-Weekly
3019,43,Female,Texas,South,M,Summer,3,No,Free Shipping,No,No,21,Debit Card,Bi-Weekly
3020,19,Female,Utah,West,M,Winter,3.9,No,2-Day Shipping,No,No,15,PayPal,Annually
3021,23,Female,Arkansas,South,S,Autumn,2.8,No,Store Pickup,No,No,48,Venmo,Every 3 Months
3022,65,Female,Pennsylvania,East,S,Summer,4.5,No,2-Day Shipping,No,No,47,Cash,Quarterly
3023,58,Female,Georgia,South,M,Autumn,4,No,Free Shipping,No,No,23,PayPal,Weekly
3024,50,Female,Indiana,North,M,Summer,2.9,No,Express,No,No,4,PayPal,Quarterly
3025,67,Female,Idaho,West,S,Spring,4,No,Free Shipping,No,No,47,Credit Card,Every 3 Months
3026,40,Female,Montana,West,XL,Summer,3.4,No,Store Pickup,No,No,7,PayPal,Monthly
3027,55,Female,Tennessee,South,L,Autumn,2.5,No,Free Shipping,No,No,6,Credit Card,Annually
3028,52,Female,West Virginia,South,XL,Winter,2.8,No,2-Day Shipping,No,No,47,Credit Card,Quarterly
3029,62,Female,California,West,L,Summer,3,No,Free Shipping,No,No,7,PayPal,Every 3 Months
3030,64,Female,Georgia,South,M,Summer,3.1,No,Free Shipping,No,No,1,Debit Card,Quarterly
3031,43,Female,Maryland,East,XL,Spring,2.6,No,2-Day Shipping,No,No,23,Credit Card,Weekly
3032,61,Female,Idaho,West,L,Summer,4.9,No,2-Day Shipping,No,No,30,Credit Card,Monthly
3033,26,Female,California,West,XL,Summer,3.5,No,Next Day Air,No,No,24,Credit Card,Quarterly
3034,22,Female,Alabama,South,L,Spring,2.6,No,Store Pickup,No,No,9,PayPal,Weekly
3035,51,Female,Utah,West,L,Spring,3.5,No,2-Day Shipping,No,No,25,Credit Card,Quarterly
3036,69,Female,Kentucky,South,M,Spring,4.5,No,Free Shipping,No,No,18,Cash,Bi-Weekly
3037,50,Female,Vermont,North,S,Spring,4.3,No,Next Day Air,No,No,7,Venmo,Fortnightly
3038,51,Female,Iowa,west,L,Summer,4.8,No,Next Day Air,No,No,2,Cash,Annually
3039,56,Female,Georgia,South,M,Summer,4.2,No,Free Shipping,No,No,36,Debit Card,Annually
3040,59,Female,Alabama,South,L,Spring,3.2,No,Next Day Air,No,No,31,PayPal,Bi-Weekly
3041,18,Female,Nebraska,North,M,Autumn,4.1,No,Express,No,No,10,Cash,Fortnightly
3042,48,Female,Rhode Island,East,M,Winter,4,No,Express,No,No,27,PayPal,Monthly
3043,53,Female,South Dakota,North,L,Winter,2.9,No,Next Day Air,No,No,14,PayPal,Every 3 Months
3044,45,Female,Illinois,North,S,Autumn,2.6,No,Store Pickup,No,No,17,Credit Card,Monthly
3045,21,Female,North Carolina,South,M,Winter,2.7,No,Free Shipping,No,No,10,Bank Transfer,Quarterly
3046,42,Female,Florida,South,L,Winter,4.6,No,2-Day Shipping,No,No,4,PayPal,Bi-Weekly
3047,60,Female,Pennsylvania,East,M,Spring,3.2,No,Store Pickup,No,No,25,Cash,Every 3 Months
3048,21,Female,Vermont,North,M,Autumn,4.1,No,2-Day Shipping,No,No,3,PayPal,Bi-Weekly
3049,69,Female,Colorado,West,M,Summer,3.9,No,Standard,No,No,47,Venmo,Fortnightly
3050,40,Female,Utah,West,L,Summer,3,No,Next Day Air,No,No,41,Bank Transfer,Bi-Weekly
3051,31,Female,Kentucky,South,S,Spring,3.6,No,Standard,No,No,28,Venmo,Every 3 Months
3052,44,Female,Wyoming,West,L,Summer,4.6,No,Express,No,No,49,Debit Card,Every 3 Months
3053,48,Female,Maine,North,XL,Spring,4.5,No,Store Pickup,No,No,7,Bank Transfer,Fortnightly
3054,32,Female,Maine,North,L,Winter,3.2,No,Next Day Air,No,No,22,Bank Transfer,Monthly
3055,42,Female,New Hampshire,North,S,Summer,4.9,No,2-Day Shipping,No,No,34,Venmo,Monthly
3056,27,Female,Kansas,West,M,Autumn,5,No,Standard,No,No,5,Debit Card,Bi-Weekly
3057,69,Female,New Jersey,East,M,Spring,3.8,No,Standard,No,No,15,Cash,Bi-Weekly
3058,67,Female,North Carolina,South,M,Spring,3.4,No,Next Day Air,No,No,26,Bank Transfer,Weekly
3059,41,Female,West Virginia,South,S,Winter,3.8,No,Store Pickup,No,No,3,Bank Transfer,Fortnightly
3060,46,Female,Kentucky,South,L,Spring,3.2,No,Express,No,No,42,Credit Card,Quarterly
3061,47,Female,California,West,S,Summer,4.7,No,Store Pickup,No,No,1,Venmo,Monthly
3062,33,Female,South Dakota,North,L,Autumn,4.5,No,Express,No,No,20,PayPal,Every 3 Months
3063,51,Female,California,West,L,Autumn,3.3,No,Standard,No,No,39,PayPal,Monthly
3064,26,Female,Connecticut,East,L,Winter,3.9,No,Store Pickup,No,No,24,Credit Card,Fortnightly
3065,22,Female,Idaho,West,S,Winter,3.6,No,Express,No,No,49,Bank Transfer,Quarterly
3066,49,Female,North Dakota,North,M,Autumn,2.8,No,Store Pickup,No,No,7,Venmo,Bi-Weekly
3067,58,Female,Michigan,North,L,Summer,4.3,No,Free Shipping,No,No,13,Venmo,Every 3 Months
3068,70,Female,Missouri,South,S,Spring,3.5,No,Free Shipping,No,No,2,Cash,Weekly
3069,32,Female,California,West,M,Winter,4.2,No,Express,No,No,4,Debit Card,Weekly
3070,62,Female,Delaware,East,L,Spring,4.6,No,Express,No,No,17,Debit Card,Quarterly
3071,52,Female,Alabama,South,XL,Autumn,2.6,No,Free Shipping,No,No,43,PayPal,Bi-Weekly
3072,23,Female,New Hampshire,North,L,Spring,3.4,No,Next Day Air,No,No,6,PayPal,Monthly
3073,26,Female,New York,East,L,Spring,3.1,No,Standard,No,No,46,PayPal,Quarterly
3074,58,Female,Oregon,West,L,Winter,3.6,No,Free Shipping,No,No,7,Debit Card,Bi-Weekly
3075,26,Female,Massachusetts,East,L,Winter,4.2,No,Next Day Air,No,No,34,Debit Card,Fortnightly
3076,54,Female,Utah,West,XL,Winter,3.6,No,Standard,No,No,21,PayPal,Every 3 Months
3077,66,Female,New Hampshire,North,M,Summer,3.6,No,Express,No,No,13,Venmo,Bi-Weekly
3078,60,Female,Illinois,North,S,Spring,3,No,Store Pickup,No,No,33,Debit Card,Bi-Weekly
3079,32,Female,Alaska,West,M,Spring,2.5,No,2-Day Shipping,No,No,24,Bank Transfer,Bi-Weekly
3080,48,Female,Wyoming,West,M,Autumn,4,No,Store Pickup,No,No,4,Bank Transfer,Annually
3081,69,Female,Colorado,West,L,Spring,4.1,No,Next Day Air,No,No,5,Cash,Bi-Weekly
3082,64,Female,Vermont,North,L,Winter,4.9,No,Next Day Air,No,No,11,Credit Card,Weekly
3083,56,Female,Utah,West,M,Spring,4,No,Next Day Air,No,No,20,Bank Transfer,Annually
3084,22,Female,Illinois,North,S,Summer,3.5,No,Store Pickup,No,No,28,PayPal,Quarterly
3085,46,Female,Idaho,West,S,Spring,3.2,No,Store Pickup,No,No,43,PayPal,Monthly
3086,24,Female,Nevada,West,L,Winter,2.8,No,Store Pickup,No,No,10,Venmo,Every 3 Months
3087,47,Female,Utah,West,M,Summer,3.5,No,Next Day Air,No,No,26,Venmo,Every 3 Months
3088,62,Female,North Carolina,South,M,Spring,3.1,No,Free Shipping,No,No,29,Bank Transfer,Monthly
3089,34,Female,Arkansas,South,M,Spring,3.3,No,Store Pickup,No,No,35,Bank Transfer,Quarterly
3090,50,Female,North Carolina,South,L,Autumn,4.6,No,Free Shipping,No,No,23,Cash,Bi-Weekly
3091,29,Female,Texas,South,M,Summer,4.9,No,Store Pickup,No,No,15,Bank Transfer,Quarterly
3092,68,Female,Nevada,West,L,Winter,3.4,No,2-Day Shipping,No,No,46,Credit Card,Annually
3093,52,Female,Utah,West,L,Autumn,3.5,No,Next Day Air,No,No,14,Bank Transfer,Bi-Weekly
3094,29,Female,Pennsylvania,East,L,Summer,4.8,No,Store Pickup,No,No,17,Cash,Every 3 Months
3095,22,Female,Georgia,South,M,Summer,2.7,No,Store Pickup,No,No,9,Cash,Weekly
3096,62,Female,Minnesota,North,S,Autumn,3.4,No,Standard,No,No,13,Venmo,Fortnightly
3097,69,Female,Kansas,West,L,Winter,3.5,No,Next Day Air,No,No,20,Bank Transfer,Monthly
3098,48,Female,Delaware,East,M,Autumn,3.7,No,Free Shipping,No,No,39,Bank Transfer,Quarterly
3099,66,Female,New Mexico,West,L,Summer,3.3,No,Next Day Air,No,No,50,Bank Transfer,Quarterly
3100,42,Female,Michigan,North,S,Autumn,2.9,No,Free Shipping,No,No,21,Bank Transfer,Bi-Weekly
3101,50,Female,Vermont,North,L,Winter,3.9,No,Express,No,No,3,Bank Transfer,Weekly
3102,32,Female,Idaho,West,S,Summer,2.7,No,Express,No,No,9,PayPal,Fortnightly
3103,51,Female,South Dakota,North,M,Summer,4.3,No,Standard,No,No,29,Cash,Bi-Weekly
3104,27,Female,Illinois,North,S,Winter,3,No,2-Day Shipping,No,No,42,Bank Transfer,Weekly
3105,43,Female,Georgia,South,S,Summer,5,No,2-Day Shipping,No,No,41,Debit Card,Fortnightly
3106,48,Female,Oregon,West,M,Autumn,2.7,No,Express,No,No,17,Debit Card,Monthly
3107,62,Female,Alabama,South,M,Winter,4.7,No,Next Day Air,No,No,20,PayPal,Annually
3108,65,Female,Hawaii,West,L,Winter,4.6,No,Standard,No,No,18,Credit Card,Bi-Weekly
3109,50,Female,Oregon,West,M,Autumn,3.2,No,2-Day Shipping,No,No,7,PayPal,Monthly
3110,60,Female,Illinois,North,M,Winter,4.3,No,Free Shipping,No,No,47,Bank Transfer,Fortnightly
3111,19,Female,Texas,South,L,Autumn,4.6,No,Next Day Air,No,No,2,Bank Transfer,Bi-Weekly
3112,21,Female,Kansas,West,XL,Spring,4.9,No,Free Shipping,No,No,25,Debit Card,Quarterly
3113,19,Female,Texas,South,S,Autumn,3.8,No,Express,No,No,26,Venmo,Annually
3114,46,Female,Nebraska,North,L,Summer,2.6,No,Express,No,No,2,Debit Card,Weekly
3115,21,Female,Arkansas,South,M,Spring,4.7,No,Store Pickup,No,No,45,Venmo,Bi-Weekly
3116,26,Female,South Dakota,North,M,Autumn,4.1,No,Free Shipping,No,No,9,Bank Transfer,Bi-Weekly
3117,50,Female,Montana,West,L,Spring,3.7,No,Store Pickup,No,No,1,Venmo,Weekly
3118,43,Female,Florida,South,M,Autumn,3,No,Free Shipping,No,No,4,PayPal,Bi-Weekly
3119,61,Female,Virginia,South,L,Summer,4.7,No,Standard,No,No,31,Debit Card,Quarterly
3120,63,Female,Louisiana,South,XL,Winter,4.7,No,2-Day Shipping,No,No,21,Credit Card,Every 3 Months
3121,46,Female,Louisiana,South,M,Autumn,4,No,Store Pickup,No,No,32,Debit Card,Fortnightly
3122,63,Female,Louisiana,South,L,Autumn,2.6,No,Standard,No,No,16,Venmo,Weekly
3123,23,Female,Georgia,South,M,Autumn,3,No,Express,No,No,34,Credit Card,Fortnightly
3124,57,Female,Iowa,west,XL,Autumn,3.3,No,Next Day Air,No,No,40,Venmo,Bi-Weekly
3125,57,Female,California,West,M,Summer,3.4,No,Standard,No,No,4,Cash,Every 3 Months
3126,33,Female,Oregon,West,L,Spring,4,No,Standard,No,No,3,Cash,Quarterly
3127,57,Female,Maine,North,L,Winter,2.6,No,Store Pickup,No,No,28,Bank Transfer,Bi-Weekly
3128,55,Female,Louisiana,South,M,Winter,3.4,No,Free Shipping,No,No,43,Credit Card,Every 3 Months
3129,65,Female,Arkansas,South,S,Autumn,4.4,No,Standard,No,No,20,Cash,Annually
3130,60,Female,Maryland,East,S,Summer,4.7,No,Express,No,No,40,Venmo,Every 3 Months
3131,52,Female,Vermont,North,M,Summer,4.5,No,Store Pickup,No,No,34,Venmo,Every 3 Months
3132,34,Female,North Dakota,North,M,Autumn,2.9,No,Store Pickup,No,No,11,Bank Transfer,Every 3 Months
3133,33,Female,Michigan,North,M,Summer,4.2,No,Express,No,No,26,Cash,Quarterly
3134,58,Female,Arkansas,South,M,Spring,4.1,No,Next Day Air,No,No,29,Cash,Bi-Weekly
3135,35,Female,Kentucky,South,L,Spring,4.4,No,Store Pickup,No,No,47,Bank Transfer,Weekly
3136,68,Female,Indiana,North,L,Spring,4.7,No,Free Shipping,No,No,48,Venmo,Fortnightly
3137,58,Female,Minnesota,North,M,Autumn,3.1,No,Next Day Air,No,No,29,Cash,Bi-Weekly
3138,34,Female,Louisiana,South,M,Spring,2.7,No,2-Day Shipping,No,No,14,Bank Transfer,Monthly
3139,47,Female,Kentucky,South,L,Autumn,4.6,No,Next Day Air,No,No,40,Cash,Every 3 Months
3140,35,Female,Georgia,South,M,Winter,4.4,No,Next Day Air,No,No,4,Venmo,Weekly
3141,34,Female,Alaska,West,XL,Summer,4.6,No,Free Shipping,No,No,37,Bank Transfer,Weekly
3142,36,Female,Mississippi,South,S,Winter,4.9,No,Express,No,No,47,Credit Card,Bi-Weekly
3143,23,Female,Kansas,West,L,Winter,4,No,2-Day Shipping,No,No,1,Venmo,Quarterly
3144,68,Female,Arizona,West,M,Summer,2.9,No,Store Pickup,No,No,26,Cash,Quarterly
3145,23,Female,Maine,North,L,Spring,2.6,No,Free Shipping,No,No,12,Debit Card,Quarterly
3146,57,Female,Texas,South,XL,Spring,4.6,No,Standard,No,No,16,PayPal,Fortnightly
3147,21,Female,Virginia,South,S,Winter,4.9,No,Free Shipping,No,No,19,PayPal,Annually
3148,45,Female,North Dakota,North,M,Winter,4.3,No,Express,No,No,21,Credit Card,Weekly
3149,37,Female,West Virginia,South,L,Autumn,4.3,No,Free Shipping,No,No,15,Venmo,Weekly
3150,18,Female,North Carolina,South,M,Winter,4.6,No,Free Shipping,No,No,9,Venmo,Annually
3151,55,Female,Georgia,South,M,Spring,2.6,No,Express,No,No,7,Bank Transfer,Bi-Weekly
3152,52,Female,New Mexico,West,L,Autumn,3.1,No,2-Day Shipping,No,No,47,Bank Transfer,Quarterly
3153,49,Female,North Carolina,South,M,Autumn,3.1,No,Store Pickup,No,No,17,PayPal,Monthly
3154,56,Female,Alabama,South,L,Autumn,3.1,No,Next Day Air,No,No,46,Venmo,Fortnightly
3155,27,Female,Connecticut,East,M,Winter,4.4,No,Standard,No,No,32,Cash,Quarterly
3156,22,Female,Montana,West,M,Autumn,4.3,No,Free Shipping,No,No,34,Cash,Annually
3157,18,Female,Montana,West,M,Winter,3.1,No,2-Day Shipping,No,No,18,Cash,Monthly
3158,21,Female,Maine,North,L,Autumn,3.1,No,Store Pickup,No,No,5,Debit Card,Fortnightly
3159,30,Female,Mississippi,South,M,Winter,4.9,No,2-Day Shipping,No,No,44,Credit Card,Monthly
3160,62,Female,Louisiana,South,L,Winter,2.9,No,Store Pickup,No,No,4,Bank Transfer,Quarterly
3161,28,Female,Nebraska,North,XL,Autumn,3.8,No,Next Day Air,No,No,37,Cash,Fortnightly
3162,66,Female,Massachusetts,East,S,Winter,4.2,No,2-Day Shipping,No,No,43,Cash,Monthly
3163,66,Female,Wisconsin,North,L,Winter,3.9,No,Standard,No,No,28,Bank Transfer,Quarterly
3164,49,Female,Nebraska,North,XL,Summer,2.8,No,Express,No,No,36,Cash,Monthly
3165,40,Female,Arizona,West,L,Winter,2.6,No,Standard,No,No,16,Credit Card,Annually
3166,49,Female,Hawaii,West,M,Spring,3,No,Store Pickup,No,No,38,Bank Transfer,Every 3 Months
3167,19,Female,Georgia,South,M,Winter,2.7,No,Next Day Air,No,No,37,Bank Transfer,Fortnightly
3168,24,Female,Oregon,West,M,Autumn,2.8,No,2-Day Shipping,No,No,9,Cash,Bi-Weekly
3169,31,Female,Montana,West,M,Spring,2.9,No,2-Day Shipping,No,No,14,PayPal,Fortnightly
3170,35,Female,Georgia,South,M,Autumn,3.8,No,Free Shipping,No,No,3,Venmo,Weekly
3171,65,Female,Rhode Island,East,XL,Spring,4.4,No,Express,No,No,10,Credit Card,Fortnightly
3172,68,Female,Tennessee,South,M,Spring,3.1,No,Express,No,No,26,Bank Transfer,Bi-Weekly
3173,57,Female,Missouri,South,M,Autumn,3.7,No,Standard,No,No,30,Debit Card,Bi-Weekly
3174,69,Female,Washington,West,L,Summer,4.9,No,Next Day Air,No,No,32,PayPal,Fortnightly
3175,45,Female,Oklahoma,South,L,Winter,3.8,No,Store Pickup,No,No,35,PayPal,Monthly
3176,35,Female,Connecticut,East,M,Autumn,3.4,No,Store Pickup,No,No,26,Debit Card,Every 3 Months
3177,36,Female,Arkansas,South,XL,Spring,4.6,No,2-Day Shipping,No,No,39,Credit Card,Monthly
3178,55,Female,Missouri,South,L,Autumn,3.2,No,Standard,No,No,31,Credit Card,Monthly
3179,66,Female,Washington,West,L,Spring,2.7,No,Free Shipping,No,No,28,Credit Card,Annually
3180,57,Female,Idaho,West,M,Spring,4.3,No,Free Shipping,No,No,12,Debit Card,Bi-Weekly
3181,18,Female,Montana,West,L,Autumn,3.8,No,Standard,No,No,46,PayPal,Weekly
3182,31,Female,Montana,West,M,Summer,4.4,No,Free Shipping,No,No,27,PayPal,Every 3 Months
3183,50,Female,Georgia,South,L,Autumn,3.6,No,Free Shipping,No,No,4,Credit Card,Annually
3184,50,Female,Mississippi,South,M,Winter,3.5,No,Standard,No,No,14,Cash,Every 3 Months
3185,61,Female,Hawaii,West,L,Spring,4.2,No,2-Day Shipping,No,No,30,Venmo,Quarterly
3186,52,Female,Ohio,East,L,Autumn,4.7,No,Express,No,No,6,PayPal,Annually
3187,38,Female,Virginia,South,S,Winter,4.8,No,Store Pickup,No,No,43,Venmo,Annually
3188,67,Female,Texas,South,L,Winter,3.2,No,Free Shipping,No,No,28,Debit Card,Weekly
3189,42,Female,Vermont,North,M,Winter,3.5,No,Standard,No,No,39,Bank Transfer,Monthly
3190,25,Female,Kansas,West,M,Summer,4.2,No,Store Pickup,No,No,30,PayPal,Bi-Weekly
3191,41,Female,California,West,S,Autumn,3.4,No,Free Shipping,No,No,5,Credit Card,Fortnightly
3192,62,Female,Mississippi,South,XL,Winter,4.7,No,Store Pickup,No,No,42,Credit Card,Every 3 Months
3193,19,Female,Iowa,west,S,Autumn,3,No,Free Shipping,No,No,20,Cash,Fortnightly
3194,63,Female,Virginia,South,L,Winter,4,No,Express,No,No,35,Credit Card,Fortnightly
3195,43,Female,Maryland,East,L,Summer,4.6,No,Standard,No,No,10,Credit Card,Bi-Weekly
3196,68,Female,Missouri,South,S,Spring,4.9,No,Next Day Air,No,No,36,Credit Card,Quarterly
3197,24,Female,Wisconsin,North,L,Winter,2.8,No,Express,No,No,21,Debit Card,Fortnightly
3198,27,Female,Maine,North,M,Spring,3.2,No,Free Shipping,No,No,29,Credit Card,Every 3 Months
3199,61,Female,Pennsylvania,East,L,Winter,2.8,No,Free Shipping,No,No,39,Debit Card,Weekly
3200,59,Female,Maine,North,XL,Winter,4.2,No,Express,No,No,16,PayPal,Monthly
3201,67,Female,Missouri,South,L,Spring,4.8,No,Free Shipping,No,No,32,Credit Card,Monthly
3202,46,Female,Vermont,North,S,Autumn,2.8,No,2-Day Shipping,No,No,34,Cash,Monthly
3203,65,Female,Wisconsin,North,L,Autumn,4.5,No,Standard,No,No,38,Venmo,Annually
3204,63,Female,New Jersey,East,L,Spring,4.1,No,Express,No,No,14,Venmo,Annually
3205,57,Female,New Mexico,West,XL,Autumn,4.3,No,Free Shipping,No,No,23,Debit Card,Bi-Weekly
3206,40,Female,Colorado,West,XL,Autumn,4.4,No,2-Day Shipping,No,No,50,Bank Transfer,Every 3 Months
3207,36,Female,California,West,M,Winter,3,No,Free Shipping,No,No,49,PayPal,Monthly
3208,67,Female,Arizona,West,XL,Summer,2.7,No,Next Day Air,No,No,14,PayPal,Annually
3209,61,Female,Indiana,North,L,Winter,3.3,No,2-Day Shipping,No,No,42,PayPal,Weekly
3210,64,Female,Arkansas,South,L,Autumn,4.3,No,Standard,No,No,39,Debit Card,Annually
3211,30,Female,Nevada,West,M,Summer,2.9,No,Express,No,No,43,Venmo,Bi-Weekly
3212,53,Female,Rhode Island,East,L,Winter,4.9,No,Standard,No,No,12,Cash,Monthly
3213,27,Female,Wyoming,West,M,Winter,3.6,No,2-Day Shipping,No,No,21,Debit Card,Weekly
3214,27,Female,Texas,South,M,Winter,3.3,No,Standard,No,No,33,Credit Card,Monthly
3215,53,Female,Washington,West,M,Spring,3.1,No,Free Shipping,No,No,6,Debit Card,Annually
3216,34,Female,Rhode Island,East,M,Summer,2.7,No,Free Shipping,No,No,10,PayPal,Every 3 Months
3217,39,Female,Illinois,North,S,Winter,3.4,No,Next Day Air,No,No,18,Cash,Weekly
3218,44,Female,Oregon,West,M,Autumn,3.4,No,Express,No,No,46,Venmo,Weekly
3219,37,Female,Florida,South,M,Autumn,3.9,No,Express,No,No,49,PayPal,Monthly
3220,57,Female,Kansas,West,L,Summer,3.5,No,2-Day Shipping,No,No,39,Credit Card,Weekly
3221,38,Female,North Dakota,North,M,Autumn,4.1,No,Free Shipping,No,No,16,Cash,Monthly
3222,21,Female,New Hampshire,North,M,Winter,3.2,No,Standard,No,No,28,Cash,Annually
3223,45,Female,Texas,South,S,Autumn,4.6,No,Store Pickup,No,No,22,PayPal,Quarterly
3224,68,Female,Montana,West,S,Spring,3.9,No,Standard,No,No,36,Venmo,Bi-Weekly
3225,37,Female,Delaware,East,L,Winter,2.7,No,Free Shipping,No,No,18,PayPal,Monthly
3226,53,Female,New Hampshire,North,M,Autumn,3,No,Store Pickup,No,No,31,Credit Card,Weekly
3227,57,Female,Minnesota,North,XL,Spring,3.3,No,Next Day Air,No,No,38,Bank Transfer,Fortnightly
3228,28,Female,Alaska,West,XL,Autumn,2.7,No,Free Shipping,No,No,42,Debit Card,Quarterly
3229,37,Female,Connecticut,East,M,Spring,4.6,No,2-Day Shipping,No,No,27,PayPal,Annually
3230,54,Female,Connecticut,East,M,Autumn,2.7,No,Express,No,No,24,Cash,Monthly
3231,49,Female,Kansas,West,M,Summer,2.5,No,Next Day Air,No,No,38,Debit Card,Annually
3232,62,Female,Nevada,West,M,Winter,4.4,No,Free Shipping,No,No,9,Credit Card,Annually
3233,45,Female,Massachusetts,East,M,Spring,4,No,Next Day Air,No,No,19,Bank Transfer,Monthly
3234,45,Female,Indiana,North,M,Autumn,3.8,No,Express,No,No,11,Debit Card,Bi-Weekly
3235,49,Female,Washington,West,M,Winter,2.5,No,2-Day Shipping,No,No,16,Debit Card,Quarterly
3236,27,Female,Kansas,West,M,Summer,4,No,Free Shipping,No,No,18,Venmo,Monthly
3237,63,Female,South Carolina,South,L,Autumn,4.1,No,Next Day Air,No,No,8,Cash,Monthly
3238,61,Female,Vermont,North,M,Summer,2.8,No,Express,No,No,4,Cash,Weekly
3239,25,Female,Wyoming,West,XL,Autumn,3.4,No,2-Day Shipping,No,No,37,Cash,Quarterly
3240,33,Female,Colorado,West,M,Autumn,2.7,No,2-Day Shipping,No,No,30,Cash,Monthly
3241,56,Female,West Virginia,South,M,Autumn,3.8,No,2-Day Shipping,No,No,37,Bank Transfer,Monthly
3242,50,Female,Connecticut,East,M,Summer,4.4,No,Store Pickup,No,No,30,PayPal,Quarterly
3243,45,Female,Oregon,West,S,Autumn,2.8,No,Express,No,No,17,Venmo,Weekly
3244,45,Female,Idaho,West,L,Summer,5,No,Store Pickup,No,No,11,Bank Transfer,Every 3 Months
3245,65,Female,Arkansas,South,M,Autumn,4.7,No,Express,No,No,42,Credit Card,Annually
3246,63,Female,Kansas,West,M,Autumn,3.2,No,Next Day Air,No,No,20,Cash,Weekly
3247,70,Female,Michigan,North,M,Summer,2.9,No,Store Pickup,No,No,37,Cash,Monthly
3248,53,Female,Arkansas,South,M,Summer,3.7,No,Express,No,No,12,PayPal,Fortnightly
3249,22,Female,Pennsylvania,East,S,Summer,4.2,No,Free Shipping,No,No,41,Bank Transfer,Quarterly
3250,26,Female,Virginia,South,M,Summer,3.4,No,Express,No,No,32,Credit Card,Quarterly
3251,23,Female,Minnesota,North,M,Spring,2.9,No,2-Day Shipping,No,No,15,Venmo,Weekly
3252,25,Female,Nevada,West,M,Winter,3.7,No,Standard,No,No,39,Venmo,Quarterly
3253,69,Female,Montana,West,L,Spring,2.7,No,Store Pickup,No,No,48,Credit Card,Fortnightly
3254,36,Female,Nebraska,North,M,Autumn,3.2,No,2-Day Shipping,No,No,8,Venmo,Fortnightly
3255,21,Female,Indiana,North,S,Winter,4.9,No,Store Pickup,No,No,11,Bank Transfer,Every 3 Months
3256,57,Female,New Jersey,East,M,Autumn,2.8,No,Next Day Air,No,No,36,Bank Transfer,Monthly
3257,60,Female,Wisconsin,North,L,Winter,4.7,No,Free Shipping,No,No,50,Venmo,Every 3 Months
3258,44,Female,Minnesota,North,M,Autumn,3.3,No,Express,No,No,39,Venmo,Every 3 Months
3259,31,Female,New Jersey,East,M,Spring,4.3,No,Express,No,No,11,Credit Card,Bi-Weekly
3260,57,Female,Oklahoma,South,XL,Autumn,3.7,No,2-Day Shipping,No,No,5,Debit Card,Every 3 Months
3261,39,Female,Wisconsin,North,M,Summer,4.5,No,2-Day Shipping,No,No,7,Credit Card,Annually
3262,48,Female,Rhode Island,East,L,Winter,3.4,No,Store Pickup,No,No,50,Debit Card,Weekly
3263,42,Female,Indiana,North,M,Spring,2.7,No,Standard,No,No,21,Cash,Every 3 Months
3264,56,Female,Vermont,North,S,Autumn,4.4,No,Express,No,No,31,Debit Card,Fortnightly
3265,28,Female,Maine,North,S,Winter,4,No,Express,No,No,39,Cash,Bi-Weekly
3266,40,Female,Alabama,South,M,Winter,3.2,No,Express,No,No,28,Credit Card,Fortnightly
3267,49,Female,Alabama,South,S,Winter,4.2,No,Next Day Air,No,No,33,Bank Transfer,Weekly
3268,37,Female,Idaho,West,L,Winter,3,No,Store Pickup,No,No,42,Credit Card,Quarterly
3269,22,Female,Arkansas,South,M,Autumn,2.8,No,Free Shipping,No,No,5,Bank Transfer,Every 3 Months
3270,27,Female,Ohio,East,M,Winter,4.9,No,Express,No,No,25,Cash,Monthly
3271,59,Female,Illinois,North,M,Winter,4.7,No,Express,No,No,48,PayPal,Annually
3272,35,Female,Nevada,West,XL,Spring,4.4,No,Standard,No,No,30,Credit Card,Weekly
3273,58,Female,Texas,South,M,Winter,3.1,No,Next Day Air,No,No,34,PayPal,Quarterly
3274,58,Female,Nevada,West,S,Summer,2.6,No,Free Shipping,No,No,34,PayPal,Every 3 Months
3275,46,Female,Oklahoma,South,M,Spring,3.9,No,Store Pickup,No,No,14,Cash,Fortnightly
3276,43,Female,Alabama,South,XL,Summer,2.6,No,2-Day Shipping,No,No,2,Debit Card,Weekly
3277,39,Female,South Dakota,North,M,Summer,4,No,Store Pickup,No,No,41,PayPal,Every 3 Months
3278,59,Female,Texas,South,M,Spring,4.9,No,Store Pickup,No,No,3,Credit Card,Monthly
3279,59,Female,Montana,West,M,Summer,3.3,No,2-Day Shipping,No,No,18,Bank Transfer,Weekly
3280,59,Female,Wyoming,West,S,Autumn,3,No,Express,No,No,1,Debit Card,Fortnightly
3281,45,Female,New York,East,L,Winter,2.7,No,Next Day Air,No,No,5,PayPal,Monthly
3282,27,Female,Oregon,West,L,Winter,3.1,No,Free Shipping,No,No,41,Bank Transfer,Annually
3283,24,Female,California,West,M,Autumn,4.8,No,Next Day Air,No,No,5,Credit Card,Monthly
3284,47,Female,North Carolina,South,L,Spring,2.9,No,Express,No,No,10,Debit Card,Every 3 Months
3285,70,Female,Kentucky,South,L,Spring,4.5,No,2-Day Shipping,No,No,20,Venmo,Annually
3286,58,Female,Hawaii,West,XL,Autumn,4.6,No,Free Shipping,No,No,11,Cash,Weekly
3287,45,Female,Illinois,North,L,Winter,5,No,Express,No,No,4,Venmo,Fortnightly
3288,24,Female,West Virginia,South,L,Spring,4.3,No,2-Day Shipping,No,No,38,Credit Card,Weekly
3289,67,Female,South Carolina,South,XL,Spring,4.9,No,Next Day Air,No,No,19,Credit Card,Bi-Weekly
3290,31,Female,Montana,West,M,Summer,4,No,2-Day Shipping,No,No,16,Venmo,Every 3 Months
3291,52,Female,North Dakota,North,L,Spring,3.1,No,Free Shipping,No,No,2,PayPal,Monthly
3292,29,Female,New Mexico,West,L,Autumn,2.6,No,2-Day Shipping,No,No,11,Cash,Monthly
3293,62,Female,Missouri,South,L,Spring,4.9,No,Standard,No,No,18,Bank Transfer,Fortnightly
3294,19,Female,West Virginia,South,M,Spring,3.5,No,2-Day Shipping,No,No,47,Credit Card,Fortnightly
3295,62,Female,South Carolina,South,S,Spring,4.5,No,Store Pickup,No,No,15,Bank Transfer,Bi-Weekly
3296,70,Female,West Virginia,South,S,Summer,2.8,No,Next Day Air,No,No,15,Cash,Weekly
3297,20,Female,Alaska,West,M,Spring,4.2,No,Next Day Air,No,No,47,Venmo,Quarterly
3298,67,Female,West Virginia,South,M,Autumn,4.1,No,Free Shipping,No,No,47,PayPal,Monthly
3299,65,Female,New Mexico,West,M,Autumn,3.5,No,Express,No,No,6,Bank Transfer,Every 3 Months
3300,45,Female,South Dakota,North,L,Spring,4,No,2-Day Shipping,No,No,18,Venmo,Monthly
3301,26,Female,Oklahoma,South,M,Spring,4,No,Express,No,No,40,Bank Transfer,Bi-Weekly
3302,36,Female,Oklahoma,South,XL,Summer,2.5,No,Free Shipping,No,No,31,Credit Card,Fortnightly
3303,36,Female,Alabama,South,XL,Winter,4.2,No,Standard,No,No,31,Venmo,Bi-Weekly
3304,20,Female,Mississippi,South,S,Summer,3.4,No,Next Day Air,No,No,4,Credit Card,Fortnightly
3305,30,Female,Mississippi,South,XL,Autumn,4.8,No,Next Day Air,No,No,36,Bank Transfer,Every 3 Months
3306,34,Female,Nebraska,North,L,Summer,4.9,No,Standard,No,No,31,PayPal,Bi-Weekly
3307,63,Female,Colorado,West,L,Summer,3.6,No,Store Pickup,No,No,6,Venmo,Fortnightly
3308,18,Female,Pennsylvania,East,S,Winter,4,No,Store Pickup,No,No,1,Cash,Monthly
3309,55,Female,Utah,West,M,Autumn,2.6,No,Express,No,No,29,Cash,Monthly
3310,48,Female,Massachusetts,East,M,Summer,3.1,No,Store Pickup,No,No,19,PayPal,Monthly
3311,45,Female,Iowa,west,M,Winter,3.6,No,Free Shipping,No,No,12,PayPal,Fortnightly
3312,29,Female,Florida,South,L,Summer,4,No,Express,No,No,18,Bank Transfer,Annually
3313,55,Female,Louisiana,South,L,Summer,3.9,No,Next Day Air,No,No,45,Cash,Quarterly
3314,55,Female,Kansas,West,XL,Autumn,3.9,No,Express,No,No,45,Credit Card,Monthly
3315,55,Female,Kansas,West,M,Spring,3.3,No,Standard,No,No,8,Credit Card,Quarterly
3316,48,Female,Kentucky,South,S,Summer,2.9,No,Standard,No,No,4,PayPal,Every 3 Months
3317,42,Female,New Mexico,West,M,Summer,3.1,No,Free Shipping,No,No,5,Debit Card,Fortnightly
3318,21,Female,North Carolina,South,XL,Summer,4.7,No,Standard,No,No,30,Cash,Quarterly
3319,45,Female,North Dakota,North,M,Summer,3.9,No,Free Shipping,No,No,15,PayPal,Monthly
3320,23,Female,North Dakota,North,M,Summer,4.3,No,Next Day Air,No,No,17,Credit Card,Every 3 Months
3321,66,Female,Illinois,North,XL,Autumn,4.2,No,2-Day Shipping,No,No,45,Cash,Every 3 Months
3322,32,Female,Maine,North,S,Winter,4.3,No,Next Day Air,No,No,3,Venmo,Annually
3323,52,Female,Indiana,North,XL,Winter,4.6,No,Next Day Air,No,No,43,PayPal,Weekly
3324,54,Female,North Dakota,North,M,Winter,3.8,No,Free Shipping,No,No,4,Credit Card,Monthly
3325,37,Female,Missouri,South,S,Autumn,3.3,No,Standard,No,No,41,Venmo,Weekly
3326,29,Female,Alaska,West,M,Autumn,3.7,No,2-Day Shipping,No,No,16,Venmo,Monthly
3327,47,Female,North Dakota,North,M,Summer,4.3,No,Standard,No,No,10,Debit Card,Annually
3328,47,Female,Connecticut,East,M,Spring,4.1,No,Express,No,No,2,Debit Card,Quarterly
3329,42,Female,Wisconsin,North,M,Spring,3.2,No,Free Shipping,No,No,11,Cash,Bi-Weekly
3330,34,Female,New Jersey,East,M,Winter,3.8,No,Express,No,No,1,Debit Card,Bi-Weekly
3331,38,Female,Missouri,South,M,Spring,3.2,No,2-Day Shipping,No,No,41,Bank Transfer,Quarterly
3332,55,Female,California,West,M,Summer,3.5,No,Free Shipping,No,No,39,PayPal,Quarterly
3333,27,Female,Washington,West,M,Summer,3.1,No,2-Day Shipping,No,No,1,PayPal,Bi-Weekly
3334,55,Female,Minnesota,North,M,Spring,4.2,No,Express,No,No,3,PayPal,Monthly
3335,66,Female,California,West,M,Summer,3.4,No,Free Shipping,No,No,21,Credit Card,Annually
3336,44,Female,Texas,South,XL,Winter,3.5,No,Express,No,No,48,Bank Transfer,Quarterly
3337,39,Female,Montana,West,M,Autumn,4,No,Free Shipping,No,No,24,Debit Card,Annually
3338,23,Female,Arizona,West,L,Winter,4.4,No,2-Day Shipping,No,No,45,Bank Transfer,Bi-Weekly
3339,29,Female,Minnesota,North,L,Winter,2.9,No,2-Day Shipping,No,No,46,Credit Card,Monthly
3340,20,Female,Nebraska,North,M,Autumn,3.6,No,Store Pickup,No,No,35,Cash,Fortnightly
3341,42,Female,Virginia,South,XL,Autumn,4.4,No,Free Shipping,No,No,47,Credit Card,Fortnightly
3342,55,Female,Connecticut,East,XL,Summer,4.5,No,Standard,No,No,35,Credit Card,Monthly
3343,66,Female,New Jersey,East,M,Spring,3.8,No,Free Shipping,No,No,45,Credit Card,Weekly
3344,24,Female,Kentucky,South,XL,Winter,3.6,No,2-Day Shipping,No,No,6,Cash,Bi-Weekly
3345,62,Female,Washington,West,XL,Autumn,4.3,No,Free Shipping,No,No,20,Cash,Annually
3346,28,Female,Florida,South,M,Summer,4,No,2-Day Shipping,No,No,3,Venmo,Bi-Weekly
3347,30,Female,Oklahoma,South,M,Summer,3.4,No,Express,No,No,30,Venmo,Quarterly
3348,22,Female,Iowa,west,XL,Summer,4.4,No,Standard,No,No,28,PayPal,Bi-Weekly
3349,28,Female,New Hampshire,North,L,Winter,2.8,No,Standard,No,No,15,Cash,Every 3 Months
3350,35,Female,Georgia,South,M,Autumn,2.8,No,Store Pickup,No,No,29,PayPal,Quarterly
3351,45,Female,Mississippi,South,S,Autumn,4.9,No,2-Day Shipping,No,No,15,Cash,Bi-Weekly
3352,43,Female,New Hampshire,North,L,Spring,4.2,No,2-Day Shipping,No,No,18,Bank Transfer,Fortnightly
3353,55,Female,Washington,West,M,Summer,2.9,No,Next Day Air,No,No,7,Bank Transfer,Bi-Weekly
3354,31,Female,Ohio,East,L,Autumn,4.6,No,Free Shipping,No,No,19,Credit Card,Every 3 Months
3355,42,Female,Maryland,East,M,Autumn,2.8,No,Next Day Air,No,No,15,PayPal,Weekly
3356,40,Female,Delaware,East,M,Spring,2.6,No,Store Pickup,No,No,3,Bank Transfer,Bi-Weekly
3357,39,Female,Tennessee,South,M,Summer,3.5,No,Store Pickup,No,No,13,PayPal,Bi-Weekly
3358,41,Female,Arkansas,South,M,Winter,3.5,No,Free Shipping,No,No,37,Credit Card,Monthly
3359,56,Female,Tennessee,South,M,Autumn,3.4,No,2-Day Shipping,No,No,26,Cash,Annually
3360,43,Female,New Hampshire,North,L,Autumn,3.9,No,Next Day Air,No,No,29,Debit Card,Monthly
3361,22,Female,Minnesota,North,M,Spring,3.3,No,2-Day Shipping,No,No,47,Cash,Every 3 Months
3362,47,Female,Florida,South,M,Spring,4.1,No,Free Shipping,No,No,47,Credit Card,Bi-Weekly
3363,50,Female,Tennessee,South,M,Summer,3,No,Next Day Air,No,No,48,Venmo,Fortnightly
3364,58,Female,California,West,M,Winter,3,No,Next Day Air,No,No,46,Bank Transfer,Bi-Weekly
3365,50,Female,Oregon,West,M,Autumn,3.2,No,Standard,No,No,7,Credit Card,Monthly
3366,43,Female,Tennessee,South,L,Autumn,3.9,No,Express,No,No,45,Credit Card,Every 3 Months
3367,38,Female,North Carolina,South,M,Spring,3.6,No,2-Day Shipping,No,No,47,Debit Card,Quarterly
3368,44,Female,Tennessee,South,M,Summer,3.1,No,Store Pickup,No,No,6,Venmo,Fortnightly
3369,30,Female,Nebraska,North,M,Spring,4.8,No,Express,No,No,29,Bank Transfer,Every 3 Months
3370,47,Female,Maine,North,M,Winter,3.8,No,2-Day Shipping,No,No,42,Cash,Monthly
3371,30,Female,Illinois,North,M,Summer,2.8,No,Store Pickup,No,No,46,Cash,Fortnightly
3372,49,Female,Colorado,West,S,Winter,4,No,Next Day Air,No,No,28,PayPal,Annually
3373,56,Female,Pennsylvania,East,M,Winter,4.6,No,Free Shipping,No,No,14,Credit Card,Every 3 Months
3374,70,Female,Minnesota,North,M,Spring,3.5,No,Store Pickup,No,No,12,Debit Card,Every 3 Months
3375,22,Female,Nevada,West,S,Spring,3.7,No,2-Day Shipping,No,No,41,Debit Card,Annually
3376,51,Female,Connecticut,East,XL,Autumn,4.9,No,Express,No,No,8,Credit Card,Annually
3377,22,Female,Ohio,East,M,Winter,4.1,No,Store Pickup,No,No,24,Cash,Quarterly
3378,37,Female,Kentucky,South,M,Winter,4.6,No,Next Day Air,No,No,18,PayPal,Fortnightly
3379,49,Female,Minnesota,North,L,Autumn,4.5,No,Next Day Air,No,No,6,Cash,Quarterly
3380,61,Female,Tennessee,South,L,Summer,5,No,Store Pickup,No,No,40,Cash,Weekly
3381,41,Female,North Dakota,North,L,Summer,3.8,No,Standard,No,No,6,PayPal,Every 3 Months
3382,57,Female,Minnesota,North,L,Winter,4.7,No,Standard,No,No,27,Credit Card,Quarterly
3383,34,Female,Nebraska,North,M,Spring,2.8,No,Express,No,No,2,Bank Transfer,Weekly
3384,27,Female,Delaware,East,M,Autumn,2.6,No,Next Day Air,No,No,39,Venmo,Bi-Weekly
3385,39,Female,Minnesota,North,L,Summer,3.8,No,Free Shipping,No,No,9,Venmo,Quarterly
3386,62,Female,Rhode Island,East,M,Winter,2.8,No,Standard,No,No,16,Credit Card,Every 3 Months
3387,34,Female,Michigan,North,M,Autumn,2.6,No,2-Day Shipping,No,No,36,Cash,Quarterly
3388,53,Female,New Jersey,East,S,Spring,3.4,No,2-Day Shipping,No,No,2,Credit Card,Bi-Weekly
3389,35,Female,South Dakota,North,M,Spring,4.5,No,Store Pickup,No,No,21,Credit Card,Weekly
3390,38,Female,North Carolina,South,L,Autumn,3.8,No,Free Shipping,No,No,39,Venmo,Annually
3391,32,Female,Oregon,West,S,Summer,3,No,Next Day Air,No,No,38,PayPal,Annually
3392,47,Female,Montana,West,M,Autumn,3.7,No,2-Day Shipping,No,No,6,Debit Card,Every 3 Months
3393,53,Female,New Jersey,East,XL,Winter,4.4,No,Free Shipping,No,No,6,Venmo,Bi-Weekly
3394,60,Female,Arizona,West,M,Autumn,3.1,No,Next Day Air,No,No,50,Debit Card,Monthly
3395,31,Female,Vermont,North,S,Spring,4.2,No,Store Pickup,No,No,9,PayPal,Annually
3396,44,Female,Colorado,West,M,Winter,3.1,No,Free Shipping,No,No,15,Debit Card,Every 3 Months
3397,29,Female,Tennessee,South,XL,Winter,5,No,Next Day Air,No,No,5,PayPal,Quarterly
3398,19,Female,New Jersey,East,L,Summer,2.7,No,Standard,No,No,13,Bank Transfer,Bi-Weekly
3399,54,Female,Montana,West,L,Winter,3.8,No,Standard,No,No,44,Cash,Fortnightly
3400,40,Female,Montana,West,XL,Winter,3.3,No,Standard,No,No,36,Debit Card,Annually
3401,39,Female,Nevada,West,M,Autumn,4.8,No,Free Shipping,No,No,18,Venmo,Fortnightly
3402,44,Female,Nevada,West,L,Winter,3.4,No,Standard,No,No,39,Credit Card,Weekly
3403,22,Female,Louisiana,South,M,Spring,4.4,No,2-Day Shipping,No,No,11,PayPal,Every 3 Months
3404,30,Female,Illinois,North,M,Summer,3.9,No,Standard,No,No,1,Cash,Bi-Weekly
3405,69,Female,South Carolina,South,L,Autumn,3.9,No,2-Day Shipping,No,No,34,Credit Card,Annually
3406,28,Female,Washington,West,M,Summer,4.2,No,Store Pickup,No,No,47,Bank Transfer,Bi-Weekly
3407,57,Female,Nebraska,North,M,Spring,4,No,Store Pickup,No,No,24,Venmo,Quarterly
3408,46,Female,Alabama,South,S,Spring,2.6,No,Store Pickup,No,No,20,Cash,Quarterly
3409,48,Female,Montana,West,L,Summer,4.4,No,Standard,No,No,11,Bank Transfer,Annually
3410,24,Female,Minnesota,North,M,Summer,3.2,No,Next Day Air,No,No,3,Credit Card,Every 3 Months
3411,50,Female,Ohio,East,L,Summer,4.3,No,Free Shipping,No,No,38,Bank Transfer,Bi-Weekly
3412,29,Female,New York,East,L,Winter,4.9,No,2-Day Shipping,No,No,45,Cash,Weekly
3413,61,Female,Indiana,North,M,Autumn,3.8,No,Store Pickup,No,No,31,Venmo,Quarterly
3414,34,Female,Delaware,East,XL,Winter,2.5,No,Express,No,No,16,PayPal,Bi-Weekly
3415,27,Female,Connecticut,East,M,Spring,4.9,No,Next Day Air,No,No,3,Bank Transfer,Quarterly
3416,38,Female,New York,East,M,Autumn,3,No,2-Day Shipping,No,No,15,Bank Transfer,Annually
3417,25,Female,Alabama,South,M,Spring,3.2,No,Store Pickup,No,No,11,Bank Transfer,Every 3 Months
3418,54,Female,Massachusetts,East,M,Summer,2.9,No,2-Day Shipping,No,No,22,Debit Card,Fortnightly
3419,53,Female,South Carolina,South,M,Summer,2.8,No,Free Shipping,No,No,35,Debit Card,Annually
3420,23,Female,West Virginia,South,L,Winter,3.1,No,Store Pickup,No,No,5,Venmo,Bi-Weekly
3421,19,Female,Kentucky,South,M,Winter,3.4,No,Express,No,No,35,PayPal,Bi-Weekly
3422,57,Female,New Jersey,East,M,Summer,2.9,No,Free Shipping,No,No,27,PayPal,Weekly
3423,19,Female,New York,East,L,Winter,3.2,No,Next Day Air,No,No,9,Venmo,Monthly
3424,33,Female,Massachusetts,East,M,Spring,3.8,No,Next Day Air,No,No,21,PayPal,Bi-Weekly
3425,33,Female,Florida,South,L,Summer,3.6,No,2-Day Shipping,No,No,23,Credit Card,Monthly
3426,38,Female,Michigan,North,M,Summer,4.3,No,Next Day Air,No,No,3,Debit Card,Bi-Weekly
3427,47,Female,Oregon,West,XL,Autumn,4.8,No,2-Day Shipping,No,No,31,Credit Card,Annually
3428,39,Female,Michigan,North,XL,Winter,2.5,No,Store Pickup,No,No,44,Cash,Annually
3429,32,Female,Washington,West,M,Autumn,2.5,No,Next Day Air,No,No,20,Venmo,Monthly
3430,27,Female,Alaska,West,S,Winter,4.6,No,Express,No,No,34,Debit Card,Weekly
3431,67,Female,Montana,West,M,Winter,4.2,No,Next Day Air,No,No,17,Bank Transfer,Every 3 Months
3432,46,Female,New Mexico,West,S,Summer,4.2,No,Express,No,No,20,Venmo,Annually
3433,36,Female,Connecticut,East,M,Summer,4.8,No,2-Day Shipping,No,No,46,PayPal,Every 3 Months
3434,62,Female,Alaska,West,M,Spring,4.5,No,Free Shipping,No,No,28,PayPal,Annually
3435,31,Female,Ohio,East,S,Summer,3.3,No,2-Day Shipping,No,No,6,Venmo,Fortnightly
3436,68,Female,Montana,West,M,Summer,2.7,No,2-Day Shipping,No,No,50,Debit Card,Bi-Weekly
3437,57,Female,Nebraska,North,L,Winter,2.8,No,2-Day Shipping,No,No,41,Bank Transfer,Monthly
3438,22,Female,Oklahoma,South,S,Winter,3.5,No,2-Day Shipping,No,No,50,PayPal,Annually
3439,26,Female,Kentucky,South,M,Autumn,3,No,Store Pickup,No,No,33,Credit Card,Monthly
3440,43,Female,Idaho,West,M,Summer,4.5,No,Express,No,No,25,Venmo,Quarterly
3441,45,Female,Maryland,East,L,Autumn,4.3,No,2-Day Shipping,No,No,2,PayPal,Weekly
3442,64,Female,Tennessee,South,XL,Autumn,4.1,No,Standard,No,No,15,Credit Card,Annually
3443,28,Female,Michigan,North,M,Spring,4.3,No,Next Day Air,No,No,12,PayPal,Weekly
3444,47,Female,Tennessee,South,L,Summer,5,No,Free Shipping,No,No,28,Cash,Bi-Weekly
3445,53,Female,Rhode Island,East,S,Summer,3.8,No,2-Day Shipping,No,No,12,Bank Transfer,Bi-Weekly
3446,42,Female,Florida,South,M,Autumn,4.9,No,Standard,No,No,3,Debit Card,Annually
3447,51,Female,Louisiana,South,S,Spring,5,No,2-Day Shipping,No,No,20,Cash,Weekly
3448,62,Female,Arkansas,South,M,Autumn,4.3,No,Express,No,No,3,Bank Transfer,Bi-Weekly
3449,18,Female,Kentucky,South,S,Winter,4.1,No,Express,No,No,32,Bank Transfer,Fortnightly
3450,48,Female,Kansas,West,M,Spring,4.5,No,Standard,No,No,35,Cash,Monthly
3451,20,Female,Vermont,North,M,Spring,3.6,No,Store Pickup,No,No,31,PayPal,Monthly
3452,32,Female,Nevada,West,XL,Autumn,3,No,Free Shipping,No,No,13,Credit Card,Annually
3453,26,Female,Oklahoma,South,M,Spring,3.7,No,Next Day Air,No,No,3,Venmo,Fortnightly
3454,31,Female,Alabama,South,L,Winter,4.3,No,Standard,No,No,48,Venmo,Bi-Weekly
3455,55,Female,Louisiana,South,S,Autumn,4.6,No,Store Pickup,No,No,15,PayPal,Bi-Weekly
3456,49,Female,Ohio,East,M,Autumn,4.7,No,Standard,No,No,13,Venmo,Annually
3457,42,Female,Texas,South,M,Autumn,4.6,No,Express,No,No,21,Venmo,Monthly
3458,64,Female,Maryland,East,M,Summer,3,No,Express,No,No,29,Cash,Fortnightly
3459,68,Female,West Virginia,South,L,Spring,3.4,No,Standard,No,No,24,Venmo,Quarterly
3460,68,Female,Ohio,East,L,Autumn,3.8,No,Express,No,No,21,PayPal,Annually
3461,41,Female,Indiana,North,M,Spring,3.1,No,Express,No,No,5,Bank Transfer,Bi-Weekly
3462,51,Female,Wyoming,West,S,Spring,4.4,No,Standard,No,No,47,Cash,Quarterly
3463,44,Female,Michigan,North,L,Spring,4.5,No,Standard,No,No,34,Credit Card,Every 3 Months
3464,27,Female,Maine,North,M,Autumn,2.8,No,2-Day Shipping,No,No,45,PayPal,Fortnightly
3465,36,Female,Utah,West,S,Winter,2.7,No,Next Day Air,No,No,12,PayPal,Annually
3466,19,Female,Iowa,west,M,Spring,3.4,No,Standard,No,No,31,Debit Card,Weekly
3467,49,Female,Maryland,East,S,Summer,4.6,No,Standard,No,No,43,Bank Transfer,Annually
3468,18,Female,Texas,South,M,Autumn,5,No,Next Day Air,No,No,5,Credit Card,Annually
3469,36,Female,Ohio,East,S,Winter,3.5,No,Standard,No,No,36,Debit Card,Quarterly
3470,36,Female,North Dakota,North,L,Autumn,3.3,No,Store Pickup,No,No,12,Cash,Annually
3471,19,Female,West Virginia,South,S,Summer,4.5,No,Free Shipping,No,No,31,Cash,Bi-Weekly
3472,43,Female,North Carolina,South,S,Spring,3.1,No,Store Pickup,No,No,31,Cash,Bi-Weekly
3473,31,Female,Georgia,South,S,Summer,4,No,Free Shipping,No,No,15,Debit Card,Weekly
3474,63,Female,Kansas,West,M,Spring,2.5,No,Express,No,No,11,Cash,Weekly
3475,41,Female,Maine,North,M,Winter,4.4,No,Store Pickup,No,No,18,Venmo,Monthly
3476,48,Female,South Carolina,South,M,Spring,4.4,No,Express,No,No,9,Cash,Quarterly
3477,68,Female,South Carolina,South,XL,Summer,3.2,No,Free Shipping,No,No,11,Cash,Weekly
3478,53,Female,Kentucky,South,S,Spring,3.8,No,Store Pickup,No,No,38,Debit Card,Bi-Weekly
3479,36,Female,Arizona,West,M,Autumn,4.6,No,Store Pickup,No,No,42,PayPal,Quarterly
3480,46,Female,New York,East,S,Summer,4.9,No,Standard,No,No,41,Cash,Monthly
3481,21,Female,New Hampshire,North,L,Winter,3.5,No,Free Shipping,No,No,45,PayPal,Monthly
3482,52,Female,Ohio,East,S,Summer,3.4,No,Store Pickup,No,No,41,Debit Card,Bi-Weekly
3483,66,Female,Hawaii,West,M,Winter,3.9,No,Next Day Air,No,No,35,Debit Card,Weekly
3484,19,Female,Texas,South,L,Winter,3.9,No,Express,No,No,21,Credit Card,Every 3 Months
3485,44,Female,Illinois,North,L,Autumn,4.2,No,Free Shipping,No,No,13,Credit Card,Bi-Weekly
3486,50,Female,Massachusetts,East,XL,Winter,3.4,No,Standard,No,No,23,Debit Card,Fortnightly
3487,51,Female,North Carolina,South,L,Winter,4.9,No,Standard,No,No,6,PayPal,Weekly
3488,25,Female,West Virginia,South,L,Autumn,2.9,No,Store Pickup,No,No,39,Bank Transfer,Annually
3489,62,Female,Delaware,East,XL,Spring,4.9,No,Store Pickup,No,No,7,Cash,Quarterly
3490,48,Female,Idaho,West,L,Summer,4.6,No,2-Day Shipping,No,No,32,PayPal,Every 3 Months
3491,62,Female,Oregon,West,M,Spring,3.6,No,Store Pickup,No,No,43,Credit Card,Quarterly
3492,22,Female,Maine,North,M,Winter,4.3,No,Express,No,No,15,Cash,Monthly
3493,48,Female,South Dakota,North,M,Autumn,4.6,No,Standard,No,No,48,Bank Transfer,Annually
3494,48,Female,New Mexico,West,XL,Winter,4.7,No,Store Pickup,No,No,35,Credit Card,Weekly
3495,62,Female,Washington,West,M,Winter,3.5,No,Free Shipping,No,No,41,PayPal,Quarterly
3496,24,Female,Georgia,South,XL,Spring,2.8,No,Free Shipping,No,No,14,Cash,Weekly
3497,39,Female,Idaho,West,M,Summer,4,No,Free Shipping,No,No,22,PayPal,Monthly
3498,35,Female,Colorado,West,M,Spring,4.3,No,Store Pickup,No,No,16,Venmo,Every 3 Months
3499,47,Female,Kentucky,South,M,Summer,3.8,No,Standard,No,No,2,Bank Transfer,Bi-Weekly
3500,22,Female,New Jersey,East,L,Autumn,3,No,Next Day Air,No,No,13,PayPal,Every 3 Months
3501,38,Female,Oregon,West,S,Autumn,4.6,No,Next Day Air,No,No,38,Debit Card,Fortnightly
3502,53,Female,Nebraska,North,M,Autumn,4.8,No,Standard,No,No,43,Bank Transfer,Weekly
3503,31,Female,Massachusetts,East,M,Autumn,4.7,No,Next Day Air,No,No,26,Bank Transfer,Quarterly
3504,31,Female,Nebraska,North,M,Spring,3.9,No,Free Shipping,No,No,39,Cash,Weekly
3505,65,Female,Hawaii,West,S,Autumn,4,No,Next Day Air,No,No,50,Venmo,Monthly
3506,48,Female,Indiana,North,L,Winter,3.7,No,2-Day Shipping,No,No,40,Bank Transfer,Every 3 Months
3507,18,Female,Illinois,North,L,Winter,3.7,No,2-Day Shipping,No,No,12,Cash,Fortnightly
3508,46,Female,Colorado,West,S,Spring,4.2,No,Store Pickup,No,No,33,Credit Card,Every 3 Months
3509,52,Female,Pennsylvania,East,M,Autumn,4.7,No,Standard,No,No,49,Bank Transfer,Weekly
3510,50,Female,Ohio,East,L,Winter,4.3,No,Next Day Air,No,No,43,Venmo,Bi-Weekly
3511,49,Female,Pennsylvania,East,S,Autumn,4.9,No,2-Day Shipping,No,No,14,Venmo,Monthly
3512,69,Female,Mississippi,South,M,Summer,3.9,No,2-Day Shipping,No,No,21,Credit Card,Every 3 Months
3513,36,Female,Kentucky,South,M,Autumn,3.4,No,Free Shipping,No,No,31,Debit Card,Quarterly
3514,30,Female,Alaska,West,XL,Spring,4.2,No,Store Pickup,No,No,29,Credit Card,Fortnightly
3515,25,Female,Georgia,South,XL,Winter,4.7,No,Express,No,No,32,Cash,Monthly
3516,19,Female,South Dakota,North,XL,Winter,4,No,Next Day Air,No,No,16,Debit Card,Bi-Weekly
3517,34,Female,South Carolina,South,S,Summer,4,No,Free Shipping,No,No,38,PayPal,Bi-Weekly
3518,29,Female,Tennessee,South,M,Winter,3.1,No,Next Day Air,No,No,34,Debit Card,Every 3 Months
3519,50,Female,Colorado,West,M,Spring,4.2,No,Standard,No,No,30,PayPal,Quarterly
3520,31,Female,Wisconsin,North,M,Winter,3.7,No,Next Day Air,No,No,14,Bank Transfer,Fortnightly
3521,41,Female,Georgia,South,S,Spring,3.1,No,Express,No,No,33,Bank Transfer,Monthly
3522,52,Female,Maryland,East,M,Winter,3.7,No,Store Pickup,No,No,35,Venmo,Weekly
3523,27,Female,New Jersey,East,M,Spring,3.2,No,Store Pickup,No,No,13,Cash,Quarterly
3524,49,Female,Nevada,West,M,Summer,2.8,No,Standard,No,No,30,Cash,Fortnightly
3525,69,Female,Michigan,North,L,Summer,2.9,No,Free Shipping,No,No,30,Credit Card,Monthly
3526,45,Female,Wyoming,West,L,Winter,3.5,No,Standard,No,No,47,Bank Transfer,Annually
3527,20,Female,Massachusetts,East,M,Spring,3.8,No,Express,No,No,1,PayPal,Every 3 Months
3528,25,Female,Washington,West,S,Spring,4.7,No,Free Shipping,No,No,1,Cash,Weekly
3529,38,Female,Maine,North,L,Summer,4.5,No,Free Shipping,No,No,33,PayPal,Annually
3530,55,Female,Montana,West,S,Winter,3.9,No,Next Day Air,No,No,43,Bank Transfer,Weekly
3531,62,Female,Oklahoma,South,L,Spring,3.4,No,Express,No,No,37,PayPal,Weekly
3532,54,Female,North Dakota,North,XL,Winter,4.6,No,2-Day Shipping,No,No,23,Cash,Quarterly
3533,61,Female,Connecticut,East,L,Autumn,4.6,No,Standard,No,No,12,Credit Card,Annually
3534,50,Female,Texas,South,L,Autumn,4.7,No,Standard,No,No,30,Venmo,Fortnightly
3535,65,Female,Delaware,East,M,Autumn,3.2,No,Express,No,No,7,Cash,Weekly
3536,68,Female,Mississippi,South,M,Summer,5,No,Express,No,No,20,Debit Card,Monthly
3537,55,Female,Minnesota,North,L,Spring,4.5,No,Express,No,No,10,Venmo,Monthly
3538,57,Female,Georgia,South,M,Spring,3.5,No,Standard,No,No,40,Credit Card,Every 3 Months
3539,56,Female,Iowa,west,S,Spring,4.5,No,Store Pickup,No,No,21,Venmo,Monthly
3540,29,Female,New York,East,S,Spring,3.2,No,Express,No,No,17,Credit Card,Bi-Weekly
3541,24,Female,Nevada,West,M,Spring,4.6,No,Free Shipping,No,No,5,Bank Transfer,Weekly
3542,59,Female,Virginia,South,M,Winter,4,No,Next Day Air,No,No,22,PayPal,Annually
3543,62,Female,Idaho,West,S,Spring,4.2,No,Express,No,No,5,Venmo,Weekly
3544,58,Female,Colorado,West,M,Winter,4.1,No,Standard,No,No,18,PayPal,Every 3 Months
3545,64,Female,Wisconsin,North,XL,Autumn,3.6,No,2-Day Shipping,No,No,42,Cash,Every 3 Months
3546,48,Female,Connecticut,East,M,Spring,3.7,No,2-Day Shipping,No,No,22,Debit Card,Annually
3547,60,Female,Kansas,West,M,Summer,3.6,No,Free Shipping,No,No,37,Bank Transfer,Bi-Weekly
3548,52,Female,Pennsylvania,East,L,Summer,3.8,No,Standard,No,No,23,Credit Card,Annually
3549,63,Female,Utah,West,M,Autumn,3,No,Standard,No,No,47,Debit Card,Fortnightly
3550,44,Female,Oregon,West,M,Summer,3.4,No,2-Day Shipping,No,No,11,Bank Transfer,Fortnightly
3551,63,Female,West Virginia,South,S,Winter,4.8,No,Standard,No,No,32,Cash,Weekly
3552,66,Female,Montana,West,L,Spring,2.6,No,Store Pickup,No,No,20,Venmo,Weekly
3553,22,Female,Kentucky,South,M,Winter,2.9,No,Next Day Air,No,No,3,PayPal,Quarterly
3554,62,Female,Minnesota,North,M,Spring,4.9,No,Free Shipping,No,No,32,Bank Transfer,Weekly
3555,39,Female,Louisiana,South,M,Spring,5,No,Free Shipping,No,No,5,Credit Card,Fortnightly
3556,25,Female,Delaware,East,L,Spring,4.6,No,Next Day Air,No,No,45,Cash,Quarterly
3557,70,Female,Arizona,West,M,Autumn,4.2,No,Express,No,No,43,Cash,Bi-Weekly
3558,52,Female,Nevada,West,M,Summer,4.9,No,Next Day Air,No,No,1,PayPal,Every 3 Months
3559,68,Female,Alaska,West,L,Summer,4.8,No,Standard,No,No,9,Venmo,Quarterly
3560,18,Female,Utah,West,M,Autumn,3,No,Next Day Air,No,No,13,Venmo,Every 3 Months
3561,18,Female,Kansas,West,XL,Autumn,3.5,No,Express,No,No,5,Credit Card,Annually
3562,63,Female,North Carolina,South,L,Spring,3.4,No,Standard,No,No,39,Credit Card,Fortnightly
3563,47,Female,Maryland,East,M,Winter,3.4,No,Free Shipping,No,No,7,Bank Transfer,Weekly
3564,43,Female,Maine,North,M,Summer,4.9,No,Standard,No,No,8,Credit Card,Every 3 Months
3565,60,Female,Illinois,North,S,Summer,4.4,No,Free Shipping,No,No,40,Venmo,Annually
3566,49,Female,Pennsylvania,East,S,Spring,4.2,No,Store Pickup,No,No,35,PayPal,Monthly
3567,28,Female,Alaska,West,S,Spring,3.1,No,Next Day Air,No,No,14,Venmo,Monthly
3568,32,Female,New Mexico,West,S,Summer,4,No,Next Day Air,No,No,26,Credit Card,Monthly
3569,29,Female,Arkansas,South,M,Spring,4.8,No,Next Day Air,No,No,14,PayPal,Quarterly
3570,35,Female,Alaska,West,M,Autumn,3.3,No,Express,No,No,9,Bank Transfer,Fortnightly
3571,23,Female,Louisiana,South,XL,Winter,4.7,No,Standard,No,No,32,Debit Card,Annually
3572,70,Female,North Dakota,North,M,Summer,3.2,No,Standard,No,No,15,Bank Transfer,Every 3 Months
3573,23,Female,Rhode Island,East,M,Spring,5,No,Standard,No,No,25,Credit Card,Monthly
3574,43,Female,Connecticut,East,L,Autumn,4.9,No,Free Shipping,No,No,27,PayPal,Monthly
3575,29,Female,New York,East,M,Autumn,4.9,No,Express,No,No,39,Bank Transfer,Quarterly
3576,61,Female,Kentucky,South,M,Autumn,3.7,No,Express,No,No,49,Venmo,Bi-Weekly
3577,29,Female,Maine,North,L,Spring,3,No,Express,No,No,12,Venmo,Bi-Weekly
3578,66,Female,Missouri,South,S,Winter,2.6,No,Standard,No,No,13,Bank Transfer,Weekly
3579,46,Female,Georgia,South,L,Winter,2.6,No,Standard,No,No,22,Bank Transfer,Quarterly
3580,34,Female,Arizona,West,L,Autumn,4.8,No,Standard,No,No,19,Credit Card,Every 3 Months
3581,51,Female,New Hampshire,North,M,Summer,3.2,No,2-Day Shipping,No,No,3,Cash,Bi-Weekly
3582,26,Female,Georgia,South,M,Autumn,4.9,No,Next Day Air,No,No,50,Credit Card,Weekly
3583,23,Female,California,West,S,Summer,3.4,No,2-Day Shipping,No,No,15,PayPal,Annually
3584,52,Female,Arizona,West,L,Summer,2.7,No,Store Pickup,No,No,44,Credit Card,Every 3 Months
3585,39,Female,Florida,South,L,Autumn,4.8,No,Express,No,No,48,Debit Card,Monthly
3586,39,Female,New York,East,XL,Winter,4.1,No,Standard,No,No,4,Venmo,Bi-Weekly
3587,33,Female,Idaho,West,M,Winter,4.6,No,Store Pickup,No,No,12,PayPal,Bi-Weekly
3588,33,Female,Virginia,South,S,Summer,4.4,No,Standard,No,No,33,Debit Card,Annually
3589,23,Female,Michigan,North,M,Spring,3.5,No,2-Day Shipping,No,No,40,Cash,Annually
3590,31,Female,New Hampshire,North,M,Spring,4.8,No,Next Day Air,No,No,38,Cash,Every 3 Months
3591,27,Female,South Dakota,North,M,Autumn,2.9,No,2-Day Shipping,No,No,19,Venmo,Every 3 Months
3592,48,Female,South Dakota,North,M,Winter,3.2,No,2-Day Shipping,No,No,38,Bank Transfer,Quarterly
3593,61,Female,New Jersey,East,L,Spring,4.4,No,2-Day Shipping,No,No,18,Venmo,Fortnightly
3594,63,Female,Wyoming,West,M,Spring,4.6,No,Next Day Air,No,No,24,PayPal,Monthly
3595,19,Female,Alabama,South,L,Summer,2.6,No,2-Day Shipping,No,No,29,Venmo,Quarterly
3596,21,Female,South Dakota,North,M,Spring,3.1,No,Store Pickup,No,No,14,PayPal,Annually
3597,28,Female,South Carolina,South,M,Spring,4.3,No,Standard,No,No,44,Cash,Fortnightly
3598,29,Female,New Mexico,West,M,Summer,3.1,No,Standard,No,No,18,Bank Transfer,Quarterly
3599,23,Female,Connecticut,East,XL,Spring,4.6,No,Store Pickup,No,No,19,Bank Transfer,Bi-Weekly
3600,37,Female,Kansas,West,S,Spring,4.6,No,Express,No,No,4,Cash,Weekly
3601,67,Female,South Carolina,South,XL,Spring,2.7,No,Free Shipping,No,No,25,Cash,Bi-Weekly
3602,34,Female,North Carolina,South,M,Summer,3,No,Next Day Air,No,No,3,PayPal,Monthly
3603,58,Female,Wyoming,West,S,Summer,3.3,No,Store Pickup,No,No,40,Debit Card,Quarterly
3604,45,Female,Louisiana,South,M,Spring,2.7,No,Free Shipping,No,No,5,Cash,Weekly
3605,63,Female,Louisiana,South,M,Autumn,3.3,No,Standard,No,No,17,Debit Card,Annually
3606,68,Female,Alabama,South,M,Autumn,4.3,No,Store Pickup,No,No,36,Bank Transfer,Every 3 Months
3607,41,Female,Minnesota,North,XL,Autumn,4.8,No,Express,No,No,41,Venmo,Annually
3608,50,Female,New Mexico,West,L,Autumn,3.3,No,Standard,No,No,20,Venmo,Bi-Weekly
3609,24,Female,Tennessee,South,M,Autumn,4.3,No,Next Day Air,No,No,2,Cash,Every 3 Months
3610,21,Female,New Mexico,West,M,Summer,3,No,2-Day Shipping,No,No,31,Debit Card,Monthly
3611,18,Female,Texas,South,XL,Autumn,4.8,No,2-Day Shipping,No,No,23,Bank Transfer,Fortnightly
3612,63,Female,Washington,West,M,Spring,2.9,No,Standard,No,No,30,Credit Card,Annually
3613,47,Female,Michigan,North,M,Summer,3.6,No,Standard,No,No,26,Cash,Every 3 Months
3614,58,Female,Minnesota,North,M,Autumn,3.5,No,Store Pickup,No,No,40,Venmo,Annually
3615,46,Female,Delaware,East,L,Spring,4.7,No,2-Day Shipping,No,No,19,Bank Transfer,Annually
3616,35,Female,California,West,M,Winter,4.4,No,Free Shipping,No,No,4,Credit Card,Monthly
3617,42,Female,Wisconsin,North,L,Winter,3.3,No,Store Pickup,No,No,33,Debit Card,Fortnightly
3618,48,Female,Kentucky,South,M,Autumn,4.3,No,Express,No,No,29,Debit Card,Monthly
3619,28,Female,Nevada,West,M,Autumn,4,No,2-Day Shipping,No,No,47,PayPal,Bi-Weekly
3620,44,Female,North Carolina,South,S,Winter,4.9,No,2-Day Shipping,No,No,50,Venmo,Weekly
3621,60,Female,Louisiana,South,M,Summer,2.9,No,Express,No,No,28,Credit Card,Fortnightly
3622,38,Female,New Jersey,East,XL,Summer,4,No,2-Day Shipping,No,No,5,Cash,Fortnightly
3623,46,Female,Wisconsin,North,M,Autumn,4.3,No,Store Pickup,No,No,12,Credit Card,Annually
3624,39,Female,Arkansas,South,M,Winter,2.7,No,2-Day Shipping,No,No,4,PayPal,Weekly
3625,22,Female,Texas,South,XL,Autumn,5,No,Store Pickup,No,No,22,Bank Transfer,Bi-Weekly
3626,44,Female,Illinois,North,L,Winter,4.4,No,Express,No,No,32,PayPal,Weekly
3627,69,Female,Mississippi,South,L,Autumn,3.5,No,Express,No,No,32,Venmo,Quarterly
3628,39,Female,Delaware,East,M,Winter,3.3,No,Next Day Air,No,No,48,Cash,Every 3 Months
3629,53,Female,Georgia,South,L,Summer,3.8,No,Free Shipping,No,No,35,Credit Card,Monthly
3630,52,Female,Kansas,West,L,Summer,4.5,No,Standard,No,No,44,Debit Card,Fortnightly
3631,65,Female,Oklahoma,South,M,Winter,4.8,No,Store Pickup,No,No,29,Cash,Weekly
3632,48,Female,New Jersey,East,M,Autumn,2.9,No,Store Pickup,No,No,26,Credit Card,Monthly
3633,27,Female,Utah,West,L,Spring,3.2,No,Express,No,No,3,Debit Card,Quarterly
3634,39,Female,Montana,West,M,Spring,2.8,No,Free Shipping,No,No,1,Bank Transfer,Bi-Weekly
3635,59,Female,Ohio,East,M,Winter,3.3,No,Standard,No,No,17,PayPal,Annually
3636,52,Female,Colorado,West,L,Autumn,3.3,No,Free Shipping,No,No,17,Credit Card,Fortnightly
3637,50,Female,California,West,L,Summer,4.2,No,2-Day Shipping,No,No,36,Cash,Weekly
3638,32,Female,Utah,West,L,Winter,3.6,No,Express,No,No,32,Credit Card,Fortnightly
3639,40,Female,Kansas,West,M,Spring,4.6,No,Express,No,No,50,PayPal,Bi-Weekly
3640,26,Female,Illinois,North,M,Summer,3.6,No,2-Day Shipping,No,No,39,Venmo,Annually
3641,47,Female,Minnesota,North,L,Spring,4,No,Next Day Air,No,No,17,PayPal,Monthly
3642,51,Female,New York,East,M,Autumn,2.7,No,Free Shipping,No,No,39,Bank Transfer,Every 3 Months
3643,47,Female,Arizona,West,L,Summer,4.4,No,Store Pickup,No,No,5,PayPal,Annually
3644,53,Female,Tennessee,South,XL,Autumn,3.2,No,Standard,No,No,47,Debit Card,Annually
3645,35,Female,Arkansas,South,M,Winter,2.6,No,Next Day Air,No,No,18,Venmo,Weekly
3646,38,Female,Colorado,West,L,Summer,3.4,No,Free Shipping,No,No,31,Credit Card,Every 3 Months
3647,69,Female,Nevada,West,M,Spring,5,No,2-Day Shipping,No,No,39,Debit Card,Fortnightly
3648,47,Female,Kansas,West,M,Winter,2.9,No,Store Pickup,No,No,12,Bank Transfer,Weekly
3649,31,Female,New York,East,M,Winter,5,No,Free Shipping,No,No,45,Cash,Bi-Weekly
3650,68,Female,Minnesota,North,M,Autumn,4.4,No,Standard,No,No,33,Credit Card,Fortnightly
3651,51,Female,Ohio,East,M,Summer,3.5,No,2-Day Shipping,No,No,3,PayPal,Annually
3652,20,Female,Arizona,West,M,Spring,3.8,No,Express,No,No,5,Venmo,Every 3 Months
3653,27,Female,Kentucky,South,S,Autumn,3.8,No,Store Pickup,No,No,23,Debit Card,Monthly
3654,67,Female,Minnesota,North,M,Spring,3.9,No,Next Day Air,No,No,39,Credit Card,Fortnightly
3655,21,Female,Arkansas,South,M,Winter,3.3,No,Next Day Air,No,No,10,Credit Card,Annually
3656,20,Female,Wyoming,West,M,Autumn,2.9,No,Next Day Air,No,No,4,Credit Card,Bi-Weekly
3657,35,Female,North Dakota,North,XL,Spring,3.7,No,2-Day Shipping,No,No,18,Credit Card,Monthly
3658,58,Female,Alabama,South,L,Winter,3.7,No,Express,No,No,1,Debit Card,Every 3 Months
3659,28,Female,Mississippi,South,M,Autumn,4.6,No,Standard,No,No,18,PayPal,Fortnightly
3660,27,Female,Illinois,North,S,Autumn,4.9,No,Store Pickup,No,No,46,Bank Transfer,Annually
3661,19,Female,Arkansas,South,L,Winter,3.1,No,2-Day Shipping,No,No,13,Bank Transfer,Fortnightly
3662,63,Female,Kansas,West,S,Winter,3.5,No,Next Day Air,No,No,5,Credit Card,Fortnightly
3663,69,Female,Rhode Island,East,M,Spring,4.9,No,Next Day Air,No,No,11,Debit Card,Weekly
3664,65,Female,Florida,South,M,Summer,4.4,No,Express,No,No,49,Credit Card,Weekly
3665,63,Female,Missouri,South,M,Autumn,4.4,No,Store Pickup,No,No,1,Debit Card,Fortnightly
3666,28,Female,North Carolina,South,M,Autumn,3.4,No,Next Day Air,No,No,11,Credit Card,Quarterly
3667,67,Female,Alabama,South,M,Winter,3,No,2-Day Shipping,No,No,47,Cash,Every 3 Months
3668,51,Female,Washington,West,L,Autumn,2.6,No,Next Day Air,No,No,20,Venmo,Monthly
3669,59,Female,Michigan,North,XL,Summer,3.2,No,Store Pickup,No,No,18,Venmo,Annually
3670,25,Female,Washington,West,S,Autumn,4.6,No,Store Pickup,No,No,43,PayPal,Quarterly
3671,31,Female,Vermont,North,S,Winter,3.8,No,Free Shipping,No,No,4,PayPal,Every 3 Months
3672,62,Female,Illinois,North,L,Summer,4.8,No,2-Day Shipping,No,No,20,Venmo,Quarterly
3673,51,Female,New York,East,S,Autumn,4.5,No,Free Shipping,No,No,7,PayPal,Monthly
3674,32,Female,Rhode Island,East,M,Summer,4.2,No,2-Day Shipping,No,No,31,Bank Transfer,Fortnightly
3675,35,Female,Washington,West,M,Winter,2.7,No,2-Day Shipping,No,No,41,Venmo,Fortnightly
3676,70,Female,Virginia,South,M,Winter,4.5,No,Express,No,No,3,Bank Transfer,Monthly
3677,19,Female,Wisconsin,North,S,Spring,4.9,No,Free Shipping,No,No,16,PayPal,Monthly
3678,32,Female,Michigan,North,M,Autumn,2.8,No,Standard,No,No,43,Cash,Annually
3679,56,Female,Texas,South,S,Autumn,3.5,No,Standard,No,No,29,Bank Transfer,Fortnightly
3680,53,Female,Idaho,West,M,Summer,2.5,No,Store Pickup,No,No,5,Cash,Bi-Weekly
3681,22,Female,Iowa,west,S,Winter,2.9,No,Standard,No,No,30,Debit Card,Quarterly
3682,26,Female,Connecticut,East,XL,Autumn,4.2,No,Next Day Air,No,No,33,Debit Card,Monthly
3683,42,Female,Wyoming,West,M,Autumn,4.6,No,Store Pickup,No,No,46,Venmo,Bi-Weekly
3684,30,Female,Mississippi,South,M,Winter,3,No,Free Shipping,No,No,17,Venmo,Fortnightly
3685,29,Female,Pennsylvania,East,L,Spring,4.4,No,Free Shipping,No,No,47,Credit Card,Bi-Weekly
3686,47,Female,Tennessee,South,L,Summer,2.6,No,Standard,No,No,17,Cash,Bi-Weekly
3687,59,Female,Louisiana,South,M,Spring,4.8,No,Free Shipping,No,No,17,Cash,Bi-Weekly
3688,34,Female,Arkansas,South,L,Summer,2.9,No,Next Day Air,No,No,28,Bank Transfer,Every 3 Months
3689,52,Female,West Virginia,South,L,Spring,3,No,Next Day Air,No,No,8,Cash,Monthly
3690,47,Female,South Carolina,South,L,Autumn,4.5,No,Standard,No,No,8,Bank Transfer,Quarterly
3691,24,Female,Kansas,West,S,Autumn,3.7,No,Store Pickup,No,No,4,Bank Transfer,Bi-Weekly
3692,63,Female,Michigan,North,XL,Summer,4.8,No,Next Day Air,No,No,24,PayPal,Weekly
3693,59,Female,Alabama,South,L,Spring,4.8,No,Free Shipping,No,No,29,Cash,Fortnightly
3694,66,Female,South Dakota,North,M,Summer,4.7,No,2-Day Shipping,No,No,10,Venmo,Weekly
3695,45,Female,Rhode Island,East,M,Winter,2.6,No,Express,No,No,11,PayPal,Bi-Weekly
3696,38,Female,Florida,South,M,Autumn,4.6,No,Standard,No,No,18,Bank Transfer,Fortnightly
3697,63,Female,Connecticut,East,L,Autumn,3.4,No,Next Day Air,No,No,26,Bank Transfer,Annually
3698,55,Female,Pennsylvania,East,L,Winter,3,No,Standard,No,No,39,Cash,Weekly
3699,25,Female,California,West,XL,Spring,4,No,2-Day Shipping,No,No,4,Venmo,Annually
3700,51,Female,Oklahoma,South,M,Autumn,2.6,No,Store Pickup,No,No,24,Bank Transfer,Weekly
3701,28,Female,North Dakota,North,XL,Summer,3.4,No,Store Pickup,No,No,2,Bank Transfer,Every 3 Months
3702,46,Female,New Mexico,West,M,Spring,4.5,No,Store Pickup,No,No,36,Cash,Annually
3703,58,Female,South Carolina,South,M,Spring,2.7,No,Store Pickup,No,No,36,Venmo,Weekly
3704,30,Female,Michigan,North,S,Autumn,2.9,No,Standard,No,No,23,PayPal,Every 3 Months
3705,68,Female,Missouri,South,L,Winter,4,No,Store Pickup,No,No,36,Credit Card,Quarterly
3706,28,Female,Colorado,West,L,Summer,3.2,No,Free Shipping,No,No,2,Debit Card,Annually
3707,26,Female,Kansas,West,M,Spring,4,No,Store Pickup,No,No,17,Cash,Bi-Weekly
3708,35,Female,Illinois,North,M,Autumn,3.4,No,2-Day Shipping,No,No,19,Venmo,Weekly
3709,40,Female,South Carolina,South,M,Autumn,4.9,No,Express,No,No,41,PayPal,Monthly
3710,31,Female,Utah,West,M,Autumn,3.6,No,Free Shipping,No,No,27,PayPal,Quarterly
3711,60,Female,Hawaii,West,M,Summer,3.6,No,2-Day Shipping,No,No,32,Bank Transfer,Fortnightly
3712,69,Female,Texas,South,XL,Autumn,3.2,No,Free Shipping,No,No,33,Cash,Annually
3713,51,Female,Oregon,West,M,Spring,3.7,No,2-Day Shipping,No,No,24,PayPal,Quarterly
3714,49,Female,Arizona,West,M,Spring,2.6,No,Express,No,No,31,Debit Card,Every 3 Months
3715,18,Female,New York,East,S,Winter,3.9,No,Express,No,No,35,Credit Card,Weekly
3716,63,Female,Nebraska,North,S,Autumn,3.4,No,Free Shipping,No,No,2,Bank Transfer,Monthly
3717,57,Female,Vermont,North,M,Autumn,3.4,No,Next Day Air,No,No,42,Debit Card,Every 3 Months
3718,45,Female,Maryland,East,XL,Summer,4.2,No,Express,No,No,47,Bank Transfer,Every 3 Months
3719,36,Female,Tennessee,South,L,Autumn,2.9,No,Standard,No,No,44,Bank Transfer,Bi-Weekly
3720,20,Female,Pennsylvania,East,M,Summer,4.1,No,Free Shipping,No,No,8,Bank Transfer,Every 3 Months
3721,21,Female,South Carolina,South,M,Autumn,3.6,No,Free Shipping,No,No,13,Credit Card,Quarterly
3722,62,Female,Connecticut,East,L,Autumn,4,No,Next Day Air,No,No,10,Cash,Annually
3723,23,Female,Kentucky,South,XL,Autumn,4,No,Standard,No,No,1,Credit Card,Fortnightly
3724,26,Female,Rhode Island,East,M,Spring,3.6,No,Free Shipping,No,No,1,Debit Card,Monthly
3725,30,Female,Colorado,West,L,Winter,3.1,No,Express,No,No,18,Bank Transfer,Annually
3726,18,Female,Oklahoma,South,S,Winter,4.4,No,Next Day Air,No,No,2,PayPal,Annually
3727,47,Female,Idaho,West,XL,Autumn,4.3,No,Next Day Air,No,No,36,Debit Card,Every 3 Months
3728,41,Female,Maine,North,M,Summer,3.5,No,Next Day Air,No,No,17,Debit Card,Bi-Weekly
3729,62,Female,Vermont,North,L,Winter,3,No,Standard,No,No,1,Debit Card,Annually
3730,28,Female,Rhode Island,East,M,Spring,4.7,No,2-Day Shipping,No,No,50,Cash,Quarterly
3731,46,Female,Florida,South,M,Summer,2.5,No,2-Day Shipping,No,No,3,Credit Card,Bi-Weekly
3732,54,Female,West Virginia,South,M,Spring,3.1,No,2-Day Shipping,No,No,45,PayPal,Quarterly
3733,36,Female,Indiana,North,L,Spring,3.3,No,Free Shipping,No,No,28,PayPal,Annually
3734,25,Female,Illinois,North,M,Autumn,4.7,No,Next Day Air,No,No,6,Debit Card,Every 3 Months
3735,38,Female,California,West,M,Spring,3.4,No,Next Day Air,No,No,33,Debit Card,Every 3 Months
3736,38,Female,Massachusetts,East,L,Spring,3.1,No,2-Day Shipping,No,No,29,PayPal,Annually
3737,42,Female,Idaho,West,M,Spring,4.6,No,Store Pickup,No,No,2,PayPal,Every 3 Months
3738,19,Female,Kentucky,South,S,Winter,4.9,No,Free Shipping,No,No,43,PayPal,Bi-Weekly
3739,34,Female,Delaware,East,M,Spring,2.7,No,Free Shipping,No,No,48,Cash,Fortnightly
3740,38,Female,Idaho,West,M,Autumn,4.2,No,Free Shipping,No,No,43,Credit Card,Weekly
3741,42,Female,Virginia,South,M,Summer,2.6,No,Store Pickup,No,No,26,Debit Card,Bi-Weekly
3742,58,Female,Arizona,West,M,Spring,3.2,No,2-Day Shipping,No,No,26,Debit Card,Bi-Weekly
3743,56,Female,Maryland,East,M,Autumn,4.4,No,Standard,No,No,50,Credit Card,Bi-Weekly
3744,62,Female,Idaho,West,L,Autumn,3.6,No,Free Shipping,No,No,36,Debit Card,Quarterly
3745,24,Female,New Jersey,East,M,Summer,2.7,No,Next Day Air,No,No,26,Bank Transfer,Fortnightly
3746,60,Female,Washington,West,L,Spring,4.3,No,Express,No,No,2,Debit Card,Monthly
3747,53,Female,Idaho,West,XL,Summer,2.6,No,Next Day Air,No,No,49,PayPal,Monthly
3748,26,Female,Rhode Island,East,L,Spring,4.3,No,Store Pickup,No,No,32,Bank Transfer,Bi-Weekly
3749,34,Female,Delaware,East,M,Autumn,3.9,No,2-Day Shipping,No,No,3,Venmo,Annually
3750,24,Female,Alaska,West,L,Winter,2.9,No,2-Day Shipping,No,No,38,Venmo,Every 3 Months
3751,42,Female,Arizona,West,M,Autumn,3.1,No,Free Shipping,No,No,5,PayPal,Monthly
3752,36,Female,Alabama,South,S,Autumn,4.2,No,Free Shipping,No,No,8,Credit Card,Every 3 Months
3753,24,Female,Washington,West,L,Winter,4.1,No,2-Day Shipping,No,No,43,Venmo,Weekly
3754,39,Female,Louisiana,South,S,Winter,4.2,No,Next Day Air,No,No,22,Bank Transfer,Fortnightly
3755,46,Female,Nebraska,North,M,Summer,4.4,No,Express,No,No,10,Cash,Every 3 Months
3756,64,Female,Pennsylvania,East,M,Autumn,3.4,No,Free Shipping,No,No,26,Credit Card,Monthly
3757,64,Female,South Carolina,South,L,Spring,4.8,No,Express,No,No,42,Debit Card,Bi-Weekly
3758,61,Female,California,West,L,Autumn,4.5,No,2-Day Shipping,No,No,33,Cash,Weekly
3759,61,Female,Indiana,North,S,Spring,2.7,No,Store Pickup,No,No,23,Bank Transfer,Quarterly
3760,44,Female,Missouri,South,M,Spring,3.5,No,Store Pickup,No,No,30,Venmo,Quarterly
3761,65,Female,Connecticut,East,M,Autumn,3.1,No,Next Day Air,No,No,36,PayPal,Weekly
3762,60,Female,Nevada,West,M,Summer,2.8,No,Next Day Air,No,No,3,Venmo,Every 3 Months
3763,65,Female,New York,East,L,Autumn,2.9,No,Store Pickup,No,No,13,PayPal,Annually
3764,27,Female,Oklahoma,South,XL,Winter,4.5,No,Standard,No,No,38,Cash,Every 3 Months
3765,36,Female,South Dakota,North,M,Autumn,3.5,No,Next Day Air,No,No,19,Venmo,Monthly
3766,22,Female,Missouri,South,M,Summer,4.3,No,Standard,No,No,14,Bank Transfer,Bi-Weekly
3767,62,Female,Texas,South,M,Autumn,4.9,No,Next Day Air,No,No,43,Debit Card,Annually
3768,59,Female,New York,East,XL,Summer,3.1,No,Free Shipping,No,No,10,Bank Transfer,Fortnightly
3769,50,Female,Vermont,North,M,Winter,4,No,Free Shipping,No,No,34,Bank Transfer,Quarterly
3770,51,Female,Arizona,West,L,Summer,3.6,No,Standard,No,No,31,Venmo,Annually
3771,23,Female,Montana,West,L,Summer,4,No,Store Pickup,No,No,34,Bank Transfer,Weekly
3772,21,Female,Oklahoma,South,M,Winter,2.6,No,Express,No,No,28,Venmo,Bi-Weekly
3773,44,Female,New Hampshire,North,L,Autumn,3.1,No,Next Day Air,No,No,35,Cash,Annually
3774,25,Female,Wisconsin,North,M,Summer,3.5,No,Store Pickup,No,No,41,Cash,Quarterly
3775,57,Female,Alaska,West,S,Winter,3.9,No,Standard,No,No,48,PayPal,Fortnightly
3776,41,Female,South Dakota,North,S,Spring,2.7,No,2-Day Shipping,No,No,45,Cash,Quarterly
3777,19,Female,Alaska,West,L,Spring,4.1,No,Standard,No,No,10,Credit Card,Fortnightly
3778,43,Female,Utah,West,M,Autumn,4.3,No,Express,No,No,9,Cash,Weekly
3779,25,Female,South Dakota,North,M,Autumn,2.9,No,Free Shipping,No,No,30,Debit Card,Annually
3780,60,Female,California,West,XL,Spring,4,No,Express,No,No,45,PayPal,Annually
3781,54,Female,Mississippi,South,L,Autumn,4.1,No,Free Shipping,No,No,41,Venmo,Quarterly
3782,52,Female,Tennessee,South,M,Winter,3.7,No,Standard,No,No,40,PayPal,Fortnightly
3783,40,Female,Alabama,South,L,Spring,2.8,No,Free Shipping,No,No,42,PayPal,Fortnightly
3784,39,Female,Maine,North,XL,Summer,3.2,No,Free Shipping,No,No,17,Debit Card,Fortnightly
3785,54,Female,Virginia,South,M,Winter,4.5,No,Next Day Air,No,No,4,Venmo,Annually
3786,64,Female,New Hampshire,North,L,Winter,3.8,No,Standard,No,No,6,Cash,Monthly
3787,31,Female,Tennessee,South,L,Autumn,3.6,No,2-Day Shipping,No,No,22,Venmo,Weekly
3788,37,Female,New York,East,M,Autumn,3.6,No,2-Day Shipping,No,No,46,PayPal,Every 3 Months
3789,43,Female,Kansas,West,XL,Spring,3.2,No,Next Day Air,No,No,27,Debit Card,Monthly
3790,56,Female,North Dakota,North,M,Summer,3.8,No,Express,No,No,18,Bank Transfer,Every 3 Months
3791,27,Female,Alaska,West,XL,Summer,4.4,No,Standard,No,No,31,Credit Card,Weekly
3792,40,Female,Texas,South,M,Spring,3.7,No,Store Pickup,No,No,1,Venmo,Weekly
3793,43,Female,Massachusetts,East,S,Summer,2.6,No,Express,No,No,2,PayPal,Fortnightly
3794,62,Female,Delaware,East,M,Autumn,4,No,Standard,No,No,46,Bank Transfer,Annually
3795,44,Female,South Dakota,North,M,Summer,3.6,No,2-Day Shipping,No,No,27,Venmo,Weekly
3796,45,Female,Arkansas,South,M,Spring,2.5,No,Express,No,No,3,Cash,Weekly
3797,40,Female,Utah,West,M,Autumn,3.2,No,Free Shipping,No,No,47,Bank Transfer,Quarterly
3798,68,Female,California,West,M,Summer,2.5,No,Next Day Air,No,No,20,Cash,Quarterly
3799,63,Female,Rhode Island,East,S,Winter,3.2,No,Next Day Air,No,No,23,Credit Card,Annually
3800,60,Female,Oklahoma,South,L,Winter,2.6,No,Store Pickup,No,No,13,Credit Card,Monthly
3801,19,Female,Vermont,North,M,Autumn,4.8,No,Next Day Air,No,No,12,Venmo,Bi-Weekly
3802,26,Female,Kentucky,South,M,Spring,5,No,Store Pickup,No,No,36,PayPal,Fortnightly
3803,70,Female,Illinois,North,S,Spring,3.2,No,2-Day Shipping,No,No,1,Bank Transfer,Monthly
3804,48,Female,Connecticut,East,M,Spring,3.6,No,Standard,No,No,14,Debit Card,Weekly
3805,37,Female,Florida,South,M,Autumn,2.7,No,2-Day Shipping,No,No,45,Cash,Annually
3806,48,Female,New Jersey,East,M,Autumn,3.1,No,Standard,No,No,31,Credit Card,Quarterly
3807,18,Female,Missouri,South,M,Spring,3,No,Standard,No,No,41,PayPal,Weekly
3808,38,Female,Michigan,North,L,Spring,2.9,No,Next Day Air,No,No,36,PayPal,Annually
3809,33,Female,Washington,West,M,Winter,4.7,No,Express,No,No,6,Debit Card,Bi-Weekly
3810,57,Female,New York,East,S,Winter,3.7,No,Standard,No,No,28,Credit Card,Annually
3811,46,Female,Wisconsin,North,L,Autumn,3.9,No,Free Shipping,No,No,29,Venmo,Monthly
3812,46,Female,Idaho,West,M,Winter,4,No,Standard,No,No,14,Cash,Monthly
3813,50,Female,Michigan,North,M,Spring,2.8,No,Next Day Air,No,No,7,Bank Transfer,Every 3 Months
3814,61,Female,Georgia,South,M,Summer,4.1,No,Express,No,No,31,Venmo,Bi-Weekly
3815,45,Female,Michigan,North,M,Winter,4.2,No,Free Shipping,No,No,26,Bank Transfer,Every 3 Months
3816,32,Female,Maine,North,M,Autumn,4.3,No,Express,No,No,12,Venmo,Fortnightly
3817,29,Female,Maryland,East,S,Summer,4.3,No,Store Pickup,No,No,45,Credit Card,Fortnightly
3818,66,Female,Missouri,South,M,Autumn,2.6,No,Express,No,No,40,PayPal,Annually
3819,70,Female,Oregon,West,XL,Winter,3.8,No,Free Shipping,No,No,42,Cash,Monthly
3820,36,Female,Arkansas,South,S,Spring,2.9,No,Express,No,No,45,Cash,Quarterly
3821,34,Female,New Hampshire,North,M,Winter,5,No,Standard,No,No,34,Debit Card,Quarterly
3822,20,Female,Oregon,West,M,Summer,4.6,No,Free Shipping,No,No,34,Credit Card,Every 3 Months
3823,70,Female,Kansas,West,S,Spring,3.2,No,Free Shipping,No,No,17,PayPal,Every 3 Months
3824,50,Female,California,West,M,Summer,3,No,Standard,No,No,27,Bank Transfer,Weekly
3825,54,Female,Georgia,South,M,Summer,4,No,Free Shipping,No,No,31,Credit Card,Quarterly
3826,49,Female,Hawaii,West,L,Autumn,4.1,No,Express,No,No,47,Debit Card,Fortnightly
3827,50,Female,Montana,West,M,Summer,4,No,Express,No,No,25,Bank Transfer,Annually
3828,62,Female,Montana,West,M,Summer,4.1,No,Standard,No,No,47,Cash,Fortnightly
3829,42,Female,Mississippi,South,M,Spring,3.4,No,Free Shipping,No,No,8,Cash,Weekly
3830,69,Female,Washington,West,M,Spring,2.9,No,Free Shipping,No,No,32,Debit Card,Fortnightly
3831,22,Female,Pennsylvania,East,M,Summer,3,No,2-Day Shipping,No,No,33,Bank Transfer,Every 3 Months
3832,36,Female,Nevada,West,L,Spring,4,No,Next Day Air,No,No,16,Debit Card,Every 3 Months
3833,64,Female,Kansas,West,XL,Winter,4.8,No,2-Day Shipping,No,No,27,Cash,Weekly
3834,44,Female,Arizona,West,L,Summer,4.6,No,Free Shipping,No,No,17,PayPal,Every 3 Months
3835,43,Female,Tennessee,South,M,Winter,4.1,No,2-Day Shipping,No,No,17,Cash,Quarterly
3836,58,Female,Pennsylvania,East,L,Winter,2.6,No,Express,No,No,28,PayPal,Bi-Weekly
3837,62,Female,Alaska,West,M,Spring,2.5,No,Free Shipping,No,No,38,PayPal,Fortnightly
3838,45,Female,New Mexico,West,M,Spring,4.8,No,Free Shipping,No,No,33,Bank Transfer,Fortnightly
3839,47,Female,Rhode Island,East,L,Summer,4.2,No,Express,No,No,24,Venmo,Every 3 Months
3840,66,Female,Connecticut,East,M,Spring,3.9,No,Free Shipping,No,No,14,Venmo,Quarterly
3841,30,Female,Idaho,West,M,Spring,3.7,No,Express,No,No,5,Venmo,Fortnightly
3842,68,Female,Mississippi,South,L,Autumn,4.2,No,2-Day Shipping,No,No,8,Bank Transfer,Monthly
3843,35,Female,Colorado,West,L,Winter,4.2,No,Next Day Air,No,No,42,Debit Card,Monthly
3844,64,Female,Georgia,South,L,Winter,4,No,Free Shipping,No,No,48,Venmo,Every 3 Months
3845,30,Female,Montana,West,S,Autumn,5,No,Next Day Air,No,No,40,Venmo,Quarterly
3846,58,Female,California,West,M,Winter,4.9,No,Standard,No,No,46,Venmo,Annually
3847,57,Female,Pennsylvania,East,L,Summer,4,No,Express,No,No,40,PayPal,Every 3 Months
3848,60,Female,Delaware,East,S,Autumn,3.2,No,2-Day Shipping,No,No,31,PayPal,Fortnightly
3849,22,Female,New Hampshire,North,M,Winter,3,No,Next Day Air,No,No,39,Cash,Every 3 Months
3850,46,Female,Florida,South,S,Winter,2.6,No,Express,No,No,36,PayPal,Fortnightly
3851,27,Female,Mississippi,South,L,Summer,4.4,No,2-Day Shipping,No,No,25,Debit Card,Every 3 Months
3852,50,Female,Montana,West,M,Summer,3.9,No,Free Shipping,No,No,24,Debit Card,Annually
3853,65,Female,Mississippi,South,M,Autumn,4,No,2-Day Shipping,No,No,19,PayPal,Weekly
3854,61,Female,Tennessee,South,M,Autumn,4,No,Store Pickup,No,No,49,Debit Card,Bi-Weekly
3855,57,Female,Florida,South,M,Spring,4.2,No,Free Shipping,No,No,4,Venmo,Annually
3856,40,Female,Illinois,North,XL,Summer,4.4,No,Next Day Air,No,No,36,Cash,Quarterly
3857,39,Female,Virginia,South,S,Summer,2.5,No,Free Shipping,No,No,8,Debit Card,Quarterly
3858,42,Female,Texas,South,S,Summer,3.1,No,Store Pickup,No,No,29,Credit Card,Every 3 Months
3859,30,Female,Missouri,South,M,Winter,3.5,No,Store Pickup,No,No,26,Credit Card,Quarterly
3860,65,Female,Mississippi,South,S,Autumn,3,No,2-Day Shipping,No,No,47,Bank Transfer,Bi-Weekly
3861,57,Female,Pennsylvania,East,M,Summer,4.4,No,Next Day Air,No,No,44,Cash,Annually
3862,64,Female,Wyoming,West,M,Spring,4.9,No,Standard,No,No,49,Credit Card,Monthly
3863,56,Female,Idaho,West,L,Winter,2.8,No,Next Day Air,No,No,9,Venmo,Monthly
3864,40,Female,New Hampshire,North,M,Summer,3.3,No,Free Shipping,No,No,28,Cash,Fortnightly
3865,55,Female,Wyoming,West,S,Winter,4.9,No,Express,No,No,1,Debit Card,Fortnightly
3866,25,Female,Nebraska,North,M,Spring,4.2,No,Store Pickup,No,No,28,Cash,Every 3 Months
3867,58,Female,Alaska,West,M,Winter,3.3,No,2-Day Shipping,No,No,33,Credit Card,Fortnightly
3868,46,Female,Maryland,East,L,Summer,2.7,No,Standard,No,No,28,Credit Card,Monthly
3869,18,Female,Maryland,East,XL,Winter,3.3,No,2-Day Shipping,No,No,9,Cash,Annually
3870,26,Female,Arizona,West,L,Spring,3.8,No,Free Shipping,No,No,28,Bank Transfer,Annually
3871,61,Female,Ohio,East,L,Autumn,3.2,No,Next Day Air,No,No,19,Cash,Every 3 Months
3872,55,Female,Minnesota,North,M,Autumn,4.1,No,2-Day Shipping,No,No,20,Bank Transfer,Every 3 Months
3873,41,Female,New Hampshire,North,M,Spring,4.3,No,Standard,No,No,3,Cash,Monthly
3874,42,Female,Louisiana,South,L,Summer,4,No,Standard,No,No,22,Credit Card,Weekly
3875,70,Female,Nevada,West,XL,Summer,3.9,No,2-Day Shipping,No,No,33,Credit Card,Bi-Weekly
3876,63,Female,New Hampshire,North,M,Winter,3.3,No,2-Day Shipping,No,No,21,Credit Card,Annually
3877,60,Female,Wisconsin,North,S,Autumn,2.6,No,2-Day Shipping,No,No,7,Cash,Annually
3878,28,Female,Nevada,West,M,Spring,4.2,No,Next Day Air,No,No,46,Debit Card,Monthly
3879,60,Female,South Carolina,South,M,Summer,3.4,No,2-Day Shipping,No,No,24,Credit Card,Annually
3880,26,Female,Florida,South,L,Winter,4.1,No,Free Shipping,No,No,6,Debit Card,Quarterly
3881,42,Female,Massachusetts,East,M,Winter,3.9,No,Free Shipping,No,No,40,PayPal,Monthly
3882,56,Female,Georgia,South,L,Spring,2.8,No,2-Day Shipping,No,No,17,Debit Card,Weekly
3883,35,Female,North Dakota,North,L,Autumn,2.6,No,Free Shipping,No,No,24,Cash,Fortnightly
3884,34,Female,North Dakota,North,XL,Autumn,4,No,Next Day Air,No,No,22,Cash,Fortnightly
3885,47,Female,Maryland,East,M,Autumn,4.9,No,Express,No,No,3,PayPal,Weekly
3886,49,Female,New Mexico,West,L,Winter,3.2,No,Free Shipping,No,No,39,Cash,Quarterly
3887,37,Female,Iowa,west,S,Summer,3.9,No,Express,No,No,40,Debit Card,Quarterly
3888,40,Female,Kansas,West,M,Spring,2.7,No,Express,No,No,1,Credit Card,Quarterly
3889,45,Female,Virginia,South,M,Spring,3.4,No,Standard,No,No,14,Venmo,Bi-Weekly
3890,57,Female,Alaska,West,S,Spring,3.5,No,Express,No,No,49,Bank Transfer,Annually
3891,35,Female,Nebraska,North,XL,Winter,2.6,No,Standard,No,No,33,Debit Card,Annually
3892,36,Female,Colorado,West,L,Winter,4.7,No,Free Shipping,No,No,6,Bank Transfer,Quarterly
3893,35,Female,Michigan,North,L,Summer,3.5,No,Standard,No,No,5,PayPal,Fortnightly
3894,21,Female,Massachusetts,East,L,Autumn,3.3,No,Store Pickup,No,No,29,Bank Transfer,Bi-Weekly
3895,66,Female,Connecticut,East,L,Spring,3.9,No,2-Day Shipping,No,No,44,Credit Card,Every 3 Months
3896,40,Female,Virginia,South,L,Summer,4.2,No,2-Day Shipping,No,No,32,Venmo,Weekly
3897,52,Female,Iowa,west,L,Spring,4.5,No,Store Pickup,No,No,41,Bank Transfer,Bi-Weekly
3898,46,Female,New Jersey,East,L,Spring,2.9,No,Standard,No,No,24,Venmo,Quarterly
3899,44,Female,Minnesota,North,S,Summer,3.8,No,Express,No,No,24,Venmo,Weekly
3900,52,Female,California,West,M,Spring,3.1,No,Store Pickup,No,No,33,Venmo,Quarterly
