ds,Store_ID,Product_ID,Actual_Sales,XGB_Sales_Pred
2023-08-10,1,1,176,118.56975
2023-08-10,1,2,191,112.91067
2023-08-10,1,3,211,190.62608
2023-08-10,1,4,49,43.106106
2023-08-10,1,5,77,151.72223
2023-08-10,1,6,29,21.941746
2023-08-10,1,7,52,30.611177
2023-08-10,1,8,207,212.22997
2023-08-10,1,9,59,40.093796
2023-08-10,1,10,120,60.510906
2023-08-10,1,11,105,83.86481
2023-08-10,1,12,107,155.13612
2023-08-10,1,13,79,86.77201
2023-08-10,1,14,181,180.65337
2023-08-10,1,15,17,32.512737
2023-08-10,1,16,14,30.810183
2023-08-10,1,17,37,46.439873
2023-08-10,1,18,237,218.44804
2023-08-10,1,19,47,51.417347
2023-08-10,1,20,74,75.09289
2023-08-10,2,1,111,107.19258
2023-08-10,2,2,385,353.53564
2023-08-10,2,3,82,140.34189
2023-08-10,2,4,58,53.183296
2023-08-10,2,5,37,38.337673
2023-08-10,2,6,272,232.1024
2023-08-10,2,7,200,171.97678
2023-08-10,2,8,168,166.19548
2023-08-10,2,9,65,45.200058
2023-08-10,2,10,272,227.81718
2023-08-10,2,11,52,47.490532
2023-08-10,2,12,244,238.44414
2023-08-10,2,13,314,286.53552
2023-08-10,2,14,223,238.15788
2023-08-10,2,15,367,314.29013
2023-08-10,2,16,21,34.66173
2023-08-10,2,17,223,233.68047
2023-08-10,2,18,87,158.87201
2023-08-10,2,19,399,346.3375
2023-08-10,2,20,45,19.935593
2023-08-10,3,1,28,49.702007
2023-08-10,3,2,295,273.08795
2023-08-10,3,3,65,48.62141
2023-08-10,3,4,179,161.66173
2023-08-10,3,5,51,48.41156
2023-08-10,3,6,16,33.53231
2023-08-10,3,7,274,234.26126
2023-08-10,3,8,28,39.799286
2023-08-10,3,9,74,50.94901
2023-08-10,3,10,51,101.89869
2023-08-10,3,11,29,31.065329
2023-08-10,3,12,36,57.0911
2023-08-10,3,13,155,97.88831
2023-08-10,3,14,287,266.25888
2023-08-10,3,15,95,60.549824
2023-08-10,3,16,217,196.2647
2023-08-10,3,17,292,272.34085
2023-08-10,3,18,105,92.478645
2023-08-10,3,19,19,57.875507
2023-08-10,3,20,155,71.038765
2023-08-10,4,1,212,190.7726
2023-08-10,4,2,153,114.10905
2023-08-10,4,3,403,353.77203
2023-08-10,4,4,49,24.438015
2023-08-10,4,5,145,166.43365
2023-08-10,4,6,129,86.725815
2023-08-10,4,7,145,165.27547
2023-08-10,4,8,184,91.81695
2023-08-10,4,9,59,33.90168
2023-08-10,4,10,71,129.02203
2023-08-10,4,11,15,37.584232
2023-08-10,4,12,1,51.80306
2023-08-10,4,13,8,45.6804
2023-08-10,4,14,145,180.69762
2023-08-10,4,15,251,249.53046
2023-08-10,4,16,60,46.66511
2023-08-10,4,17,52,64.16112
2023-08-10,4,18,186,178.64156
2023-08-10,4,19,15,57.627743
2023-08-10,4,20,142,73.7006
2023-08-10,5,1,408,337.28223
2023-08-10,5,2,179,189.21327
2023-08-10,5,3,459,336.6078
2023-08-10,5,4,63,36.312725
2023-08-10,5,5,211,175.86084
2023-08-10,5,6,12,42.874466
2023-08-10,5,7,28,44.621048
2023-08-10,5,8,24,39.223442
2023-08-10,5,9,8,21.94883
2023-08-10,5,10,58,49.057274
2023-08-10,5,11,243,208.79752
2023-08-10,5,12,206,190.75586
2023-08-10,5,13,70,139.29263
2023-08-10,5,14,41,51.681614
2023-08-10,5,15,97,75.60823
2023-08-10,5,16,31,37.859573
2023-08-10,5,17,201,204.56198
2023-08-10,5,18,54,46.498196
2023-08-10,5,19,16,67.48077
2023-08-10,5,20,49,21.406929
2023-08-11,1,1,90,57.655655
2023-08-11,1,2,48,56.89549
2023-08-11,1,3,60,52.727608
2023-08-11,1,4,30,38.589508
2023-08-11,1,5,59,26.615242
2023-08-11,1,6,179,159.40483
2023-08-11,1,7,49,34.55273
2023-08-11,1,8,49,29.608744
2023-08-11,1,9,66,103.47189
2023-08-11,1,10,42,105.12657
2023-08-11,1,11,97,60.704376
2023-08-11,1,12,183,71.55381
2023-08-11,1,13,197,191.56064
2023-08-11,1,14,125,95.95467
2023-08-11,1,15,78,76.7544
2023-08-11,1,16,64,126.210396
2023-08-11,1,17,126,82.381874
2023-08-11,1,18,52,50.0279
2023-08-11,1,19,24,48.425613
2023-08-11,1,20,143,82.214165
2023-08-11,2,1,97,88.46059
2023-08-11,2,2,70,83.66084
2023-08-11,2,3,29,66.15919
2023-08-11,2,4,213,174.12149
2023-08-11,2,5,403,327.41925
2023-08-11,2,6,44,37.010937
2023-08-11,2,7,50,29.68546
2023-08-11,2,8,188,174.49263
2023-08-11,2,9,58,32.021786
2023-08-11,2,10,290,257.50204
2023-08-11,2,11,209,184.43138
2023-08-11,2,12,59,34.623665
2023-08-11,2,13,124,77.46072
2023-08-11,2,14,255,245.10072
2023-08-11,2,15,67,68.43398
2023-08-11,2,16,97,65.00892
2023-08-11,2,17,96,61.162228
2023-08-11,2,18,134,143.92607
2023-08-11,2,19,77,154.2268
2023-08-11,2,20,17,29.030203
2023-08-11,3,1,207,205.10895
2023-08-11,3,2,211,210.88065
2023-08-11,3,3,12,66.48182
2023-08-11,3,4,266,231.29825
2023-08-11,3,5,116,164.91156
2023-08-11,3,6,48,39.55841
2023-08-11,3,7,188,168.68979
2023-08-11,3,8,97,70.41923
2023-08-11,3,9,44,22.677223
2023-08-11,3,10,397,341.57306
2023-08-11,3,11,53,48.836533
2023-08-11,3,12,45,34.600613
2023-08-11,3,13,207,171.21422
2023-08-11,3,14,53,48.342983
2023-08-11,3,15,1,49.185448
2023-08-11,3,16,79,51.253353
2023-08-11,3,17,99,84.548615
2023-08-11,3,18,295,262.71603
2023-08-11,3,19,296,286.98047
2023-08-11,3,20,62,104.68855
2023-08-11,4,1,78,70.74116
2023-08-11,4,2,187,92.280754
2023-08-11,4,3,20,59.80114
2023-08-11,4,4,93,59.976616
2023-08-11,4,5,451,346.10098
2023-08-11,4,6,98,143.9007
2023-08-11,4,7,105,166.8475
2023-08-11,4,8,70,49.299637
2023-08-11,4,9,177,157.39658
2023-08-11,4,10,138,170.65642
2023-08-11,4,11,235,211.42442
2023-08-11,4,12,4,38.882427
2023-08-11,4,13,113,149.23396
2023-08-11,4,14,82,56.744316
2023-08-11,4,15,409,333.85782
2023-08-11,4,16,112,145.97758
2023-08-11,4,17,293,275.46274
2023-08-11,4,18,229,206.99368
2023-08-11,4,19,164,169.70937
2023-08-11,4,20,57,24.349316
2023-08-11,5,1,17,55.294025
2023-08-11,5,2,223,209.29881
2023-08-11,5,3,95,81.737946
2023-08-11,5,4,96,62.62187
2023-08-11,5,5,122,92.02371
2023-08-11,5,6,35,22.101082
2023-08-11,5,7,1,26.049786
2023-08-11,5,8,31,29.311892
2023-08-11,5,9,149,76.912346
2023-08-11,5,10,143,185.0621
2023-08-11,5,11,308,268.44257
2023-08-11,5,12,230,206.24992
2023-08-11,5,13,243,213.4959
2023-08-11,5,14,5,35.407005
2023-08-11,5,15,6,50.750546
2023-08-11,5,16,218,205.72047
2023-08-11,5,17,35,28.391148
2023-08-11,5,18,143,173.34972
2023-08-11,5,19,52,48.229656
2023-08-11,5,20,33,23.284992
2023-08-12,1,1,46,39.86942
2023-08-12,1,2,46,37.503433
2023-08-12,1,3,41,56.358673
2023-08-12,1,4,0,38.480133
2023-08-12,1,5,7,58.28853
2023-08-12,1,6,30,27.048082
2023-08-12,1,7,75,123.02936
2023-08-12,1,8,293,256.60245
2023-08-12,1,9,18,28.200312
2023-08-12,1,10,118,174.85062
2023-08-12,1,11,15,32.15431
2023-08-12,1,12,82,124.97236
2023-08-12,1,13,258,230.90599
2023-08-12,1,14,173,157.69276
2023-08-12,1,15,43,54.13923
2023-08-12,1,16,47,24.461803
2023-08-12,1,17,425,366.7329
2023-08-12,1,18,100,148.92369
2023-08-12,1,19,394,341.20813
2023-08-12,1,20,142,155.72064
2023-08-12,2,1,52,31.06488
2023-08-12,2,2,94,52.88606
2023-08-12,2,3,2,17.228369
2023-08-12,2,4,100,81.203575
2023-08-12,2,5,199,209.25307
2023-08-12,2,6,195,165.97765
2023-08-12,2,7,87,46.842308
2023-08-12,2,8,13,32.725887
2023-08-12,2,9,15,27.175896
2023-08-12,2,10,238,241.83086
2023-08-12,2,11,88,59.22946
2023-08-12,2,12,164,164.80841
2023-08-12,2,13,185,159.46246
2023-08-12,2,14,21,35.13779
2023-08-12,2,15,46,57.932983
2023-08-12,2,16,202,163.87462
2023-08-12,2,17,16,45.842705
2023-08-12,2,18,43,31.372519
2023-08-12,2,19,344,309.22482
2023-08-12,2,20,71,34.439785
2023-08-12,3,1,8,27.006344
2023-08-12,3,2,31,32.174286
2023-08-12,3,3,198,166.77446
2023-08-12,3,4,462,349.6259
2023-08-12,3,5,91,168.89919
2023-08-12,3,6,0,29.043287
2023-08-12,3,7,97,149.63997
2023-08-12,3,8,389,353.57376
2023-08-12,3,9,46,36.83616
2023-08-12,3,10,145,168.91183
2023-08-12,3,11,365,325.08466
2023-08-12,3,12,209,185.71295
2023-08-12,3,13,91,142.15407
2023-08-12,3,14,44,37.15354
2023-08-12,3,15,412,353.39484
2023-08-12,3,16,80,49.05164
2023-08-12,3,17,26,134.39839
2023-08-12,3,18,113,83.580444
2023-08-12,3,19,63,62.485573
2023-08-12,3,20,2,29.687712
2023-08-12,4,1,70,53.442226
2023-08-12,4,2,98,71.91892
2023-08-12,4,3,231,216.48978
2023-08-12,4,4,3,46.574593
2023-08-12,4,5,68,164.17226
2023-08-12,4,6,120,67.073395
2023-08-12,4,7,12,42.336884
2023-08-12,4,8,157,93.045975
2023-08-12,4,9,178,161.49599
2023-08-12,4,10,150,194.792
2023-08-12,4,11,229,229.58138
2023-08-12,4,12,20,40.54801
2023-08-12,4,13,26,46.621292
2023-08-12,4,14,57,26.27029
2023-08-12,4,15,256,252.09332
2023-08-12,4,16,181,79.67069
2023-08-12,4,17,85,79.264755
2023-08-12,4,18,100,166.04413
2023-08-12,4,19,8,67.87972
2023-08-12,4,20,266,226.36778
2023-08-12,5,1,151,153.87326
2023-08-12,5,2,12,34.674862
2023-08-12,5,3,70,61.110508
2023-08-12,5,4,70,91.28336
2023-08-12,5,5,34,59.774715
2023-08-12,5,6,335,293.558
2023-08-12,5,7,9,18.23178
2023-08-12,5,8,345,324.05795
2023-08-12,5,9,288,260.52554
2023-08-12,5,10,273,233.71236
2023-08-12,5,11,0,65.901924
2023-08-12,5,12,59,44.25208
2023-08-12,5,13,43,35.15856
2023-08-12,5,14,14,26.400202
2023-08-12,5,15,35,159.01651
2023-08-12,5,16,33,30.314566
2023-08-12,5,17,419,361.30444
2023-08-12,5,18,45,29.167643
2023-08-12,5,19,104,96.50252
2023-08-12,5,20,70,136.38647
2023-08-13,1,1,145,78.02566
2023-08-13,1,2,36,28.6604
2023-08-13,1,3,18,42.09529
2023-08-13,1,4,57,142.49483
2023-08-13,1,5,272,238.1427
2023-08-13,1,6,235,215.17703
2023-08-13,1,7,228,203.362
2023-08-13,1,8,4,51.81046
2023-08-13,1,9,19,118.07771
2023-08-13,1,10,356,316.48325
2023-08-13,1,11,191,187.26996
2023-08-13,1,12,168,90.025696
2023-08-13,1,13,3,46.64222
2023-08-13,1,14,50,25.403214
2023-08-13,1,15,94,128.25122
2023-08-13,1,16,92,44.46711
2023-08-13,1,17,124,175.5698
2023-08-13,1,18,243,198.34373
2023-08-13,1,19,160,199.83365
2023-08-13,1,20,21,38.781403
2023-08-13,2,1,123,53.93358
2023-08-13,2,2,27,21.623392
2023-08-13,2,3,121,72.79601
2023-08-13,2,4,282,258.06116
2023-08-13,2,5,54,39.197823
2023-08-13,2,6,331,307.15787
2023-08-13,2,7,273,230.46901
2023-08-13,2,8,274,262.9503
2023-08-13,2,9,176,170.92892
2023-08-13,2,10,94,154.15198
2023-08-13,2,11,55,56.42498
2023-08-13,2,12,97,67.899345
2023-08-13,2,13,212,186.6625
2023-08-13,2,14,51,27.587534
2023-08-13,2,15,116,176.36436
2023-08-13,2,16,124,137.1838
2023-08-13,2,17,11,63.60054
2023-08-13,2,18,283,228.25089
2023-08-13,2,19,50,64.763695
2023-08-13,2,20,90,52.146786
2023-08-13,3,1,71,45.019306
2023-08-13,3,2,31,101.50582
2023-08-13,3,3,93,70.05233
2023-08-13,3,4,68,76.494705
2023-08-13,3,5,222,210.61116
2023-08-13,3,6,484,353.92545
2023-08-13,3,7,165,180.4485
2023-08-13,3,8,91,79.1112
2023-08-13,3,9,7,61.322865
2023-08-13,3,10,431,363.40494
2023-08-13,3,11,200,207.40192
2023-08-13,3,12,324,288.09763
2023-08-13,3,13,242,203.27457
2023-08-13,3,14,74,42.038048
2023-08-13,3,15,270,245.00787
2023-08-13,3,16,60,35.985325
2023-08-13,3,17,31,69.24905
2023-08-13,3,18,357,325.44553
2023-08-13,3,19,207,203.31732
2023-08-13,3,20,456,321.28943
2023-08-13,4,1,23,25.298553
2023-08-13,4,2,162,148.68199
2023-08-13,4,3,66,34.765263
2023-08-13,4,4,64,147.08475
2023-08-13,4,5,121,152.68597
2023-08-13,4,6,109,193.2781
2023-08-13,4,7,73,74.24524
2023-08-13,4,8,326,328.30774
2023-08-13,4,9,266,250.67355
2023-08-13,4,10,8,56.4983
2023-08-13,4,11,44,141.15413
2023-08-13,4,12,69,145.65701
2023-08-13,4,13,103,143.1888
2023-08-13,4,14,115,64.50142
2023-08-13,4,15,88,70.2365
2023-08-13,4,16,355,315.70728
2023-08-13,4,17,247,256.3929
2023-08-13,4,18,66,124.18268
2023-08-13,4,19,46,37.473106
2023-08-13,4,20,55,43.019203
2023-08-13,5,1,4,26.558237
2023-08-13,5,2,206,170.03302
2023-08-13,5,3,359,307.00986
2023-08-13,5,4,15,38.963158
2023-08-13,5,5,116,160.18015
2023-08-13,5,6,145,205.05562
2023-08-13,5,7,84,69.86326
2023-08-13,5,8,93,83.717155
2023-08-13,5,9,68,59.12695
2023-08-13,5,10,13,63.314087
2023-08-13,5,11,121,145.57027
2023-08-13,5,12,117,86.075455
2023-08-13,5,13,91,142.57233
2023-08-13,5,14,50,24.308971
2023-08-13,5,15,124,154.33496
2023-08-13,5,16,137,145.97847
2023-08-13,5,17,207,196.09445
2023-08-13,5,18,23,55.704624
2023-08-13,5,19,76,60.24715
2023-08-13,5,20,245,253.97621
2023-08-14,1,1,72,49.854588
2023-08-14,1,2,236,195.08289
2023-08-14,1,3,267,241.31909
2023-08-14,1,4,87,56.713234
2023-08-14,1,5,348,290.18552
2023-08-14,1,6,205,200.68202
2023-08-14,1,7,32,43.06142
2023-08-14,1,8,266,252.71133
2023-08-14,1,9,60,131.21483
2023-08-14,1,10,15,66.54718
2023-08-14,1,11,116,145.184
2023-08-14,1,12,330,306.40927
2023-08-14,1,13,119,158.01245
2023-08-14,1,14,345,270.40454
2023-08-14,1,15,153,156.27385
2023-08-14,1,16,112,86.73848
2023-08-14,1,17,29,61.916756
2023-08-14,1,18,33,136.2934
2023-08-14,1,19,266,247.15077
2023-08-14,1,20,36,52.61765
2023-08-14,2,1,206,175.52692
2023-08-14,2,2,74,64.83065
2023-08-14,2,3,49,47.150448
2023-08-14,2,4,4,41.388836
2023-08-14,2,5,53,127.135864
2023-08-14,2,6,248,255.28423
2023-08-14,2,7,15,50.486732
2023-08-14,2,8,160,194.38971
2023-08-14,2,9,451,345.6812
2023-08-14,2,10,28,61.18233
2023-08-14,2,11,87,127.70234
2023-08-14,2,12,3,49.473278
2023-08-14,2,13,250,219.76733
2023-08-14,2,14,6,29.92129
2023-08-14,2,15,91,48.503853
2023-08-14,2,16,105,160.03035
2023-08-14,2,17,56,53.0526
2023-08-14,2,18,271,256.57037
2023-08-14,2,19,171,169.9179
2023-08-14,2,20,202,212.2409
2023-08-14,3,1,119,65.8915
2023-08-14,3,2,440,354.35828
2023-08-14,3,3,45,51.948513
2023-08-14,3,4,138,151.65144
2023-08-14,3,5,403,344.94516
2023-08-14,3,6,16,66.88753
2023-08-14,3,7,393,334.69226
2023-08-14,3,8,298,291.65167
2023-08-14,3,9,24,52.0133
2023-08-14,3,10,340,300.92358
2023-08-14,3,11,143,151.08878
2023-08-14,3,12,76,147.61853
2023-08-14,3,13,77,71.45973
2023-08-14,3,14,298,258.39276
2023-08-14,3,15,174,171.16464
2023-08-14,3,16,226,220.76408
2023-08-14,3,17,283,241.7514
2023-08-14,3,18,8,46.533604
2023-08-14,3,19,299,276.6988
2023-08-14,3,20,131,187.5617
2023-08-14,4,1,24,33.61715
2023-08-14,4,2,268,246.29517
2023-08-14,4,3,126,87.95072
2023-08-14,4,4,7,26.465403
2023-08-14,4,5,54,58.533745
2023-08-14,4,6,106,179.15616
2023-08-14,4,7,198,193.32802
2023-08-14,4,8,136,84.28744
2023-08-14,4,9,216,237.02527
2023-08-14,4,10,155,103.34502
2023-08-14,4,11,330,295.28876
2023-08-14,4,12,44,51.884026
2023-08-14,4,13,79,124.94552
2023-08-14,4,14,297,279.45215
2023-08-14,4,15,156,159.95775
2023-08-14,4,16,29,40.42515
2023-08-14,4,17,91,138.7746
2023-08-14,4,18,27,59.473633
2023-08-14,4,19,86,141.08128
2023-08-14,4,20,293,278.03635
2023-08-14,5,1,12,29.12819
2023-08-14,5,2,18,57.700783
2023-08-14,5,3,83,150.35371
2023-08-14,5,4,72,103.53736
2023-08-14,5,5,78,86.36346
2023-08-14,5,6,199,194.92722
2023-08-14,5,7,201,194.88138
2023-08-14,5,8,75,60.08974
2023-08-14,5,9,56,157.03644
2023-08-14,5,10,95,81.13659
2023-08-14,5,11,183,136.20856
2023-08-14,5,12,318,312.88065
2023-08-14,5,13,338,298.9726
2023-08-14,5,14,240,228.05714
2023-08-14,5,15,430,349.91226
2023-08-14,5,16,335,317.8808
2023-08-14,5,17,324,301.58176
2023-08-14,5,18,424,342.76602
2023-08-14,5,19,88,150.30598
2023-08-14,5,20,311,265.1299
2023-08-15,1,1,289,245.92787
2023-08-15,1,2,22,58.062057
2023-08-15,1,3,49,126.831184
2023-08-15,1,4,95,121.45615
2023-08-15,1,5,2,53.030956
2023-08-15,1,6,207,184.09883
2023-08-15,1,7,223,234.0334
2023-08-15,1,8,19,42.691998
2023-08-15,1,9,97,88.840614
2023-08-15,1,10,40,44.03364
2023-08-15,1,11,121,152.64479
2023-08-15,1,12,188,71.71477
2023-08-15,1,13,2,32.914
2023-08-15,1,14,105,92.81895
2023-08-15,1,15,67,147.79486
2023-08-15,1,16,336,297.9828
2023-08-15,1,17,23,49.524685
2023-08-15,1,18,143,85.22731
2023-08-15,1,19,65,57.840862
2023-08-15,1,20,139,173.34096
2023-08-15,2,1,63,44.417664
2023-08-15,2,2,81,165.66824
2023-08-15,2,3,58,43.234737
2023-08-15,2,4,350,292.01712
2023-08-15,2,5,16,50.612537
2023-08-15,2,6,141,181.41635
2023-08-15,2,7,242,233.10089
2023-08-15,2,8,148,180.99992
2023-08-15,2,9,99,163.12082
2023-08-15,2,10,135,153.35342
2023-08-15,2,11,201,189.16937
2023-08-15,2,12,56,59.090164
2023-08-15,2,13,72,66.687065
2023-08-15,2,14,145,187.72835
2023-08-15,2,15,8,61.155964
2023-08-15,2,16,60,51.486847
2023-08-15,2,17,48,48.492615
2023-08-15,2,18,192,184.7648
2023-08-15,2,19,92,64.274765
2023-08-15,2,20,4,40.783066
2023-08-15,3,1,101,147.776
2023-08-15,3,2,84,162.54677
2023-08-15,3,3,40,27.288937
2023-08-15,3,4,37,23.775827
2023-08-15,3,5,231,221.29536
2023-08-15,3,6,162,167.08435
2023-08-15,3,7,66,64.86718
2023-08-15,3,8,17,44.29842
2023-08-15,3,9,38,70.13915
2023-08-15,3,10,109,156.0318
2023-08-15,3,11,247,236.25293
2023-08-15,3,12,105,162.85962
2023-08-15,3,13,42,133.78085
2023-08-15,3,14,72,72.44147
2023-08-15,3,15,140,187.98152
2023-08-15,3,16,80,72.685684
2023-08-15,3,17,52,128.45422
2023-08-15,3,18,405,341.80426
2023-08-15,3,19,50,40.29908
2023-08-15,3,20,50,51.981647
2023-08-15,4,1,81,62.605686
2023-08-15,4,2,13,59.76513
2023-08-15,4,3,36,19.04797
2023-08-15,4,4,64,119.80901
2023-08-15,4,5,71,158.7624
2023-08-15,4,6,132,70.74883
2023-08-15,4,7,44,61.539055
2023-08-15,4,8,201,192.8758
2023-08-15,4,9,246,217.96751
2023-08-15,4,10,126,84.89065
2023-08-15,4,11,161,180.65028
2023-08-15,4,12,45,35.807995
2023-08-15,4,13,230,216.24768
2023-08-15,4,14,22,42.236748
2023-08-15,4,15,143,189.89246
2023-08-15,4,16,123,182.0032
2023-08-15,4,17,164,183.03116
2023-08-15,4,18,79,173.40639
2023-08-15,4,19,255,242.54498
2023-08-15,4,20,42,47.733955
2023-08-15,5,1,451,334.96143
2023-08-15,5,2,242,217.9421
2023-08-15,5,3,136,137.31348
2023-08-15,5,4,154,174.67462
2023-08-15,5,5,68,147.38492
2023-08-15,5,6,80,133.0122
2023-08-15,5,7,66,53.39017
2023-08-15,5,8,204,173.8909
2023-08-15,5,9,91,127.08948
2023-08-15,5,10,87,108.30749
2023-08-15,5,11,157,158.42802
2023-08-15,5,12,77,67.5215
2023-08-15,5,13,31,48.176167
2023-08-15,5,14,251,243.993
2023-08-15,5,15,108,172.98079
2023-08-15,5,16,276,258.43246
2023-08-15,5,17,33,41.36191
2023-08-15,5,18,35,59.86286
2023-08-15,5,19,33,28.92785
2023-08-15,5,20,164,170.96698
2023-08-16,1,1,50,46.687088
2023-08-16,1,2,55,33.115116
2023-08-16,1,3,318,292.95566
2023-08-16,1,4,97,78.404274
2023-08-16,1,5,124,148.53596
2023-08-16,1,6,19,23.546421
2023-08-16,1,7,71,60.224087
2023-08-16,1,8,10,36.90487
2023-08-16,1,9,419,339.49002
2023-08-16,1,10,52,32.6825
2023-08-16,1,11,25,31.966482
2023-08-16,1,12,3,42.328674
2023-08-16,1,13,102,171.22969
2023-08-16,1,14,254,251.05737
2023-08-16,1,15,86,69.35191
2023-08-16,1,16,46,50.05721
2023-08-16,1,17,32,35.585743
2023-08-16,1,18,120,179.12831
2023-08-16,1,19,107,74.07559
2023-08-16,1,20,36,39.473625
2023-08-16,2,1,105,182.45636
2023-08-16,2,2,21,37.895798
2023-08-16,2,3,1,26.880817
2023-08-16,2,4,89,67.16272
2023-08-16,2,5,109,147.21487
2023-08-16,2,6,96,132.38916
2023-08-16,2,7,70,51.830338
2023-08-16,2,8,181,162.7804
2023-08-16,2,9,8,38.867958
2023-08-16,2,10,138,132.22144
2023-08-16,2,11,11,39.32562
2023-08-16,2,12,39,91.579254
2023-08-16,2,13,75,134.62521
2023-08-16,2,14,280,238.46092
2023-08-16,2,15,5,19.54299
2023-08-16,2,16,292,270.3625
2023-08-16,2,17,295,253.37958
2023-08-16,2,18,35,46.33709
2023-08-16,2,19,351,311.1201
2023-08-16,2,20,55,40.440582
2023-08-16,3,1,159,185.61638
2023-08-16,3,2,483,339.11517
2023-08-16,3,3,167,96.330925
2023-08-16,3,4,20,49.886143
2023-08-16,3,5,104,67.698875
2023-08-16,3,6,106,130.30328
2023-08-16,3,7,151,163.66647
2023-08-16,3,8,64,42.62853
2023-08-16,3,9,400,345.29175
2023-08-16,3,10,31,22.58022
2023-08-16,3,11,207,185.99474
2023-08-16,3,12,332,296.23752
2023-08-16,3,13,80,133.69147
2023-08-16,3,14,11,40.14106
2023-08-16,3,15,146,79.357346
2023-08-16,3,16,174,174.25325
2023-08-16,3,17,99,74.59148
2023-08-16,3,18,3,60.96041
2023-08-16,3,19,225,212.48784
2023-08-16,3,20,119,136.23608
2023-08-16,4,1,4,50.393383
2023-08-16,4,2,221,231.08136
2023-08-16,4,3,62,58.406937
2023-08-16,4,4,407,328.82358
2023-08-16,4,5,1,29.52867
2023-08-16,4,6,318,281.32242
2023-08-16,4,7,1,21.611134
2023-08-16,4,8,63,49.03469
2023-08-16,4,9,83,147.52065
2023-08-16,4,10,55,102.25849
2023-08-16,4,11,90,56.426525
2023-08-16,4,12,126,151.04236
2023-08-16,4,13,92,58.742306
2023-08-16,4,14,96,150.28717
2023-08-16,4,15,72,120.87615
2023-08-16,4,16,28,33.5676
2023-08-16,4,17,336,316.8761
2023-08-16,4,18,347,312.88953
2023-08-16,4,19,91,139.26614
2023-08-16,4,20,169,79.70482
2023-08-16,5,1,71,74.37047
2023-08-16,5,2,207,217.22186
2023-08-16,5,3,163,172.64822
2023-08-16,5,4,42,36.193947
2023-08-16,5,5,148,150.6908
2023-08-16,5,6,100,69.70491
2023-08-16,5,7,243,205.28432
2023-08-16,5,8,127,147.7841
2023-08-16,5,9,30,64.862976
2023-08-16,5,10,64,39.875237
2023-08-16,5,11,56,41.57214
2023-08-16,5,12,269,244.7927
2023-08-16,5,13,6,34.80142
2023-08-16,5,14,29,52.008957
2023-08-16,5,15,272,231.34164
2023-08-16,5,16,84,59.81509
2023-08-16,5,17,99,171.81808
2023-08-16,5,18,2,37.397896
2023-08-16,5,19,232,240.97298
2023-08-16,5,20,225,201.13539
2023-08-17,1,1,225,229.92102
2023-08-17,1,2,11,57.32176
2023-08-17,1,3,285,262.10287
2023-08-17,1,4,156,177.9151
2023-08-17,1,5,27,17.431093
2023-08-17,1,6,107,89.316795
2023-08-17,1,7,178,151.23589
2023-08-17,1,8,42,31.538433
2023-08-17,1,9,341,320.68283
2023-08-17,1,10,300,255.18796
2023-08-17,1,11,37,36.62029
2023-08-17,1,12,13,42.575367
2023-08-17,1,13,75,41.731567
2023-08-17,1,14,134,165.72028
2023-08-17,1,15,167,163.26471
2023-08-17,1,16,158,187.03569
2023-08-17,1,17,322,296.88245
2023-08-17,1,18,157,169.72037
2023-08-17,1,19,183,185.95056
2023-08-17,1,20,160,154.26575
2023-08-17,2,1,61,43.33849
2023-08-17,2,2,25,49.122242
2023-08-17,2,3,375,337.205
2023-08-17,2,4,14,44.080173
2023-08-17,2,5,249,209.39946
2023-08-17,2,6,97,76.4556
2023-08-17,2,7,211,189.38228
2023-08-17,2,8,36,30.121614
2023-08-17,2,9,70,163.69357
2023-08-17,2,10,236,225.47345
2023-08-17,2,11,300,257.12222
2023-08-17,2,12,159,103.800224
2023-08-17,2,13,65,113.64104
2023-08-17,2,14,248,236.9014
2023-08-17,2,15,34,109.66482
2023-08-17,2,16,0,42.874504
2023-08-17,2,17,57,147.4356
2023-08-17,2,18,44,45.94288
2023-08-17,2,19,76,76.272285
2023-08-17,2,20,51,37.870033
2023-08-17,3,1,42,38.46738
2023-08-17,3,2,50,61.682755
2023-08-17,3,3,91,61.22241
2023-08-17,3,4,225,227.22005
2023-08-17,3,5,382,337.5335
2023-08-17,3,6,53,127.93951
2023-08-17,3,7,63,119.5027
2023-08-17,3,8,76,47.483654
2023-08-17,3,9,158,110.14526
2023-08-17,3,10,45,43.424335
2023-08-17,3,11,200,194.93057
2023-08-17,3,12,20,51.945614
2023-08-17,3,13,367,301.10034
2023-08-17,3,14,179,175.41017
2023-08-17,3,15,221,205.10646
2023-08-17,3,16,9,46.030895
2023-08-17,3,17,109,101.9993
2023-08-17,3,18,170,176.77058
2023-08-17,3,19,253,248.6685
2023-08-17,3,20,160,161.82411
2023-08-17,4,1,191,170.78941
2023-08-17,4,2,139,200.05829
2023-08-17,4,3,272,257.8343
2023-08-17,4,4,30,49.96152
2023-08-17,4,5,61,38.049107
2023-08-17,4,6,202,197.8872
2023-08-17,4,7,38,37.639214
2023-08-17,4,8,304,257.4324
2023-08-17,4,9,51,70.872345
2023-08-17,4,10,35,44.028175
2023-08-17,4,11,261,248.0696
2023-08-17,4,12,109,82.885796
2023-08-17,4,13,90,55.429653
2023-08-17,4,14,28,29.799885
2023-08-17,4,15,339,303.01285
2023-08-17,4,16,2,29.392563
2023-08-17,4,17,24,56.018665
2023-08-17,4,18,316,292.6894
2023-08-17,4,19,87,60.864212
2023-08-17,4,20,70,121.15344
2023-08-17,5,1,78,134.68564
2023-08-17,5,2,358,328.16382
2023-08-17,5,3,201,204.81638
2023-08-17,5,4,52,61.908855
2023-08-17,5,5,38,49.942974
2023-08-17,5,6,1,43.238567
2023-08-17,5,7,7,40.373627
2023-08-17,5,8,4,33.84752
2023-08-17,5,9,64,62.797367
2023-08-17,5,10,262,249.18121
2023-08-17,5,11,183,181.84636
2023-08-17,5,12,52,49.976185
2023-08-17,5,13,153,97.70708
2023-08-17,5,14,24,39.317345
2023-08-17,5,15,74,49.30745
2023-08-17,5,16,52,28.785625
2023-08-17,5,17,13,51.469883
2023-08-17,5,18,18,36.731213
2023-08-17,5,19,38,42.064693
2023-08-17,5,20,146,159.32826
2023-08-18,1,1,293,261.66278
2023-08-18,1,2,70,63.94196
2023-08-18,1,3,112,164.33754
2023-08-18,1,4,1,28.542494
2023-08-18,1,5,188,193.62646
2023-08-18,1,6,38,26.34331
2023-08-18,1,7,90,134.38144
2023-08-18,1,8,203,186.34209
2023-08-18,1,9,124,83.09689
2023-08-18,1,10,326,314.2597
2023-08-18,1,11,121,87.200966
2023-08-18,1,12,42,49.801678
2023-08-18,1,13,183,182.7435
2023-08-18,1,14,42,28.822386
2023-08-18,1,15,318,313.69766
2023-08-18,1,16,334,294.92273
2023-08-18,1,17,350,292.91473
2023-08-18,1,18,276,256.78763
2023-08-18,1,19,2,46.33587
2023-08-18,1,20,69,121.826416
2023-08-18,2,1,91,48.918728
2023-08-18,2,2,135,161.83315
2023-08-18,2,3,45,49.016895
2023-08-18,2,4,339,302.04483
2023-08-18,2,5,319,308.2787
2023-08-18,2,6,61,41.184673
2023-08-18,2,7,265,234.30804
2023-08-18,2,8,228,219.23758
2023-08-18,2,9,434,369.39597
2023-08-18,2,10,63,59.56001
2023-08-18,2,11,108,76.4502
2023-08-18,2,12,42,25.598242
2023-08-18,2,13,119,99.24016
2023-08-18,2,14,232,215.1664
2023-08-18,2,15,421,322.84015
2023-08-18,2,16,251,233.07378
2023-08-18,2,17,226,221.86421
2023-08-18,2,18,184,186.61694
2023-08-18,2,19,76,68.99647
2023-08-18,2,20,66,108.81796
2023-08-18,3,1,146,162.57195
2023-08-18,3,2,174,173.99356
2023-08-18,3,3,42,55.72409
2023-08-18,3,4,11,41.536453
2023-08-18,3,5,0,57.046043
2023-08-18,3,6,62,110.11551
2023-08-18,3,7,273,253.67006
2023-08-18,3,8,169,191.64084
2023-08-18,3,9,32,38.92989
2023-08-18,3,10,106,166.63155
2023-08-18,3,11,34,45.20478
2023-08-18,3,12,38,29.501308
2023-08-18,3,13,163,178.68681
2023-08-18,3,14,99,169.94133
2023-08-18,3,15,28,53.20031
2023-08-18,3,16,87,84.40605
2023-08-18,3,17,311,279.31494
2023-08-18,3,18,74,79.26193
2023-08-18,3,19,1,37.214214
2023-08-18,3,20,134,62.24356
2023-08-18,4,1,23,31.110064
2023-08-18,4,2,115,164.48933
2023-08-18,4,3,66,55.174137
2023-08-18,4,4,138,87.536705
2023-08-18,4,5,23,51.44252
2023-08-18,4,6,240,210.57423
2023-08-18,4,7,8,41.423267
2023-08-18,4,8,239,233.39368
2023-08-18,4,9,139,105.63761
2023-08-18,4,10,200,192.39905
2023-08-18,4,11,7,49.96907
2023-08-18,4,12,165,72.195496
2023-08-18,4,13,67,73.266525
2023-08-18,4,14,232,211.1387
2023-08-18,4,15,12,73.09867
2023-08-18,4,16,55,127.165764
2023-08-18,4,17,288,283.62213
2023-08-18,4,18,371,323.881
2023-08-18,4,19,344,296.83255
2023-08-18,4,20,46,30.581469
2023-08-18,5,1,98,154.5154
2023-08-18,5,2,252,248.59258
2023-08-18,5,3,106,159.44412
2023-08-18,5,4,11,48.368397
2023-08-18,5,5,3,47.765324
2023-08-18,5,6,78,53.325447
2023-08-18,5,7,282,239.20956
2023-08-18,5,8,360,322.53375
2023-08-18,5,9,201,208.72675
2023-08-18,5,10,18,48.671436
2023-08-18,5,11,61,47.567883
2023-08-18,5,12,30,16.487976
2023-08-18,5,13,37,24.50057
2023-08-18,5,14,402,336.79498
2023-08-18,5,15,41,61.526844
2023-08-18,5,16,97,90.424385
2023-08-18,5,17,2,55.60602
2023-08-18,5,18,287,269.95212
2023-08-18,5,19,108,77.63953
2023-08-18,5,20,207,165.82251
2023-08-19,1,1,39,37.41305
2023-08-19,1,2,102,71.19893
2023-08-19,1,3,253,216.82576
2023-08-19,1,4,3,59.667885
2023-08-19,1,5,43,32.392506
2023-08-19,1,6,15,27.902054
2023-08-19,1,7,32,38.026405
2023-08-19,1,8,57,45.01799
2023-08-19,1,9,92,159.16199
2023-08-19,1,10,249,244.51714
2023-08-19,1,11,35,33.809444
2023-08-19,1,12,201,182.937
2023-08-19,1,13,22,25.042442
2023-08-19,1,14,250,245.05353
2023-08-19,1,15,249,242.11311
2023-08-19,1,16,68,61.35314
2023-08-19,1,17,185,180.70372
2023-08-19,1,18,78,70.87111
2023-08-19,1,19,208,197.24896
2023-08-19,1,20,141,83.03672
2023-08-19,2,1,107,81.970276
2023-08-19,2,2,81,49.492638
2023-08-19,2,3,54,113.17768
2023-08-19,2,4,286,258.9725
2023-08-19,2,5,51,129.40746
2023-08-19,2,6,4,34.774643
2023-08-19,2,7,29,53.882996
2023-08-19,2,8,254,250.03166
2023-08-19,2,9,267,245.78436
2023-08-19,2,10,57,44.405598
2023-08-19,2,11,285,261.86212
2023-08-19,2,12,150,151.71808
2023-08-19,2,13,31,105.43923
2023-08-19,2,14,113,173.9388
2023-08-19,2,15,267,251.15866
2023-08-19,2,16,404,335.83398
2023-08-19,2,17,0,64.5042
2023-08-19,2,18,83,166.20993
2023-08-19,2,19,93,143.90071
2023-08-19,2,20,148,157.79227
2023-08-19,3,1,42,21.646275
2023-08-19,3,2,124,146.19508
2023-08-19,3,3,61,36.320484
2023-08-19,3,4,216,220.92227
2023-08-19,3,5,136,154.55592
2023-08-19,3,6,160,93.25065
2023-08-19,3,7,116,171.5949
2023-08-19,3,8,55,148.51947
2023-08-19,3,9,103,183.6745
2023-08-19,3,10,168,172.10283
2023-08-19,3,11,362,306.54462
2023-08-19,3,12,313,265.674
2023-08-19,3,13,33,26.015833
2023-08-19,3,14,169,109.11086
2023-08-19,3,15,239,227.93661
2023-08-19,3,16,110,87.06531
2023-08-19,3,17,129,171.26326
2023-08-19,3,18,51,62.9495
2023-08-19,3,19,62,54.103363
2023-08-19,3,20,86,128.38467
2023-08-19,4,1,145,66.80397
2023-08-19,4,2,52,124.41204
2023-08-19,4,3,171,154.1076
2023-08-19,4,4,127,164.07722
2023-08-19,4,5,229,206.6156
2023-08-19,4,6,7,28.620577
2023-08-19,4,7,94,66.7909
2023-08-19,4,8,66,139.65234
2023-08-19,4,9,169,171.60733
2023-08-19,4,10,22,34.444347
2023-08-19,4,11,173,174.94177
2023-08-19,4,12,267,250.5862
2023-08-19,4,13,152,150.53676
2023-08-19,4,14,54,67.543434
2023-08-19,4,15,298,272.26727
2023-08-19,4,16,107,85.339775
2023-08-19,4,17,113,171.13242
2023-08-19,4,18,123,100.211914
2023-08-19,4,19,372,314.40442
2023-08-19,4,20,29,23.714872
2023-08-19,5,1,304,249.26979
2023-08-19,5,2,25,29.467247
2023-08-19,5,3,56,33.531258
2023-08-19,5,4,359,325.43045
2023-08-19,5,5,25,28.621395
2023-08-19,5,6,25,30.247171
2023-08-19,5,7,461,347.75876
2023-08-19,5,8,296,272.6256
2023-08-19,5,9,87,59.76703
2023-08-19,5,10,18,45.105743
2023-08-19,5,11,4,46.511486
2023-08-19,5,12,102,79.028854
2023-08-19,5,13,221,195.47557
2023-08-19,5,14,74,80.987335
2023-08-19,5,15,97,171.6042
2023-08-19,5,16,277,256.38052
2023-08-19,5,17,195,198.93025
2023-08-19,5,18,73,156.77827
2023-08-19,5,19,21,49.679573
2023-08-19,5,20,132,71.44982
2023-08-20,1,1,31,33.6935
2023-08-20,1,2,84,63.88339
2023-08-20,1,3,230,216.86916
2023-08-20,1,4,40,124.264534
2023-08-20,1,5,25,34.990192
2023-08-20,1,6,36,27.670399
2023-08-20,1,7,97,85.7593
2023-08-20,1,8,272,246.777
2023-08-20,1,9,91,69.998436
2023-08-20,1,10,210,177.51103
2023-08-20,1,11,399,351.13403
2023-08-20,1,12,54,61.61245
2023-08-20,1,13,343,284.682
2023-08-20,1,14,280,267.06567
2023-08-20,1,15,47,52.309155
2023-08-20,1,16,242,217.02211
2023-08-20,1,17,389,347.7831
2023-08-20,1,18,117,146.16794
2023-08-20,1,19,183,171.57553
2023-08-20,1,20,42,32.918015
2023-08-20,2,1,37,46.390873
2023-08-20,2,2,89,114.631775
2023-08-20,2,3,124,158.6817
2023-08-20,2,4,136,175.48012
2023-08-20,2,5,76,131.13297
2023-08-20,2,6,322,272.91812
2023-08-20,2,7,244,248.53407
2023-08-20,2,8,459,335.59085
2023-08-20,2,9,185,162.39098
2023-08-20,2,10,143,173.91356
2023-08-20,2,11,136,89.20921
2023-08-20,2,12,42,35.101974
2023-08-20,2,13,479,331.27966
2023-08-20,2,14,216,219.5869
2023-08-20,2,15,159,185.33032
2023-08-20,2,16,45,48.109104
2023-08-20,2,17,308,273.72653
2023-08-20,2,18,163,141.94273
2023-08-20,2,19,31,46.370872
2023-08-20,2,20,116,137.14452
2023-08-20,3,1,61,123.62115
2023-08-20,3,2,375,337.63672
2023-08-20,3,3,107,75.62744
2023-08-20,3,4,44,45.71129
2023-08-20,3,5,71,55.24025
2023-08-20,3,6,84,133.16986
2023-08-20,3,7,42,133.02142
2023-08-20,3,8,225,231.5754
2023-08-20,3,9,53,32.666756
2023-08-20,3,10,242,200.32558
2023-08-20,3,11,38,72.997635
2023-08-20,3,12,72,65.27162
2023-08-20,3,13,27,43.197952
2023-08-20,3,14,92,55.97836
2023-08-20,3,15,81,128.34744
2023-08-20,3,16,338,315.7695
2023-08-20,3,17,49,40.26665
2023-08-20,3,18,58,36.470127
2023-08-20,3,19,362,329.55545
2023-08-20,3,20,200,158.52527
2023-08-20,4,1,315,269.29138
2023-08-20,4,2,97,157.00511
2023-08-20,4,3,183,157.69896
2023-08-20,4,4,7,43.72911
2023-08-20,4,5,34,25.62462
2023-08-20,4,6,183,174.1429
2023-08-20,4,7,147,112.52562
2023-08-20,4,8,71,175.51164
2023-08-20,4,9,135,139.8147
2023-08-20,4,10,15,35.91763
2023-08-20,4,11,151,119.25882
2023-08-20,4,12,20,48.92999
2023-08-20,4,13,4,60.533234
2023-08-20,4,14,240,220.99236
2023-08-20,4,15,357,330.76056
2023-08-20,4,16,20,44.85373
2023-08-20,4,17,113,178.76245
2023-08-20,4,18,114,63.065434
2023-08-20,4,19,301,281.5811
2023-08-20,4,20,188,155.98119
2023-08-20,5,1,89,149.87624
2023-08-20,5,2,70,76.20472
2023-08-20,5,3,145,74.69847
2023-08-20,5,4,28,43.20368
2023-08-20,5,5,128,138.80772
2023-08-20,5,6,94,133.8368
2023-08-20,5,7,47,60.88252
2023-08-20,5,8,68,91.21232
2023-08-20,5,9,134,64.38726
2023-08-20,5,10,23,33.41837
2023-08-20,5,11,14,55.42375
2023-08-20,5,12,191,160.39163
2023-08-20,5,13,50,136.39244
2023-08-20,5,14,25,127.62387
2023-08-20,5,15,41,46.91161
2023-08-20,5,16,63,61.71827
2023-08-20,5,17,20,57.36656
2023-08-20,5,18,56,106.88423
2023-08-20,5,19,137,181.75897
2023-08-20,5,20,110,150.94339
2023-08-21,1,1,115,162.81696
2023-08-21,1,2,154,94.2514
2023-08-21,1,3,102,66.4392
2023-08-21,1,4,31,56.412056
2023-08-21,1,5,142,148.75464
2023-08-21,1,6,115,159.10356
2023-08-21,1,7,244,246.54716
2023-08-21,1,8,226,242.05725
2023-08-21,1,9,112,73.53724
2023-08-21,1,10,48,108.75979
2023-08-21,1,11,7,48.494476
2023-08-21,1,12,387,321.56277
2023-08-21,1,13,132,184.93535
2023-08-21,1,14,45,118.351715
2023-08-21,1,15,392,370.91443
2023-08-21,1,16,19,52.363174
2023-08-21,1,17,280,258.4952
2023-08-21,1,18,41,32.58589
2023-08-21,1,19,23,52.739716
2023-08-21,1,20,25,23.247675
2023-08-21,2,1,17,48.948956
2023-08-21,2,2,186,99.959625
2023-08-21,2,3,56,29.800858
2023-08-21,2,4,70,38.537296
2023-08-21,2,5,28,22.743362
2023-08-21,2,6,14,44.815754
2023-08-21,2,7,196,192.87364
2023-08-21,2,8,56,150.52245
2023-08-21,2,9,36,34.05148
2023-08-21,2,10,217,208.28008
2023-08-21,2,11,92,68.56284
2023-08-21,2,12,181,172.63437
2023-08-21,2,13,65,65.08002
2023-08-21,2,14,277,237.54921
2023-08-21,2,15,209,208.39975
2023-08-21,2,16,273,243.55147
2023-08-21,2,17,241,230.80278
2023-08-21,2,18,70,47.43031
2023-08-21,2,19,33,60.014313
2023-08-21,2,20,48,28.540176
2023-08-21,3,1,26,36.0157
2023-08-21,3,2,146,183.64624
2023-08-21,3,3,0,32.738674
2023-08-21,3,4,25,18.936872
2023-08-21,3,5,38,22.257395
2023-08-21,3,6,10,54.00589
2023-08-21,3,7,29,39.814003
2023-08-21,3,8,138,190.12833
2023-08-21,3,9,287,266.65518
2023-08-21,3,10,137,82.52666
2023-08-21,3,11,73,126.63771
2023-08-21,3,12,202,205.26964
2023-08-21,3,13,71,84.0514
2023-08-21,3,14,401,356.89258
2023-08-21,3,15,16,70.16897
2023-08-21,3,16,117,84.920494
2023-08-21,3,17,289,271.84326
2023-08-21,3,18,274,237.37433
2023-08-21,3,19,100,99.31938
2023-08-21,3,20,69,50.924686
2023-08-21,4,1,149,95.357315
2023-08-21,4,2,186,176.40044
2023-08-21,4,3,163,84.880356
2023-08-21,4,4,7,17.358225
2023-08-21,4,5,211,167.54793
2023-08-21,4,6,99,77.21751
2023-08-21,4,7,154,170.55246
2023-08-21,4,8,146,163.85536
2023-08-21,4,9,280,238.24753
2023-08-21,4,10,105,154.08131
2023-08-21,4,11,42,29.019468
2023-08-21,4,12,161,172.58401
2023-08-21,4,13,133,144.81015
2023-08-21,4,14,334,318.43622
2023-08-21,4,15,15,66.999054
2023-08-21,4,16,256,247.26286
2023-08-21,4,17,138,71.29318
2023-08-21,4,18,99,148.23369
2023-08-21,4,19,36,49.849556
2023-08-21,4,20,73,50.29467
2023-08-21,5,1,44,32.748173
2023-08-21,5,2,125,138.4179
2023-08-21,5,3,44,30.06547
2023-08-21,5,4,119,137.69102
2023-08-21,5,5,33,26.03563
2023-08-21,5,6,38,31.199963
2023-08-21,5,7,205,194.80347
2023-08-21,5,8,50,39.54816
2023-08-21,5,9,11,39.231598
2023-08-21,5,10,81,49.9113
2023-08-21,5,11,92,39.84355
2023-08-21,5,12,53,58.106255
2023-08-21,5,13,26,30.073462
2023-08-21,5,14,32,60.344025
2023-08-21,5,15,16,65.88901
2023-08-21,5,16,72,142.1981
2023-08-21,5,17,25,47.192024
2023-08-21,5,18,125,155.9529
2023-08-21,5,19,320,303.33804
2023-08-21,5,20,1,34.4926
2023-08-22,1,1,143,140.80725
2023-08-22,1,2,152,152.40953
2023-08-22,1,3,153,84.712845
2023-08-22,1,4,55,29.689709
2023-08-22,1,5,39,23.110266
2023-08-22,1,6,108,137.85274
2023-08-22,1,7,245,243.46217
2023-08-22,1,8,23,29.311543
2023-08-22,1,9,96,62.533543
2023-08-22,1,10,382,342.87445
2023-08-22,1,11,27,18.14225
2023-08-22,1,12,166,191.48659
2023-08-22,1,13,159,144.28995
2023-08-22,1,14,23,57.68988
2023-08-22,1,15,44,65.1787
2023-08-22,1,16,24,45.481956
2023-08-22,1,17,17,48.12976
2023-08-22,1,18,33,39.734074
2023-08-22,1,19,395,343.8661
2023-08-22,1,20,179,147.01965
2023-08-22,2,1,84,48.354244
2023-08-22,2,2,33,22.909575
2023-08-22,2,3,34,42.34033
2023-08-22,2,4,35,36.92524
2023-08-22,2,5,227,208.26645
2023-08-22,2,6,41,99.19096
2023-08-22,2,7,42,128.136
2023-08-22,2,8,28,37.54626
2023-08-22,2,9,50,37.936813
2023-08-22,2,10,15,41.692738
2023-08-22,2,11,3,11.754768
2023-08-22,2,12,110,176.59525
2023-08-22,2,13,217,189.52843
2023-08-22,2,14,2,70.20947
2023-08-22,2,15,49,57.6685
2023-08-22,2,16,147,163.19125
2023-08-22,2,17,87,71.41588
2023-08-22,2,18,41,34.11911
2023-08-22,2,19,60,55.343616
2023-08-22,2,20,77,46.80472
2023-08-22,3,1,209,181.30243
2023-08-22,3,2,20,31.6803
2023-08-22,3,3,101,144.5985
2023-08-22,3,4,214,177.3258
2023-08-22,3,5,66,115.76396
2023-08-22,3,6,19,24.897945
2023-08-22,3,7,149,165.9745
2023-08-22,3,8,48,23.02484
2023-08-22,3,9,89,73.3882
2023-08-22,3,10,214,210.52596
2023-08-22,3,11,335,291.27048
2023-08-22,3,12,220,211.69595
2023-08-22,3,13,268,237.69186
2023-08-22,3,14,171,184.05077
2023-08-22,3,15,59,42.976875
2023-08-22,3,16,127,80.74082
2023-08-22,3,17,249,242.82722
2023-08-22,3,18,83,56.831142
2023-08-22,3,19,408,365.3287
2023-08-22,3,20,10,16.744827
2023-08-22,4,1,168,154.15851
2023-08-22,4,2,138,151.60214
2023-08-22,4,3,179,154.80338
2023-08-22,4,4,39,27.69858
2023-08-22,4,5,228,201.96432
2023-08-22,4,6,188,168.20856
2023-08-22,4,7,93,117.06086
2023-08-22,4,8,69,121.74541
2023-08-22,4,9,197,192.75189
2023-08-22,4,10,75,148.91934
2023-08-22,4,11,149,89.64061
2023-08-22,4,12,56,43.054646
2023-08-22,4,13,0,41.965603
2023-08-22,4,14,300,283.69604
2023-08-22,4,15,130,140.0938
2023-08-22,4,16,218,210.64404
2023-08-22,4,17,160,181.26869
2023-08-22,4,18,127,155.32141
2023-08-22,4,19,133,177.85693
2023-08-22,4,20,133,143.26642
2023-08-22,5,1,29,28.7258
2023-08-22,5,2,18,27.319223
2023-08-22,5,3,42,109.63097
2023-08-22,5,4,3,27.747309
2023-08-22,5,5,27,30.354399
2023-08-22,5,6,178,158.97867
2023-08-22,5,7,190,171.31804
2023-08-22,5,8,84,45.91249
2023-08-22,5,9,37,36.268795
2023-08-22,5,10,330,310.43552
2023-08-22,5,11,200,190.02733
2023-08-22,5,12,30,22.805391
2023-08-22,5,13,170,161.58275
2023-08-22,5,14,247,241.21048
2023-08-22,5,15,58,39.119503
2023-08-22,5,16,83,48.41391
2023-08-22,5,17,196,191.44705
2023-08-22,5,18,62,33.63415
2023-08-22,5,19,378,357.72034
2023-08-22,5,20,220,204.64531
2023-08-23,1,1,33,26.419899
2023-08-23,1,2,261,235.58243
2023-08-23,1,3,203,168.33646
2023-08-23,1,4,89,55.362247
2023-08-23,1,5,179,150.39955
2023-08-23,1,6,78,51.06965
2023-08-23,1,7,29,36.010277
2023-08-23,1,8,109,51.849686
2023-08-23,1,9,32,27.732975
2023-08-23,1,10,41,43.327366
2023-08-23,1,11,383,357.7923
2023-08-23,1,12,30,33.915947
2023-08-23,1,13,42,41.79224
2023-08-23,1,14,14,51.298653
2023-08-23,1,15,333,284.6363
2023-08-23,1,16,73,50.39762
2023-08-23,1,17,44,47.004025
2023-08-23,1,18,273,221.44533
2023-08-23,1,19,216,233.45769
2023-08-23,1,20,78,54.425983
2023-08-23,2,1,65,29.871527
2023-08-23,2,2,105,151.56805
2023-08-23,2,3,85,43.583145
2023-08-23,2,4,21,39.06033
2023-08-23,2,5,287,263.92715
2023-08-23,2,6,110,129.34889
2023-08-23,2,7,244,228.15271
2023-08-23,2,8,252,217.81299
2023-08-23,2,9,194,160.82167
2023-08-23,2,10,150,180.05566
2023-08-23,2,11,23,42.399044
2023-08-23,2,12,237,211.12843
2023-08-23,2,13,96,142.67534
2023-08-23,2,14,113,88.02681
2023-08-23,2,15,171,160.25285
2023-08-23,2,16,6,34.183674
2023-08-23,2,17,276,248.88176
2023-08-23,2,18,440,344.58807
2023-08-23,2,19,177,206.90942
2023-08-23,2,20,160,90.10014
2023-08-23,3,1,307,269.311
2023-08-23,3,2,85,60.246403
2023-08-23,3,3,17,26.862423
2023-08-23,3,4,286,252.35179
2023-08-23,3,5,230,211.61917
2023-08-23,3,6,452,348.94888
2023-08-23,3,7,226,213.83603
2023-08-23,3,8,99,138.77963
2023-08-23,3,9,72,47.177628
2023-08-23,3,10,177,183.69041
2023-08-23,3,11,160,191.88002
2023-08-23,3,12,202,193.29945
2023-08-23,3,13,208,193.83336
2023-08-23,3,14,327,302.4424
2023-08-23,3,15,342,307.85886
2023-08-23,3,16,419,339.62247
2023-08-23,3,17,121,165.37297
2023-08-23,3,18,77,154.09615
2023-08-23,3,19,195,208.33981
2023-08-23,3,20,43,34.59805
2023-08-23,4,1,45,36.19491
2023-08-23,4,2,31,46.073803
2023-08-23,4,3,385,348.19888
2023-08-23,4,4,124,147.51369
2023-08-23,4,5,94,73.09808
2023-08-23,4,6,245,225.0376
2023-08-23,4,7,50,47.373363
2023-08-23,4,8,3,33.993214
2023-08-23,4,9,44,39.391685
2023-08-23,4,10,147,184.76286
2023-08-23,4,11,350,321.0089
2023-08-23,4,12,162,172.3947
2023-08-23,4,13,76,71.58977
2023-08-23,4,14,39,43.55751
2023-08-23,4,15,314,266.426
2023-08-23,4,16,172,167.05055
2023-08-23,4,17,142,170.63106
2023-08-23,4,18,66,145.17435
2023-08-23,4,19,133,173.03275
2023-08-23,4,20,371,308.93896
2023-08-23,5,1,215,189.47612
2023-08-23,5,2,115,146.89032
2023-08-23,5,3,65,51.666306
2023-08-23,5,4,144,166.69177
2023-08-23,5,5,306,278.63922
2023-08-23,5,6,320,313.9282
2023-08-23,5,7,26,39.587532
2023-08-23,5,8,40,31.956282
2023-08-23,5,9,354,311.71625
2023-08-23,5,10,26,37.90247
2023-08-23,5,11,204,190.75787
2023-08-23,5,12,151,169.92953
2023-08-23,5,13,2,37.054745
2023-08-23,5,14,4,48.55753
2023-08-23,5,15,112,82.37029
2023-08-23,5,16,90,157.30966
2023-08-23,5,17,58,42.10735
2023-08-23,5,18,123,171.23495
2023-08-23,5,19,171,184.63875
2023-08-23,5,20,160,172.3221
2023-08-24,1,1,244,232.99153
2023-08-24,1,2,83,50.58131
2023-08-24,1,3,121,83.57637
2023-08-24,1,4,74,139.68105
2023-08-24,1,5,92,57.379086
2023-08-24,1,6,149,189.98807
2023-08-24,1,7,11,43.63054
2023-08-24,1,8,84,50.190582
2023-08-24,1,9,114,71.74177
2023-08-24,1,10,214,194.21829
2023-08-24,1,11,92,149.78152
2023-08-24,1,12,200,192.65532
2023-08-24,1,13,16,30.063623
2023-08-24,1,14,27,47.920067
2023-08-24,1,15,27,60.790646
2023-08-24,1,16,352,323.86703
2023-08-24,1,17,223,220.14235
2023-08-24,1,18,234,249.0213
2023-08-24,1,19,142,183.13759
2023-08-24,1,20,275,249.72649
2023-08-24,2,1,51,40.257023
2023-08-24,2,2,86,50.34863
2023-08-24,2,3,7,40.483955
2023-08-24,2,4,157,86.95041
2023-08-24,2,5,56,52.225082
2023-08-24,2,6,230,242.88925
2023-08-24,2,7,361,317.1707
2023-08-24,2,8,195,178.4367
2023-08-24,2,9,99,155.68404
2023-08-24,2,10,200,178.40468
2023-08-24,2,11,377,345.0703
2023-08-24,2,12,60,121.48461
2023-08-24,2,13,70,41.774696
2023-08-24,2,14,332,305.2615
2023-08-24,2,15,83,154.99135
2023-08-24,2,16,29,56.276726
2023-08-24,2,17,76,55.94511
2023-08-24,2,18,265,252.77583
2023-08-24,2,19,405,314.40674
2023-08-24,2,20,16,45.97665
2023-08-24,3,1,86,150.88129
2023-08-24,3,2,313,258.56445
2023-08-24,3,3,72,137.00108
2023-08-24,3,4,37,41.777336
2023-08-24,3,5,175,177.56195
2023-08-24,3,6,110,100.58375
2023-08-24,3,7,61,130.27834
2023-08-24,3,8,370,329.96323
2023-08-24,3,9,184,182.81606
2023-08-24,3,10,201,186.42401
2023-08-24,3,11,65,52.820847
2023-08-24,3,12,141,165.59016
2023-08-24,3,13,34,35.280228
2023-08-24,3,14,37,42.7942
2023-08-24,3,15,21,50.9902
2023-08-24,3,16,145,183.49011
2023-08-24,3,17,11,35.920868
2023-08-24,3,18,83,74.50257
2023-08-24,3,19,116,85.27818
2023-08-24,3,20,43,52.984673
2023-08-24,4,1,64,55.329773
2023-08-24,4,2,119,62.113358
2023-08-24,4,3,60,59.517628
2023-08-24,4,4,201,186.71652
2023-08-24,4,5,25,45.17417
2023-08-24,4,6,364,327.81372
2023-08-24,4,7,366,321.63043
2023-08-24,4,8,100,78.62738
2023-08-24,4,9,8,39.2212
2023-08-24,4,10,6,38.736774
2023-08-24,4,11,79,157.91406
2023-08-24,4,12,121,66.99408
2023-08-24,4,13,191,147.59988
2023-08-24,4,14,189,192.40434
2023-08-24,4,15,66,135.32295
2023-08-24,4,16,356,322.76254
2023-08-24,4,17,309,271.64288
2023-08-24,4,18,28,41.60306
2023-08-24,4,19,298,272.01245
2023-08-24,4,20,19,51.922676
2023-08-24,5,1,19,36.11145
2023-08-24,5,2,99,157.52367
2023-08-24,5,3,281,253.60352
2023-08-24,5,4,196,183.9337
2023-08-24,5,5,72,60.49797
2023-08-24,5,6,323,286.8762
2023-08-24,5,7,59,53.35134
2023-08-24,5,8,109,166.62265
2023-08-24,5,9,171,179.9896
2023-08-24,5,10,407,344.65744
2023-08-24,5,11,13,57.97064
2023-08-24,5,12,413,327.84036
2023-08-24,5,13,180,82.41164
2023-08-24,5,14,180,121.74064
2023-08-24,5,15,122,155.15161
2023-08-24,5,16,32,44.26818
2023-08-24,5,17,127,78.250916
2023-08-24,5,18,57,120.77655
2023-08-24,5,19,203,203.56651
2023-08-24,5,20,46,52.482533
2023-08-25,1,1,92,61.29319
2023-08-25,1,2,12,35.53182
2023-08-25,1,3,88,122.08299
2023-08-25,1,4,139,157.05331
2023-08-25,1,5,7,33.97138
2023-08-25,1,6,69,68.23657
2023-08-25,1,7,216,248.49591
2023-08-25,1,8,115,82.56995
2023-08-25,1,9,237,231.25249
2023-08-25,1,10,5,53.03918
2023-08-25,1,11,171,182.1216
2023-08-25,1,12,60,138.18547
2023-08-25,1,13,387,340.34238
2023-08-25,1,14,118,91.44954
2023-08-25,1,15,35,97.325005
2023-08-25,1,16,415,369.7536
2023-08-25,1,17,116,91.12247
2023-08-25,1,18,43,43.95526
2023-08-25,1,19,148,190.24074
2023-08-25,1,20,364,294.62033
2023-08-25,2,1,405,328.67078
2023-08-25,2,2,79,62.05664
2023-08-25,2,3,83,130.1982
2023-08-25,2,4,56,43.520126
2023-08-25,2,5,205,160.22516
2023-08-25,2,6,232,233.52522
2023-08-25,2,7,240,234.21277
2023-08-25,2,8,102,87.389336
2023-08-25,2,9,311,262.12582
2023-08-25,2,10,60,75.97537
2023-08-25,2,11,119,88.737305
2023-08-25,2,12,151,187.77803
2023-08-25,2,13,220,232.67029
2023-08-25,2,14,1,48.918507
2023-08-25,2,15,216,198.56616
2023-08-25,2,16,48,143.50948
2023-08-25,2,17,72,66.04578
2023-08-25,2,18,175,160.24916
2023-08-25,2,19,308,270.79733
2023-08-25,2,20,33,29.070517
2023-08-25,3,1,314,273.54382
2023-08-25,3,2,125,165.88686
2023-08-25,3,3,70,58.844875
2023-08-25,3,4,29,106.74656
2023-08-25,3,5,137,148.09877
2023-08-25,3,6,43,64.182495
2023-08-25,3,7,140,191.64497
2023-08-25,3,8,5,46.43998
2023-08-25,3,9,33,37.141453
2023-08-25,3,10,8,64.01861
2023-08-25,3,11,51,52.53197
2023-08-25,3,12,221,236.61409
2023-08-25,3,13,171,175.49934
2023-08-25,3,14,98,160.00139
2023-08-25,3,15,41,24.471169
2023-08-25,3,16,27,65.83897
2023-08-25,3,17,80,126.37194
2023-08-25,3,18,143,85.50904
2023-08-25,3,19,137,83.39899
2023-08-25,3,20,350,304.90292
2023-08-25,4,1,182,173.99837
2023-08-25,4,2,60,121.25669
2023-08-25,4,3,66,120.86667
2023-08-25,4,4,84,42.877815
2023-08-25,4,5,273,239.43547
2023-08-25,4,6,386,347.75427
2023-08-25,4,7,164,184.84337
2023-08-25,4,8,127,160.77618
2023-08-25,4,9,61,56.27222
2023-08-25,4,10,23,55.480427
2023-08-25,4,11,112,64.18933
2023-08-25,4,12,57,66.02723
2023-08-25,4,13,121,161.5124
2023-08-25,4,14,32,25.654049
2023-08-25,4,15,21,105.29178
2023-08-25,4,16,185,179.50964
2023-08-25,4,17,115,84.03433
2023-08-25,4,18,7,37.018955
2023-08-25,4,19,55,64.03594
2023-08-25,4,20,44,47.792717
2023-08-25,5,1,251,250.66122
2023-08-25,5,2,171,149.95906
2023-08-25,5,3,66,122.57765
2023-08-25,5,4,156,156.13257
2023-08-25,5,5,37,33.44511
2023-08-25,5,6,93,75.039375
2023-08-25,5,7,99,88.33858
2023-08-25,5,8,138,141.90749
2023-08-25,5,9,296,281.9787
2023-08-25,5,10,43,53.586277
2023-08-25,5,11,19,32.582405
2023-08-25,5,12,93,81.789215
2023-08-25,5,13,86,69.95048
2023-08-25,5,14,53,36.96822
2023-08-25,5,15,87,47.841396
2023-08-25,5,16,54,62.00372
2023-08-25,5,17,176,169.89331
2023-08-25,5,18,90,49.772392
2023-08-25,5,19,169,181.91022
2023-08-25,5,20,54,67.00894
2023-08-26,1,1,150,197.89207
2023-08-26,1,2,58,109.39266
2023-08-26,1,3,14,35.633297
2023-08-26,1,4,255,216.89314
2023-08-26,1,5,72,59.381912
2023-08-26,1,6,2,68.18603
2023-08-26,1,7,66,47.171654
2023-08-26,1,8,360,319.2327
2023-08-26,1,9,201,197.97409
2023-08-26,1,10,216,236.89804
2023-08-26,1,11,272,231.60533
2023-08-26,1,12,137,170.77647
2023-08-26,1,13,29,59.93839
2023-08-26,1,14,82,54.093945
2023-08-26,1,15,386,344.2972
2023-08-26,1,16,139,182.69223
2023-08-26,1,17,40,36.67267
2023-08-26,1,18,41,29.863993
2023-08-26,1,19,16,46.759144
2023-08-26,1,20,438,338.83374
2023-08-26,2,1,81,75.50851
2023-08-26,2,2,10,23.062124
2023-08-26,2,3,64,40.60653
2023-08-26,2,4,39,88.10482
2023-08-26,2,5,4,43.128937
2023-08-26,2,6,22,51.4062
2023-08-26,2,7,75,51.85272
2023-08-26,2,8,203,174.57297
2023-08-26,2,9,300,279.11487
2023-08-26,2,10,4,22.12968
2023-08-26,2,11,112,65.22839
2023-08-26,2,12,203,181.9786
2023-08-26,2,13,87,149.77643
2023-08-26,2,14,104,126.58016
2023-08-26,2,15,170,171.77057
2023-08-26,2,16,90,70.42366
2023-08-26,2,17,56,35.64627
2023-08-26,2,18,218,194.50014
2023-08-26,2,19,167,101.86626
2023-08-26,2,20,23,47.760612
2023-08-26,3,1,213,209.45244
2023-08-26,3,2,36,96.543495
2023-08-26,3,3,283,231.3448
2023-08-26,3,4,74,123.931404
2023-08-26,3,5,140,155.59639
2023-08-26,3,6,406,363.51706
2023-08-26,3,7,70,51.940388
2023-08-26,3,8,115,159.99977
2023-08-26,3,9,36,38.848812
2023-08-26,3,10,96,127.34214
2023-08-26,3,11,225,209.80215
2023-08-26,3,12,58,53.94841
2023-08-26,3,13,99,156.34486
2023-08-26,3,14,275,228.814
2023-08-26,3,15,362,325.7
2023-08-26,3,16,16,30.4992
2023-08-26,3,17,207,166.31514
2023-08-26,3,18,94,53.357094
2023-08-26,3,19,46,46.114254
2023-08-26,3,20,30,54.977722
2023-08-26,4,1,75,67.6467
2023-08-26,4,2,108,63.51688
2023-08-26,4,3,162,84.81593
2023-08-26,4,4,32,106.767815
2023-08-26,4,5,323,293.0067
2023-08-26,4,6,174,188.19847
2023-08-26,4,7,27,20.821901
2023-08-26,4,8,184,182.95676
2023-08-26,4,9,112,170.99023
2023-08-26,4,10,17,24.70918
2023-08-26,4,11,160,88.5306
2023-08-26,4,12,8,39.644535
2023-08-26,4,13,60,33.965206
2023-08-26,4,14,30,27.495056
2023-08-26,4,15,76,73.55427
2023-08-26,4,16,382,324.0051
2023-08-26,4,17,32,26.393492
2023-08-26,4,18,439,341.43585
2023-08-26,4,19,21,31.575327
2023-08-26,4,20,219,235.63179
2023-08-26,5,1,267,249.63147
2023-08-26,5,2,195,169.31624
2023-08-26,5,3,155,169.54532
2023-08-26,5,4,61,45.92145
2023-08-26,5,5,40,22.859655
2023-08-26,5,6,71,161.72627
2023-08-26,5,7,165,83.977135
2023-08-26,5,8,132,86.219955
2023-08-26,5,9,56,66.13761
2023-08-26,5,10,89,48.890106
2023-08-26,5,11,102,164.21005
2023-08-26,5,12,142,86.48069
2023-08-26,5,13,61,31.468336
2023-08-26,5,14,89,138.52878
2023-08-26,5,15,352,348.08524
2023-08-26,5,16,23,41.39629
2023-08-26,5,17,26,29.259531
2023-08-26,5,18,50,41.963463
2023-08-26,5,19,22,35.34208
2023-08-26,5,20,60,59.58632
2023-08-27,1,1,204,185.09865
2023-08-27,1,2,120,140.22028
2023-08-27,1,3,233,220.70496
2023-08-27,1,4,80,49.871094
2023-08-27,1,5,173,161.8678
2023-08-27,1,6,0,46.252747
2023-08-27,1,7,127,137.4455
2023-08-27,1,8,81,74.47756
2023-08-27,1,9,325,300.8893
2023-08-27,1,10,463,331.3947
2023-08-27,1,11,5,43.97743
2023-08-27,1,12,25,39.157894
2023-08-27,1,13,14,17.321821
2023-08-27,1,14,307,262.9961
2023-08-27,1,15,152,178.86674
2023-08-27,1,16,137,161.86804
2023-08-27,1,17,261,230.8835
2023-08-27,1,18,166,177.4057
2023-08-27,1,19,96,56.970863
2023-08-27,1,20,199,200.73013
2023-08-27,2,1,172,83.13655
2023-08-27,2,2,74,44.107224
2023-08-27,2,3,127,83.43663
2023-08-27,2,4,86,56.268333
2023-08-27,2,5,132,172.38402
2023-08-27,2,6,98,167.23073
2023-08-27,2,7,254,227.22733
2023-08-27,2,8,244,239.3418
2023-08-27,2,9,41,33.84102
2023-08-27,2,10,421,342.3728
2023-08-27,2,11,11,38.98154
2023-08-27,2,12,260,237.76965
2023-08-27,2,13,260,218.77245
2023-08-27,2,14,298,256.2087
2023-08-27,2,15,59,74.225876
2023-08-27,2,16,199,197.66154
2023-08-27,2,17,86,52.784668
2023-08-27,2,18,13,57.617294
2023-08-27,2,19,114,76.22327
2023-08-27,2,20,40,52.29955
2023-08-27,3,1,385,331.48816
2023-08-27,3,2,276,240.12308
2023-08-27,3,3,127,74.3982
2023-08-27,3,4,71,55.855915
2023-08-27,3,5,37,45.712704
2023-08-27,3,6,44,49.14721
2023-08-27,3,7,40,28.040129
2023-08-27,3,8,241,209.12283
2023-08-27,3,9,270,255.80368
2023-08-27,3,10,56,59.81128
2023-08-27,3,11,46,102.61783
2023-08-27,3,12,47,40.640255
2023-08-27,3,13,114,65.88226
2023-08-27,3,14,170,187.48294
2023-08-27,3,15,289,278.19595
2023-08-27,3,16,205,197.92693
2023-08-27,3,17,21,43.30515
2023-08-27,3,18,227,242.45094
2023-08-27,3,19,73,122.7559
2023-08-27,3,20,128,157.31827
2023-08-27,4,1,263,239.31693
2023-08-27,4,2,46,29.930037
2023-08-27,4,3,175,85.34642
2023-08-27,4,4,352,301.8793
2023-08-27,4,5,141,169.06989
2023-08-27,4,6,184,101.88933
2023-08-27,4,7,193,178.62631
2023-08-27,4,8,123,120.88112
2023-08-27,4,9,228,218.08899
2023-08-27,4,10,184,202.36401
2023-08-27,4,11,61,48.2442
2023-08-27,4,12,146,89.88773
2023-08-27,4,13,144,94.80374
2023-08-27,4,14,80,80.072685
2023-08-27,4,15,232,224.77077
2023-08-27,4,16,152,111.52315
2023-08-27,4,17,7,48.244267
2023-08-27,4,18,173,107.17764
2023-08-27,4,19,118,63.209026
2023-08-27,4,20,14,43.73253
2023-08-27,5,1,89,71.65707
2023-08-27,5,2,268,239.2848
2023-08-27,5,3,119,63.684814
2023-08-27,5,4,107,65.15324
2023-08-27,5,5,278,249.91777
2023-08-27,5,6,15,34.369766
2023-08-27,5,7,56,124.46328
2023-08-27,5,8,115,80.90147
2023-08-27,5,9,23,51.726727
2023-08-27,5,10,142,119.87747
2023-08-27,5,11,89,119.797554
2023-08-27,5,12,19,44.20664
2023-08-27,5,13,159,159.93721
2023-08-27,5,14,34,51.487835
2023-08-27,5,15,190,179.96896
2023-08-27,5,16,311,275.01358
2023-08-27,5,17,41,111.500465
2023-08-27,5,18,358,331.99185
2023-08-27,5,19,87,50.782444
2023-08-27,5,20,72,55.852055
2023-08-28,1,1,189,174.82695
2023-08-28,1,2,5,37.05005
2023-08-28,1,3,226,193.16138
2023-08-28,1,4,13,41.543186
2023-08-28,1,5,143,85.17491
2023-08-28,1,6,43,29.427956
2023-08-28,1,7,49,39.819473
2023-08-28,1,8,63,117.545876
2023-08-28,1,9,306,271.2972
2023-08-28,1,10,33,65.947266
2023-08-28,1,11,27,27.625727
2023-08-28,1,12,78,65.09048
2023-08-28,1,13,7,34.35297
2023-08-28,1,14,341,308.3851
2023-08-28,1,15,108,174.65332
2023-08-28,1,16,131,155.35835
2023-08-28,1,17,67,74.32623
2023-08-28,1,18,298,279.43713
2023-08-28,1,19,158,151.27872
2023-08-28,1,20,38,36.116707
2023-08-28,2,1,422,344.33154
2023-08-28,2,2,124,155.91295
2023-08-28,2,3,318,299.72397
2023-08-28,2,4,51,119.4531
2023-08-28,2,5,267,238.23022
2023-08-28,2,6,5,32.442215
2023-08-28,2,7,130,160.463
2023-08-28,2,8,358,316.26505
2023-08-28,2,9,164,187.5105
2023-08-28,2,10,17,61.1991
2023-08-28,2,11,333,279.5418
2023-08-28,2,12,349,297.87637
2023-08-28,2,13,55,114.82634
2023-08-28,2,14,35,52.016476
2023-08-28,2,15,16,48.715252
2023-08-28,2,16,71,52.38809
2023-08-28,2,17,58,115.232544
2023-08-28,2,18,66,57.310932
2023-08-28,2,19,59,105.72373
2023-08-28,2,20,367,324.43106
2023-08-28,3,1,79,68.29117
2023-08-28,3,2,49,120.62763
2023-08-28,3,3,15,43.3483
2023-08-28,3,4,26,44.28393
2023-08-28,3,5,67,59.00097
2023-08-28,3,6,132,70.099785
2023-08-28,3,7,3,33.86393
2023-08-28,3,8,105,158.86061
2023-08-28,3,9,323,297.89224
2023-08-28,3,10,276,252.07745
2023-08-28,3,11,115,70.811066
2023-08-28,3,12,226,225.46165
2023-08-28,3,13,109,150.03429
2023-08-28,3,14,90,162.5587
2023-08-28,3,15,353,328.6099
2023-08-28,3,16,80,133.21155
2023-08-28,3,17,256,224.82474
2023-08-28,3,18,18,64.73026
2023-08-28,3,19,266,234.91284
2023-08-28,3,20,31,44.95474
2023-08-28,4,1,410,348.09494
2023-08-28,4,2,42,47.189
2023-08-28,4,3,11,53.170162
2023-08-28,4,4,354,326.07742
2023-08-28,4,5,8,38.126835
2023-08-28,4,6,6,23.137756
2023-08-28,4,7,78,55.510117
2023-08-28,4,8,32,136.74393
2023-08-28,4,9,76,71.13029
2023-08-28,4,10,154,160.1691
2023-08-28,4,11,89,144.07904
2023-08-28,4,12,171,168.99358
2023-08-28,4,13,97,142.97949
2023-08-28,4,14,12,43.593803
2023-08-28,4,15,219,221.62141
2023-08-28,4,16,268,245.46992
2023-08-28,4,17,41,121.251144
2023-08-28,4,18,33,47.486588
2023-08-28,4,19,337,292.74582
2023-08-28,4,20,97,150.53447
2023-08-28,5,1,38,56.496304
2023-08-28,5,2,44,40.790913
2023-08-28,5,3,100,156.69736
2023-08-28,5,4,65,51.310722
2023-08-28,5,5,38,47.380463
2023-08-28,5,6,79,48.502476
2023-08-28,5,7,304,261.31277
2023-08-28,5,8,37,52.561607
2023-08-28,5,9,159,105.40152
2023-08-28,5,10,120,78.45949
2023-08-28,5,11,116,152.9493
2023-08-28,5,12,301,273.2796
2023-08-28,5,13,25,30.717657
2023-08-28,5,14,75,67.64755
2023-08-28,5,15,86,60.822178
2023-08-28,5,16,25,49.979733
2023-08-28,5,17,194,183.71477
2023-08-28,5,18,127,178.99982
2023-08-28,5,19,71,60.557663
2023-08-28,5,20,123,80.64788
2023-08-29,1,1,0,62.05947
2023-08-29,1,2,69,63.499313
2023-08-29,1,3,80,135.56183
2023-08-29,1,4,33,39.183514
2023-08-29,1,5,30,115.663826
2023-08-29,1,6,58,36.90909
2023-08-29,1,7,287,264.87323
2023-08-29,1,8,212,188.47385
2023-08-29,1,9,150,103.15398
2023-08-29,1,10,290,267.06006
2023-08-29,1,11,402,356.62924
2023-08-29,1,12,14,39.213852
2023-08-29,1,13,183,148.77235
2023-08-29,1,14,239,225.27988
2023-08-29,1,15,319,310.93915
2023-08-29,1,16,259,241.22334
2023-08-29,1,17,243,224.79143
2023-08-29,1,18,162,175.13449
2023-08-29,1,19,308,289.23865
2023-08-29,1,20,55,60.195915
2023-08-29,2,1,77,89.9346
2023-08-29,2,2,119,113.93572
2023-08-29,2,3,47,47.69943
2023-08-29,2,4,67,58.564312
2023-08-29,2,5,91,132.85378
2023-08-29,2,6,357,309.40125
2023-08-29,2,7,85,139.58109
2023-08-29,2,8,53,59.72176
2023-08-29,2,9,86,71.20412
2023-08-29,2,10,319,299.5591
2023-08-29,2,11,230,220.29053
2023-08-29,2,12,6,54.714115
2023-08-29,2,13,162,82.45885
2023-08-29,2,14,63,66.30026
2023-08-29,2,15,304,276.6492
2023-08-29,2,16,139,159.92314
2023-08-29,2,17,24,42.913322
2023-08-29,2,18,65,45.11543
2023-08-29,2,19,188,185.02693
2023-08-29,2,20,228,213.5703
2023-08-29,3,1,0,55.03763
2023-08-29,3,2,68,119.08288
2023-08-29,3,3,96,137.6678
2023-08-29,3,4,124,162.00291
2023-08-29,3,5,173,161.72884
2023-08-29,3,6,27,42.337624
2023-08-29,3,7,35,52.001553
2023-08-29,3,8,171,183.83315
2023-08-29,3,9,163,102.16095
2023-08-29,3,10,140,189.24693
2023-08-29,3,11,121,95.56758
2023-08-29,3,12,214,209.24326
2023-08-29,3,13,205,178.9805
2023-08-29,3,14,69,47.699505
2023-08-29,3,15,0,54.01935
2023-08-29,3,16,204,193.72478
2023-08-29,3,17,19,40.577526
2023-08-29,3,18,122,145.68118
2023-08-29,3,19,6,53.082832
2023-08-29,3,20,8,55.90388
2023-08-29,4,1,27,55.230034
2023-08-29,4,2,18,20.269638
2023-08-29,4,3,169,159.64278
2023-08-29,4,4,70,70.19898
2023-08-29,4,5,133,63.540516
2023-08-29,4,6,98,93.715866
2023-08-29,4,7,90,63.505222
2023-08-29,4,8,172,80.890884
2023-08-29,4,9,1,56.177612
2023-08-29,4,10,55,66.90551
2023-08-29,4,11,167,191.3117
2023-08-29,4,12,300,277.94232
2023-08-29,4,13,239,204.40268
2023-08-29,4,14,115,148.77821
2023-08-29,4,15,90,83.16356
2023-08-29,4,16,13,33.453564
2023-08-29,4,17,271,253.63313
2023-08-29,4,18,2,29.55529
2023-08-29,4,19,26,57.212097
2023-08-29,4,20,11,35.150455
2023-08-29,5,1,11,51.83818
2023-08-29,5,2,27,16.14639
2023-08-29,5,3,18,17.754135
2023-08-29,5,4,63,67.2184
2023-08-29,5,5,27,16.88728
2023-08-29,5,6,4,40.506172
2023-08-29,5,7,86,66.04041
2023-08-29,5,8,52,27.27711
2023-08-29,5,9,124,140.73593
2023-08-29,5,10,394,339.05743
2023-08-29,5,11,159,196.5913
2023-08-29,5,12,361,318.20273
2023-08-29,5,13,51,40.337147
2023-08-29,5,14,303,269.7477
2023-08-29,5,15,34,47.07062
2023-08-29,5,16,53,136.05482
2023-08-29,5,17,152,97.442825
2023-08-29,5,18,41,101.580795
2023-08-29,5,19,139,189.46191
2023-08-29,5,20,152,83.467476
2023-08-30,1,1,309,260.4034
2023-08-30,1,2,63,96.4774
2023-08-30,1,3,177,145.77142
2023-08-30,1,4,43,33.819736
2023-08-30,1,5,323,288.71582
2023-08-30,1,6,82,139.68692
2023-08-30,1,7,111,165.48404
2023-08-30,1,8,51,34.033863
2023-08-30,1,9,187,163.2563
2023-08-30,1,10,17,50.391647
2023-08-30,1,11,342,306.89352
2023-08-30,1,12,40,41.35778
2023-08-30,1,13,111,71.26026
2023-08-30,1,14,299,262.84116
2023-08-30,1,15,16,45.702656
2023-08-30,1,16,86,127.54506
2023-08-30,1,17,226,223.03224
2023-08-30,1,18,25,33.21886
2023-08-30,1,19,57,57.43065
2023-08-30,1,20,46,34.8616
2023-08-30,2,1,467,330.45923
2023-08-30,2,2,102,62.209347
2023-08-30,2,3,408,341.78952
2023-08-30,2,4,66,35.727062
2023-08-30,2,5,55,117.765724
2023-08-30,2,6,5,40.518208
2023-08-30,2,7,358,311.74658
2023-08-30,2,8,170,162.50996
2023-08-30,2,9,266,233.70393
2023-08-30,2,10,139,203.03519
2023-08-30,2,11,52,124.09571
2023-08-30,2,12,30,61.139263
2023-08-30,2,13,133,165.60048
2023-08-30,2,14,419,342.20084
2023-08-30,2,15,20,49.30018
2023-08-30,2,16,56,46.245323
2023-08-30,2,17,168,172.17282
2023-08-30,2,18,84,117.934
2023-08-30,2,19,96,151.14655
2023-08-30,2,20,36,32.74795
2023-08-30,3,1,221,229.68489
2023-08-30,3,2,2,37.19775
2023-08-30,3,3,391,349.1384
2023-08-30,3,4,5,8.942808
2023-08-30,3,5,79,145.89838
2023-08-30,3,6,81,130.40498
2023-08-30,3,7,58,34.222733
2023-08-30,3,8,152,92.08668
2023-08-30,3,9,156,161.61858
2023-08-30,3,10,169,185.68051
2023-08-30,3,11,41,51.631725
2023-08-30,3,12,177,190.55342
2023-08-30,3,13,50,26.073362
2023-08-30,3,14,248,234.03267
2023-08-30,3,15,28,53.35855
2023-08-30,3,16,31,39.188366
2023-08-30,3,17,180,170.2005
2023-08-30,3,18,159,68.41979
2023-08-30,3,19,20,35.711414
2023-08-30,3,20,280,241.77245
2023-08-30,4,1,131,173.58795
2023-08-30,4,2,172,147.41832
2023-08-30,4,3,366,316.87317
2023-08-30,4,4,43,25.281313
2023-08-30,4,5,11,41.288635
2023-08-30,4,6,26,19.401646
2023-08-30,4,7,46,44.253902
2023-08-30,4,8,231,216.01845
2023-08-30,4,9,88,52.78144
2023-08-30,4,10,247,246.94496
2023-08-30,4,11,123,168.32953
2023-08-30,4,12,69,73.879074
2023-08-30,4,13,223,202.95251
2023-08-30,4,14,36,151.77296
2023-08-30,4,15,321,301.3149
2023-08-30,4,16,41,101.03822
2023-08-30,4,17,35,36.80729
2023-08-30,4,18,162,150.24307
2023-08-30,4,19,368,307.96994
2023-08-30,4,20,238,203.14435
2023-08-30,5,1,87,85.53954
2023-08-30,5,2,47,39.112083
2023-08-30,5,3,24,54.760025
2023-08-30,5,4,110,62.7038
2023-08-30,5,5,232,210.16554
2023-08-30,5,6,48,27.441631
2023-08-30,5,7,2,45.010216
2023-08-30,5,8,424,334.40524
2023-08-30,5,9,98,156.76604
2023-08-30,5,10,52,59.83147
2023-08-30,5,11,294,275.20905
2023-08-30,5,12,14,135.14182
2023-08-30,5,13,189,151.64868
2023-08-30,5,14,225,250.92159
2023-08-30,5,15,31,44.13689
2023-08-30,5,16,73,119.97149
2023-08-30,5,17,88,64.69087
2023-08-30,5,18,248,221.21379
2023-08-30,5,19,9,43.03728
2023-08-30,5,20,73,75.38088
2023-08-31,1,1,64,83.739006
2023-08-31,1,2,147,160.08762
2023-08-31,1,3,3,60.507774
2023-08-31,1,4,92,122.59473
2023-08-31,1,5,30,34.35407
2023-08-31,1,6,99,68.13357
2023-08-31,1,7,165,159.0594
2023-08-31,1,8,69,56.74185
2023-08-31,1,9,214,179.7389
2023-08-31,1,10,216,233.01263
2023-08-31,1,11,198,192.41856
2023-08-31,1,12,127,148.21083
2023-08-31,1,13,175,156.86859
2023-08-31,1,14,159,127.72329
2023-08-31,1,15,127,156.23816
2023-08-31,1,16,3,13.099802
2023-08-31,1,17,32,40.606236
2023-08-31,1,18,361,312.2372
2023-08-31,1,19,275,245.93448
2023-08-31,1,20,40,116.622696
2023-08-31,2,1,79,104.53535
2023-08-31,2,2,173,157.23822
2023-08-31,2,3,99,103.36959
2023-08-31,2,4,155,149.29079
2023-08-31,2,5,40,113.92954
2023-08-31,2,6,156,73.96611
2023-08-31,2,7,18,47.955914
2023-08-31,2,8,89,156.36522
2023-08-31,2,9,292,263.46774
2023-08-31,2,10,38,33.504837
2023-08-31,2,11,83,71.64171
2023-08-31,2,12,114,54.886353
2023-08-31,2,13,83,37.788647
2023-08-31,2,14,135,100.17473
2023-08-31,2,15,99,79.63852
2023-08-31,2,16,35,26.310226
2023-08-31,2,17,151,90.59618
2023-08-31,2,18,0,41.566456
2023-08-31,2,19,71,66.705315
2023-08-31,2,20,165,178.82677
2023-08-31,3,1,183,186.93164
2023-08-31,3,2,258,234.77182
2023-08-31,3,3,35,52.324978
2023-08-31,3,4,309,256.90762
2023-08-31,3,5,12,23.076597
2023-08-31,3,6,209,178.04842
2023-08-31,3,7,11,55.603294
2023-08-31,3,8,263,255.30757
2023-08-31,3,9,257,237.16583
2023-08-31,3,10,67,49.37153
2023-08-31,3,11,31,39.57433
2023-08-31,3,12,46,31.496042
2023-08-31,3,13,136,144.29605
2023-08-31,3,14,131,179.62006
2023-08-31,3,15,31,47.490425
2023-08-31,3,16,305,260.22784
2023-08-31,3,17,149,160.0585
2023-08-31,3,18,12,53.456806
2023-08-31,3,19,43,48.86968
2023-08-31,3,20,108,168.93582
2023-08-31,4,1,10,26.434504
2023-08-31,4,2,153,166.09575
2023-08-31,4,3,123,100.757256
2023-08-31,4,4,38,28.562225
2023-08-31,4,5,212,187.04762
2023-08-31,4,6,2,24.337963
2023-08-31,4,7,50,100.01674
2023-08-31,4,8,106,174.99544
2023-08-31,4,9,191,170.17053
2023-08-31,4,10,216,209.8519
2023-08-31,4,11,107,161.88963
2023-08-31,4,12,72,119.11593
2023-08-31,4,13,213,166.74799
2023-08-31,4,14,67,133.9386
2023-08-31,4,15,194,175.7876
2023-08-31,4,16,65,132.90164
2023-08-31,4,17,205,172.2374
2023-08-31,4,18,285,278.40854
2023-08-31,4,19,94,78.64775
2023-08-31,4,20,119,162.56065
2023-08-31,5,1,24,33.929035
2023-08-31,5,2,251,235.15074
2023-08-31,5,3,49,56.279766
2023-08-31,5,4,4,44.799248
2023-08-31,5,5,15,45.835285
2023-08-31,5,6,48,21.598476
2023-08-31,5,7,232,196.31616
2023-08-31,5,8,295,282.04684
2023-08-31,5,9,10,51.70715
2023-08-31,5,10,71,68.7141
2023-08-31,5,11,208,195.20094
2023-08-31,5,12,231,187.94627
2023-08-31,5,13,422,346.46567
2023-08-31,5,14,31,29.618587
2023-08-31,5,15,63,130.72871
2023-08-31,5,16,157,88.760994
2023-08-31,5,17,170,132.8109
2023-08-31,5,18,64,57.735584
2023-08-31,5,19,1,43.335644
2023-08-31,5,20,257,241.27994
2023-09-01,1,1,90,37.338535
2023-09-01,1,2,159,163.20007
2023-09-01,1,3,263,232.18196
2023-09-01,1,4,433,351.4939
2023-09-01,1,5,65,36.865723
2023-09-01,1,6,338,292.92618
2023-09-01,1,7,43,113.23115
2023-09-01,1,8,229,243.75832
2023-09-01,1,9,232,229.09949
2023-09-01,1,10,174,164.06163
2023-09-01,1,11,186,182.09172
2023-09-01,1,12,176,157.02173
2023-09-01,1,13,141,179.48477
2023-09-01,1,14,66,109.83469
2023-09-01,1,15,191,157.99915
2023-09-01,1,16,47,103.957306
2023-09-01,1,17,74,55.389618
2023-09-01,1,18,34,57.771477
2023-09-01,1,19,19,38.926403
2023-09-01,1,20,75,50.094135
2023-09-01,2,1,201,174.32451
2023-09-01,2,2,336,288.65555
2023-09-01,2,3,102,70.65054
2023-09-01,2,4,48,126.349655
2023-09-01,2,5,39,18.95947
2023-09-01,2,6,30,109.88121
2023-09-01,2,7,336,299.59225
2023-09-01,2,8,131,84.09557
2023-09-01,2,9,46,45.246117
2023-09-01,2,10,15,61.71565
2023-09-01,2,11,366,316.60556
2023-09-01,2,12,288,257.91943
2023-09-01,2,13,52,131.50874
2023-09-01,2,14,191,147.7215
2023-09-01,2,15,165,157.41699
2023-09-01,2,16,106,87.08366
2023-09-01,2,17,30,25.034746
2023-09-01,2,18,0,46.73936
2023-09-01,2,19,254,235.21797
2023-09-01,2,20,10,32.382854
2023-09-01,3,1,13,22.556055
2023-09-01,3,2,4,47.13655
2023-09-01,3,3,61,38.16091
2023-09-01,3,4,47,134.02467
2023-09-01,3,5,32,32.47816
2023-09-01,3,6,350,311.1245
2023-09-01,3,7,52,57.61211
2023-09-01,3,8,97,80.544075
2023-09-01,3,9,179,105.86047
2023-09-01,3,10,39,23.325611
2023-09-01,3,11,170,93.45952
2023-09-01,3,12,164,167.18658
2023-09-01,3,13,259,260.4867
2023-09-01,3,14,99,137.22046
2023-09-01,3,15,88,120.984276
2023-09-01,3,16,94,145.40251
2023-09-01,3,17,160,163.36049
2023-09-01,3,18,82,129.87408
2023-09-01,3,19,207,189.24866
2023-09-01,3,20,55,43.075237
2023-09-01,4,1,168,154.88634
2023-09-01,4,2,41,53.045734
2023-09-01,4,3,121,84.79924
2023-09-01,4,4,277,265.1187
2023-09-01,4,5,27,32.5703
2023-09-01,4,6,166,158.65921
2023-09-01,4,7,61,130.81314
2023-09-01,4,8,9,44.98137
2023-09-01,4,9,41,53.7534
2023-09-01,4,10,13,42.966908
2023-09-01,4,11,102,172.8376
2023-09-01,4,12,31,38.18695
2023-09-01,4,13,78,158.01137
2023-09-01,4,14,80,41.1367
2023-09-01,4,15,303,268.25873
2023-09-01,4,16,253,245.70161
2023-09-01,4,17,123,152.246
2023-09-01,4,18,103,81.98148
2023-09-01,4,19,162,181.25464
2023-09-01,4,20,65,47.914146
2023-09-01,5,1,208,187.37419
2023-09-01,5,2,16,49.56301
2023-09-01,5,3,3,35.788246
2023-09-01,5,4,320,307.92007
2023-09-01,5,5,167,156.74834
2023-09-01,5,6,293,294.6965
2023-09-01,5,7,197,199.58812
2023-09-01,5,8,130,159.35696
2023-09-01,5,9,76,62.149868
2023-09-01,5,10,269,234.68033
2023-09-01,5,11,71,61.59975
2023-09-01,5,12,1,46.942787
2023-09-01,5,13,63,62.665195
2023-09-01,5,14,242,212.93973
2023-09-01,5,15,68,133.46545
2023-09-01,5,16,161,81.4339
2023-09-01,5,17,178,147.45807
2023-09-01,5,18,101,82.94324
2023-09-01,5,19,20,43.846916
2023-09-01,5,20,131,160.80275
2023-09-02,1,1,8,32.549282
2023-09-02,1,2,104,75.30852
2023-09-02,1,3,81,129.22824
2023-09-02,1,4,219,247.5768
2023-09-02,1,5,138,149.45972
2023-09-02,1,6,426,372.03192
2023-09-02,1,7,33,45.238064
2023-09-02,1,8,112,171.82027
2023-09-02,1,9,92,42.892307
2023-09-02,1,10,47,109.83422
2023-09-02,1,11,18,47.000984
2023-09-02,1,12,88,139.52293
2023-09-02,1,13,103,86.516624
2023-09-02,1,14,39,34.215805
2023-09-02,1,15,22,38.32527
2023-09-02,1,16,38,25.626919
2023-09-02,1,17,30,21.961123
2023-09-02,1,18,301,255.2965
2023-09-02,1,19,342,291.50824
2023-09-02,1,20,39,45.90246
2023-09-02,2,1,111,85.66226
2023-09-02,2,2,324,300.91898
2023-09-02,2,3,217,205.2743
2023-09-02,2,4,171,191.70613
2023-09-02,2,5,133,130.63196
2023-09-02,2,6,46,63.367588
2023-09-02,2,7,111,154.80298
2023-09-02,2,8,176,166.24791
2023-09-02,2,9,209,170.97746
2023-09-02,2,10,175,161.88281
2023-09-02,2,11,77,62.454678
2023-09-02,2,12,72,132.36662
2023-09-02,2,13,84,55.449997
2023-09-02,2,14,110,155.65504
2023-09-02,2,15,86,132.49744
2023-09-02,2,16,168,157.38606
2023-09-02,2,17,113,144.22987
2023-09-02,2,18,364,313.41156
2023-09-02,2,19,134,168.12505
2023-09-02,2,20,83,47.401268
2023-09-02,3,1,36,31.172024
2023-09-02,3,2,65,46.687576
2023-09-02,3,3,187,153.61714
2023-09-02,3,4,150,183.1317
2023-09-02,3,5,265,239.45679
2023-09-02,3,6,314,286.5363
2023-09-02,3,7,8,60.78862
2023-09-02,3,8,15,28.946281
2023-09-02,3,9,73,53.77285
2023-09-02,3,10,274,236.98994
2023-09-02,3,11,32,128.92867
2023-09-02,3,12,257,242.96483
2023-09-02,3,13,160,160.42036
2023-09-02,3,14,152,158.59065
2023-09-02,3,15,153,173.20349
2023-09-02,3,16,191,175.93869
2023-09-02,3,17,66,34.197296
2023-09-02,3,18,324,300.63095
2023-09-02,3,19,144,111.80558
2023-09-02,3,20,54,100.905174
2023-09-02,4,1,136,137.26913
2023-09-02,4,2,36,121.70819
2023-09-02,4,3,23,36.858604
2023-09-02,4,4,83,66.46469
2023-09-02,4,5,180,157.53882
2023-09-02,4,6,236,236.90839
2023-09-02,4,7,301,253.69185
2023-09-02,4,8,247,213.0723
2023-09-02,4,9,125,143.0206
2023-09-02,4,10,415,351.93268
2023-09-02,4,11,71,118.82192
2023-09-02,4,12,247,229.2641
2023-09-02,4,13,15,38.03751
2023-09-02,4,14,171,163.54166
2023-09-02,4,15,271,241.85591
2023-09-02,4,16,305,269.2676
2023-09-02,4,17,391,322.75214
2023-09-02,4,18,96,80.06661
2023-09-02,4,19,44,119.69041
2023-09-02,4,20,120,134.97609
2023-09-02,5,1,166,167.49403
2023-09-02,5,2,109,85.56417
2023-09-02,5,3,375,325.94153
2023-09-02,5,4,114,183.17668
2023-09-02,5,5,141,161.56241
2023-09-02,5,6,112,182.03664
2023-09-02,5,7,0,37.49038
2023-09-02,5,8,56,42.204998
2023-09-02,5,9,60,110.338554
2023-09-02,5,10,193,207.04478
2023-09-02,5,11,58,28.49195
2023-09-02,5,12,48,52.628345
2023-09-02,5,13,2,26.6411
2023-09-02,5,14,29,38.76963
2023-09-02,5,15,144,170.85458
2023-09-02,5,16,63,31.351517
2023-09-02,5,17,71,44.841038
2023-09-02,5,18,177,193.34811
2023-09-02,5,19,355,324.33643
2023-09-02,5,20,58,31.885004
2023-09-03,1,1,62,38.149895
2023-09-03,1,2,87,58.489384
2023-09-03,1,3,38,35.021477
2023-09-03,1,4,77,55.71661
2023-09-03,1,5,181,80.11714
2023-09-03,1,6,33,144.34427
2023-09-03,1,7,162,102.74094
2023-09-03,1,8,65,118.14312
2023-09-03,1,9,115,131.63377
2023-09-03,1,10,113,176.87767
2023-09-03,1,11,70,55.80419
2023-09-03,1,12,125,82.24721
2023-09-03,1,13,173,155.52489
2023-09-03,1,14,185,164.8953
2023-09-03,1,15,11,37.585636
2023-09-03,1,16,39,47.71975
2023-09-03,1,17,62,71.115715
2023-09-03,1,18,45,58.018738
2023-09-03,1,19,171,171.14696
2023-09-03,1,20,39,19.856617
2023-09-03,2,1,9,26.73049
2023-09-03,2,2,1,41.529507
2023-09-03,2,3,297,288.2016
2023-09-03,2,4,77,38.344803
2023-09-03,2,5,302,265.0334
2023-09-03,2,6,29,68.48094
2023-09-03,2,7,184,171.07536
2023-09-03,2,8,20,36.661118
2023-09-03,2,9,2,33.481586
2023-09-03,2,10,55,75.129944
2023-09-03,2,11,147,147.07957
2023-09-03,2,12,436,341.5304
2023-09-03,2,13,217,198.49033
2023-09-03,2,14,47,29.793428
2023-09-03,2,15,150,171.46619
2023-09-03,2,16,6,42.449474
2023-09-03,2,17,92,64.54889
2023-09-03,2,18,156,106.74959
2023-09-03,2,19,135,192.90402
2023-09-03,2,20,203,162.50647
2023-09-03,3,1,82,50.68764
2023-09-03,3,2,93,60.706734
2023-09-03,3,3,1,51.54938
2023-09-03,3,4,91,49.486423
2023-09-03,3,5,378,318.49673
2023-09-03,3,6,52,51.15707
2023-09-03,3,7,11,44.526115
2023-09-03,3,8,361,310.0239
2023-09-03,3,9,251,234.84354
2023-09-03,3,10,432,354.71503
2023-09-03,3,11,258,229.5145
2023-09-03,3,12,150,190.52481
2023-09-03,3,13,165,161.36751
2023-09-03,3,14,67,53.361946
2023-09-03,3,15,61,42.563274
2023-09-03,3,16,219,222.81772
2023-09-03,3,17,101,81.17763
2023-09-03,3,18,126,169.46877
2023-09-03,3,19,149,99.61906
2023-09-03,3,20,344,290.8651
2023-09-03,4,1,52,32.21266
2023-09-03,4,2,131,136.4966
2023-09-03,4,3,111,99.79974
2023-09-03,4,4,139,162.14378
2023-09-03,4,5,53,47.26366
2023-09-03,4,6,7,44.376415
2023-09-03,4,7,124,161.85004
2023-09-03,4,8,36,35.127888
2023-09-03,4,9,157,161.79436
2023-09-03,4,10,312,285.9776
2023-09-03,4,11,77,126.84989
2023-09-03,4,12,199,202.85205
2023-09-03,4,13,224,213.1696
2023-09-03,4,14,127,152.68416
2023-09-03,4,15,127,81.08103
2023-09-03,4,16,268,248.52336
2023-09-03,4,17,8,40.216343
2023-09-03,4,18,177,169.49208
2023-09-03,4,19,100,88.0039
2023-09-03,4,20,150,87.99631
2023-09-03,5,1,10,35.886433
2023-09-03,5,2,216,195.43599
2023-09-03,5,3,12,48.59144
2023-09-03,5,4,169,159.70038
2023-09-03,5,5,47,53.159256
2023-09-03,5,6,296,253.14903
2023-09-03,5,7,192,182.61478
2023-09-03,5,8,56,60.630993
2023-09-03,5,9,157,165.63606
2023-09-03,5,10,85,76.21
2023-09-03,5,11,120,146.77464
2023-09-03,5,12,154,201.54643
2023-09-03,5,13,375,347.1665
2023-09-03,5,14,440,333.60147
2023-09-03,5,15,179,92.45873
2023-09-03,5,16,138,176.64357
2023-09-03,5,17,345,321.9759
2023-09-03,5,18,327,291.13257
2023-09-03,5,19,10,48.603848
2023-09-03,5,20,431,360.31888
2023-09-04,1,1,34,10.830362
2023-09-04,1,2,18,31.111439
2023-09-04,1,3,77,146.26591
2023-09-04,1,4,283,217.65517
2023-09-04,1,5,104,160.79474
2023-09-04,1,6,6,39.646763
2023-09-04,1,7,75,57.64997
2023-09-04,1,8,172,173.54541
2023-09-04,1,9,87,57.487244
2023-09-04,1,10,14,64.25313
2023-09-04,1,11,129,70.49134
2023-09-04,1,12,34,54.242035
2023-09-04,1,13,81,54.927544
2023-09-04,1,14,237,217.92738
2023-09-04,1,15,312,268.6238
2023-09-04,1,16,122,82.88323
2023-09-04,1,17,20,26.485336
2023-09-04,1,18,118,144.26018
2023-09-04,1,19,127,160.21114
2023-09-04,1,20,3,59.798035
2023-09-04,2,1,168,145.28888
2023-09-04,2,2,84,123.15912
2023-09-04,2,3,42,55.532883
2023-09-04,2,4,8,29.093393
2023-09-04,2,5,129,165.03835
2023-09-04,2,6,40,49.73467
2023-09-04,2,7,29,29.763786
2023-09-04,2,8,52,49.79542
2023-09-04,2,9,355,311.79248
2023-09-04,2,10,352,336.07828
2023-09-04,2,11,39,38.094162
2023-09-04,2,12,218,231.35405
2023-09-04,2,13,36,42.697807
2023-09-04,2,14,39,58.513645
2023-09-04,2,15,9,26.06342
2023-09-04,2,16,33,35.59386
2023-09-04,2,17,71,60.327747
2023-09-04,2,18,121,162.78064
2023-09-04,2,19,139,79.52048
2023-09-04,2,20,12,57.657402
2023-09-04,3,1,34,20.316422
2023-09-04,3,2,130,135.3551
2023-09-04,3,3,34,44.706882
2023-09-04,3,4,204,188.91957
2023-09-04,3,5,125,174.88733
2023-09-04,3,6,283,248.98608
2023-09-04,3,7,415,328.24295
2023-09-04,3,8,88,60.15663
2023-09-04,3,9,88,72.99659
2023-09-04,3,10,31,58.72179
2023-09-04,3,11,323,290.02524
2023-09-04,3,12,133,187.62962
2023-09-04,3,13,144,95.7489
2023-09-04,3,14,133,95.1481
2023-09-04,3,15,157,175.06049
2023-09-04,3,16,41,48.982224
2023-09-04,3,17,264,243.43896
2023-09-04,3,18,108,73.33506
2023-09-04,3,19,336,298.50903
2023-09-04,3,20,50,57.40684
2023-09-04,4,1,276,228.26169
2023-09-04,4,2,311,266.16434
2023-09-04,4,3,98,69.72842
2023-09-04,4,4,186,188.32567
2023-09-04,4,5,3,53.710957
2023-09-04,4,6,44,118.72496
2023-09-04,4,7,9,55.375362
2023-09-04,4,8,21,51.793606
2023-09-04,4,9,40,53.49399
2023-09-04,4,10,318,321.72034
2023-09-04,4,11,325,294.05524
2023-09-04,4,12,90,52.18075
2023-09-04,4,13,39,130.9022
2023-09-04,4,14,241,232.22134
2023-09-04,4,15,111,82.44294
2023-09-04,4,16,135,168.71068
2023-09-04,4,17,326,308.99472
2023-09-04,4,18,143,172.6551
2023-09-04,4,19,15,33.02903
2023-09-04,4,20,111,187.48915
2023-09-04,5,1,44,108.18228
2023-09-04,5,2,26,23.144651
2023-09-04,5,3,36,22.861153
2023-09-04,5,4,3,43.27505
2023-09-04,5,5,194,158.98701
2023-09-04,5,6,48,46.533875
2023-09-04,5,7,43,52.1111
2023-09-04,5,8,27,27.498566
2023-09-04,5,9,53,55.604095
2023-09-04,5,10,77,76.49406
2023-09-04,5,11,133,171.4319
2023-09-04,5,12,93,47.51809
2023-09-04,5,13,49,55.80211
2023-09-04,5,14,15,47.03873
2023-09-04,5,15,131,157.30965
2023-09-04,5,16,366,329.97586
2023-09-04,5,17,82,159.88683
2023-09-04,5,18,69,57.017254
2023-09-04,5,19,5,41.680058
2023-09-04,5,20,264,265.0076
2023-09-05,1,1,15,31.362638
2023-09-05,1,2,25,49.571068
2023-09-05,1,3,260,230.08937
2023-09-05,1,4,74,135.1131
2023-09-05,1,5,76,116.46342
2023-09-05,1,6,449,344.7491
2023-09-05,1,7,49,53.514267
2023-09-05,1,8,288,255.16571
2023-09-05,1,9,153,172.00351
2023-09-05,1,10,179,192.33809
2023-09-05,1,11,203,195.81964
2023-09-05,1,12,272,244.2693
2023-09-05,1,13,22,46.995014
2023-09-05,1,14,66,75.02791
2023-09-05,1,15,2,45.27815
2023-09-05,1,16,172,164.21939
2023-09-05,1,17,10,66.18137
2023-09-05,1,18,300,262.01172
2023-09-05,1,19,172,174.94292
2023-09-05,1,20,4,65.990395
2023-09-05,2,1,269,239.163
2023-09-05,2,2,234,217.0028
2023-09-05,2,3,188,163.93709
2023-09-05,2,4,78,136.3135
2023-09-05,2,5,314,269.15735
2023-09-05,2,6,108,180.18517
2023-09-05,2,7,36,53.088257
2023-09-05,2,8,1,38.3731
2023-09-05,2,9,150,163.62376
2023-09-05,2,10,40,46.92544
2023-09-05,2,11,116,82.72056
2023-09-05,2,12,102,63.620758
2023-09-05,2,13,321,293.25388
2023-09-05,2,14,75,63.799004
2023-09-05,2,15,302,269.25266
2023-09-05,2,16,122,164.45915
2023-09-05,2,17,87,67.68942
2023-09-05,2,18,15,33.105892
2023-09-05,2,19,111,157.60493
2023-09-05,2,20,6,32.686646
2023-09-05,3,1,9,32.116184
2023-09-05,3,2,171,176.31525
2023-09-05,3,3,185,170.16281
2023-09-05,3,4,105,148.46426
2023-09-05,3,5,33,39.023624
2023-09-05,3,6,56,61.4287
2023-09-05,3,7,25,54.926075
2023-09-05,3,8,16,41.239445
2023-09-05,3,9,312,275.2024
2023-09-05,3,10,405,353.22452
2023-09-05,3,11,85,66.41026
2023-09-05,3,12,70,63.814938
2023-09-05,3,13,26,110.90558
2023-09-05,3,14,307,255.36292
2023-09-05,3,15,152,84.540054
2023-09-05,3,16,64,133.6064
2023-09-05,3,17,188,188.32323
2023-09-05,3,18,70,69.33154
2023-09-05,3,19,10,48.53496
2023-09-05,3,20,122,151.91922
2023-09-05,4,1,291,264.84937
2023-09-05,4,2,142,181.0916
2023-09-05,4,3,63,57.51644
2023-09-05,4,4,45,28.81833
2023-09-05,4,5,130,159.33632
2023-09-05,4,6,88,81.14766
2023-09-05,4,7,4,56.53374
2023-09-05,4,8,175,179.25377
2023-09-05,4,9,153,176.54262
2023-09-05,4,10,314,281.6232
2023-09-05,4,11,70,158.98389
2023-09-05,4,12,20,29.04779
2023-09-05,4,13,160,89.40179
2023-09-05,4,14,33,25.404516
2023-09-05,4,15,278,240.36798
2023-09-05,4,16,270,252.79059
2023-09-05,4,17,56,61.115883
2023-09-05,4,18,98,83.56419
2023-09-05,4,19,80,135.83633
2023-09-05,4,20,72,144.30995
2023-09-05,5,1,374,344.92987
2023-09-05,5,2,22,49.880947
2023-09-05,5,3,61,53.35499
2023-09-05,5,4,128,149.23439
2023-09-05,5,5,58,60.244793
2023-09-05,5,6,146,171.45125
2023-09-05,5,7,149,70.78229
2023-09-05,5,8,22,40.869175
2023-09-05,5,9,296,262.86145
2023-09-05,5,10,98,83.2473
2023-09-05,5,11,50,43.429585
2023-09-05,5,12,130,144.15398
2023-09-05,5,13,169,179.64314
2023-09-05,5,14,121,160.27876
2023-09-05,5,15,195,197.62935
2023-09-05,5,16,172,179.53133
2023-09-05,5,17,25,41.06407
2023-09-05,5,18,188,169.91183
2023-09-05,5,19,262,237.15852
2023-09-05,5,20,283,233.50221
2023-09-06,1,1,127,91.19619
2023-09-06,1,2,110,158.06062
2023-09-06,1,3,290,267.37823
2023-09-06,1,4,60,25.627756
2023-09-06,1,5,72,54.7965
2023-09-06,1,6,21,50.415268
2023-09-06,1,7,20,25.075377
2023-09-06,1,8,86,60.042614
2023-09-06,1,9,252,245.31183
2023-09-06,1,10,111,177.01112
2023-09-06,1,11,248,213.26286
2023-09-06,1,12,53,48.973923
2023-09-06,1,13,171,172.82443
2023-09-06,1,14,285,270.75153
2023-09-06,1,15,22,42.763485
2023-09-06,1,16,144,107.29188
2023-09-06,1,17,401,319.24472
2023-09-06,1,18,36,33.58943
2023-09-06,1,19,294,259.83353
2023-09-06,1,20,31,37.018322
2023-09-06,2,1,128,171.80994
2023-09-06,2,2,118,74.01758
2023-09-06,2,3,91,137.82915
2023-09-06,2,4,115,144.07841
2023-09-06,2,5,30,33.937416
2023-09-06,2,6,105,99.39681
2023-09-06,2,7,287,264.52908
2023-09-06,2,8,61,53.988945
2023-09-06,2,9,66,61.684418
2023-09-06,2,10,158,194.03325
2023-09-06,2,11,394,338.128
2023-09-06,2,12,137,91.087326
2023-09-06,2,13,217,220.78294
2023-09-06,2,14,93,52.98136
2023-09-06,2,15,184,185.67117
2023-09-06,2,16,55,36.104595
2023-09-06,2,17,132,70.428894
2023-09-06,2,18,117,74.73423
2023-09-06,2,19,7,33.925785
2023-09-06,2,20,273,224.66556
2023-09-06,3,1,140,184.98262
2023-09-06,3,2,26,39.55651
2023-09-06,3,3,108,164.4669
2023-09-06,3,4,27,22.429607
2023-09-06,3,5,155,86.332535
2023-09-06,3,6,66,34.802387
2023-09-06,3,7,299,270.47568
2023-09-06,3,8,73,126.937706
2023-09-06,3,9,276,253.8256
2023-09-06,3,10,111,180.52377
2023-09-06,3,11,100,88.60815
2023-09-06,3,12,254,227.39526
2023-09-06,3,13,236,226.67937
2023-09-06,3,14,75,150.24481
2023-09-06,3,15,142,111.41239
2023-09-06,3,16,98,79.41113
2023-09-06,3,17,21,52.301643
2023-09-06,3,18,456,357.56213
2023-09-06,3,19,188,170.0547
2023-09-06,3,20,151,188.0269
2023-09-06,4,1,18,63.016193
2023-09-06,4,2,363,313.46478
2023-09-06,4,3,264,249.12712
2023-09-06,4,4,162,141.49881
2023-09-06,4,5,62,29.703016
2023-09-06,4,6,139,79.201546
2023-09-06,4,7,59,50.754166
2023-09-06,4,8,209,174.73775
2023-09-06,4,9,238,224.78674
2023-09-06,4,10,68,86.49003
2023-09-06,4,11,59,62.19523
2023-09-06,4,12,228,203.95468
2023-09-06,4,13,56,43.905804
2023-09-06,4,14,139,173.57059
2023-09-06,4,15,45,41.903484
2023-09-06,4,16,320,300.28967
2023-09-06,4,17,88,153.101
2023-09-06,4,18,173,186.98961
2023-09-06,4,19,108,82.992874
2023-09-06,4,20,134,80.34384
2023-09-06,5,1,80,155.00017
2023-09-06,5,2,129,161.30766
2023-09-06,5,3,33,48.5356
2023-09-06,5,4,187,157.41835
2023-09-06,5,5,82,55.34867
2023-09-06,5,6,33,23.794249
2023-09-06,5,7,408,347.19843
2023-09-06,5,8,42,25.65967
2023-09-06,5,9,260,254.4178
2023-09-06,5,10,231,216.14914
2023-09-06,5,11,83,67.840256
2023-09-06,5,12,298,274.79428
2023-09-06,5,13,193,185.97307
2023-09-06,5,14,160,87.90734
2023-09-06,5,15,241,215.12732
2023-09-06,5,16,265,249.2522
2023-09-06,5,17,29,44.899963
2023-09-06,5,18,15,58.808983
2023-09-06,5,19,306,267.2004
2023-09-06,5,20,55,58.00244
2023-09-07,1,1,369,326.84067
2023-09-07,1,2,92,139.36751
2023-09-07,1,3,386,333.0927
2023-09-07,1,4,355,323.77573
2023-09-07,1,5,410,338.98486
2023-09-07,1,6,169,146.60118
2023-09-07,1,7,109,88.54137
2023-09-07,1,8,316,254.68399
2023-09-07,1,9,3,49.891243
2023-09-07,1,10,56,30.738476
2023-09-07,1,11,196,208.92441
2023-09-07,1,12,93,136.23761
2023-09-07,1,13,281,235.41037
2023-09-07,1,14,124,73.51609
2023-09-07,1,15,12,37.53821
2023-09-07,1,16,51,45.783463
2023-09-07,1,17,1,58.389553
2023-09-07,1,18,129,159.97636
2023-09-07,1,19,55,53.29241
2023-09-07,1,20,38,48.367847
2023-09-07,2,1,27,29.189262
2023-09-07,2,2,4,44.19599
2023-09-07,2,3,147,182.87398
2023-09-07,2,4,306,275.38815
2023-09-07,2,5,94,140.542
2023-09-07,2,6,18,105.08189
2023-09-07,2,7,287,278.93005
2023-09-07,2,8,26,33.848118
2023-09-07,2,9,139,89.39874
2023-09-07,2,10,69,46.028755
2023-09-07,2,11,304,278.07938
2023-09-07,2,12,36,43.24667
2023-09-07,2,13,53,47.655945
2023-09-07,2,14,50,115.38341
2023-09-07,2,15,56,47.256268
2023-09-07,2,16,248,230.0108
2023-09-07,2,17,134,163.51439
2023-09-07,2,18,38,49.898228
2023-09-07,2,19,108,161.97646
2023-09-07,2,20,27,39.80289
2023-09-07,3,1,99,165.25928
2023-09-07,3,2,296,271.72314
2023-09-07,3,3,92,71.708466
2023-09-07,3,4,286,265.0115
2023-09-07,3,5,37,54.128376
2023-09-07,3,6,36,34.900414
2023-09-07,3,7,191,188.07475
2023-09-07,3,8,239,226.67398
2023-09-07,3,9,48,41.80754
2023-09-07,3,10,144,80.13023
2023-09-07,3,11,198,212.73714
2023-09-07,3,12,152,186.58118
2023-09-07,3,13,463,360.70926
2023-09-07,3,14,86,42.2343
2023-09-07,3,15,263,240.70222
2023-09-07,3,16,48,49.490356
2023-09-07,3,17,129,145.19525
2023-09-07,3,18,106,87.761536
2023-09-07,3,19,2,42.512814
2023-09-07,3,20,60,46.837494
2023-09-07,4,1,359,320.5739
2023-09-07,4,2,29,42.65237
2023-09-07,4,3,358,344.7292
2023-09-07,4,4,95,66.13425
2023-09-07,4,5,95,75.966576
2023-09-07,4,6,171,153.42743
2023-09-07,4,7,12,66.10294
2023-09-07,4,8,59,53.795063
2023-09-07,4,9,53,58.650753
2023-09-07,4,10,72,132.30788
2023-09-07,4,11,5,47.86692
2023-09-07,4,12,169,180.6327
2023-09-07,4,13,24,48.859783
2023-09-07,4,14,396,339.07733
2023-09-07,4,15,80,51.06793
2023-09-07,4,16,56,145.48059
2023-09-07,4,17,11,28.292135
2023-09-07,4,18,33,61.771255
2023-09-07,4,19,205,200.99423
2023-09-07,4,20,143,156.00159
2023-09-07,5,1,88,72.67264
2023-09-07,5,2,73,79.53041
2023-09-07,5,3,165,180.01375
2023-09-07,5,4,119,167.76865
2023-09-07,5,5,272,246.17769
2023-09-07,5,6,188,164.11514
2023-09-07,5,7,17,60.15037
2023-09-07,5,8,440,357.57172
2023-09-07,5,9,128,162.1946
2023-09-07,5,10,80,51.779522
2023-09-07,5,11,250,227.47359
2023-09-07,5,12,31,43.175713
2023-09-07,5,13,141,109.23898
2023-09-07,5,14,202,179.35928
2023-09-07,5,15,300,277.0453
2023-09-07,5,16,127,174.88454
2023-09-07,5,17,226,207.95132
2023-09-07,5,18,156,162.34383
2023-09-07,5,19,176,175.66077
2023-09-07,5,20,134,136.67935
2023-09-08,1,1,25,57.25041
2023-09-08,1,2,299,252.00832
2023-09-08,1,3,132,181.82707
2023-09-08,1,4,25,60.2183
2023-09-08,1,5,3,39.533394
2023-09-08,1,6,167,157.17177
2023-09-08,1,7,30,70.64428
2023-09-08,1,8,73,82.15204
2023-09-08,1,9,32,41.355778
2023-09-08,1,10,247,207.7027
2023-09-08,1,11,284,249.56888
2023-09-08,1,12,99,154.99693
2023-09-08,1,13,108,193.2201
2023-09-08,1,14,226,227.6623
2023-09-08,1,15,14,36.54363
2023-09-08,1,16,31,52.23045
2023-09-08,1,17,103,157.15839
2023-09-08,1,18,49,97.99687
2023-09-08,1,19,305,253.86504
2023-09-08,1,20,299,252.70116
2023-09-08,2,1,85,80.495285
2023-09-08,2,2,53,57.117825
2023-09-08,2,3,144,187.78273
2023-09-08,2,4,38,53.572075
2023-09-08,2,5,264,257.46042
2023-09-08,2,6,104,74.00066
2023-09-08,2,7,94,59.94689
2023-09-08,2,8,103,190.90561
2023-09-08,2,9,347,283.0936
2023-09-08,2,10,167,154.18532
2023-09-08,2,11,55,57.375385
2023-09-08,2,12,46,21.661062
2023-09-08,2,13,96,79.34145
2023-09-08,2,14,39,126.893936
2023-09-08,2,15,177,172.59496
2023-09-08,2,16,14,30.272911
2023-09-08,2,17,21,46.55185
2023-09-08,2,18,210,165.30095
2023-09-08,2,19,281,235.37547
2023-09-08,2,20,34,32.560436
2023-09-08,3,1,0,55.00429
2023-09-08,3,2,180,181.67072
2023-09-08,3,3,86,150.41008
2023-09-08,3,4,130,155.87328
2023-09-08,3,5,99,74.95701
2023-09-08,3,6,91,52.62874
2023-09-08,3,7,291,261.3811
2023-09-08,3,8,400,381.47635
2023-09-08,3,9,60,134.20132
2023-09-08,3,10,61,44.284863
2023-09-08,3,11,5,59.65277
2023-09-08,3,12,8,23.016716
2023-09-08,3,13,71,79.46495
2023-09-08,3,14,50,62.203163
2023-09-08,3,15,91,65.90561
2023-09-08,3,16,79,119.45589
2023-09-08,3,17,251,232.6468
2023-09-08,3,18,171,159.69153
2023-09-08,3,19,8,51.8216
2023-09-08,3,20,271,247.23997
2023-09-08,4,1,479,349.39243
2023-09-08,4,2,2,50.050022
2023-09-08,4,3,1,40.171715
2023-09-08,4,4,265,249.50893
2023-09-08,4,5,104,77.40923
2023-09-08,4,6,327,296.7634
2023-09-08,4,7,208,178.8569
2023-09-08,4,8,186,195.61668
2023-09-08,4,9,18,51.485
2023-09-08,4,10,105,141.77222
2023-09-08,4,11,205,205.08633
2023-09-08,4,12,50,22.196947
2023-09-08,4,13,50,56.440876
2023-09-08,4,14,110,101.3183
2023-09-08,4,15,228,225.26477
2023-09-08,4,16,181,161.49265
2023-09-08,4,17,96,59.495373
2023-09-08,4,18,204,188.38745
2023-09-08,4,19,4,48.63434
2023-09-08,4,20,219,210.17049
2023-09-08,5,1,91,66.27721
2023-09-08,5,2,24,45.764008
2023-09-08,5,3,106,82.55306
2023-09-08,5,4,309,254.76625
2023-09-08,5,5,62,55.310463
2023-09-08,5,6,44,119.686646
2023-09-08,5,7,15,48.802605
2023-09-08,5,8,278,265.3308
2023-09-08,5,9,1,50.130745
2023-09-08,5,10,279,241.91899
2023-09-08,5,11,174,191.20605
2023-09-08,5,12,142,150.72453
2023-09-08,5,13,36,26.049551
2023-09-08,5,14,121,170.93095
2023-09-08,5,15,155,175.846
2023-09-08,5,16,42,24.496758
2023-09-08,5,17,89,57.921413
2023-09-08,5,18,241,208.46162
2023-09-08,5,19,15,52.021038
2023-09-08,5,20,22,59.37558
2023-09-09,1,1,105,173.96024
2023-09-09,1,2,39,49.590996
2023-09-09,1,3,335,298.01407
2023-09-09,1,4,233,201.35522
2023-09-09,1,5,296,262.5648
2023-09-09,1,6,19,41.021473
2023-09-09,1,7,182,160.96869
2023-09-09,1,8,10,54.765022
2023-09-09,1,9,71,64.91716
2023-09-09,1,10,131,161.51854
2023-09-09,1,11,138,103.64124
2023-09-09,1,12,75,108.95119
2023-09-09,1,13,201,174.91304
2023-09-09,1,14,347,293.1466
2023-09-09,1,15,12,38.03032
2023-09-09,1,16,224,205.60608
2023-09-09,1,17,133,81.08813
2023-09-09,1,18,62,37.87865
2023-09-09,1,19,8,56.634914
2023-09-09,1,20,23,56.897076
2023-09-09,2,1,51,61.6369
2023-09-09,2,2,44,108.430435
2023-09-09,2,3,61,44.746914
2023-09-09,2,4,282,260.5658
2023-09-09,2,5,246,223.04062
2023-09-09,2,6,352,324.84192
2023-09-09,2,7,297,271.45813
2023-09-09,2,8,76,72.50008
2023-09-09,2,9,109,86.9026
2023-09-09,2,10,188,174.18834
2023-09-09,2,11,30,42.518753
2023-09-09,2,12,321,282.79764
2023-09-09,2,13,266,236.94446
2023-09-09,2,14,145,170.35068
2023-09-09,2,15,196,182.91014
2023-09-09,2,16,169,156.3179
2023-09-09,2,17,3,26.86076
2023-09-09,2,18,49,35.67125
2023-09-09,2,19,35,45.65068
2023-09-09,2,20,65,50.2064
2023-09-09,3,1,26,64.34324
2023-09-09,3,2,137,64.01024
2023-09-09,3,3,345,313.32373
2023-09-09,3,4,81,154.6454
2023-09-09,3,5,234,218.73276
2023-09-09,3,6,125,83.87005
2023-09-09,3,7,85,64.394165
2023-09-09,3,8,20,61.200478
2023-09-09,3,9,488,344.3056
2023-09-09,3,10,351,313.39514
2023-09-09,3,11,452,324.58368
2023-09-09,3,12,169,166.27888
2023-09-09,3,13,280,245.23584
2023-09-09,3,14,169,197.85226
2023-09-09,3,15,379,336.61456
2023-09-09,3,16,18,36.938595
2023-09-09,3,17,4,33.99412
2023-09-09,3,18,131,152.98344
2023-09-09,3,19,455,343.88107
2023-09-09,3,20,142,175.78821
2023-09-09,4,1,378,345.64658
2023-09-09,4,2,134,69.723
2023-09-09,4,3,278,257.04678
2023-09-09,4,4,16,51.877983
2023-09-09,4,5,10,41.799118
2023-09-09,4,6,23,52.2687
2023-09-09,4,7,8,65.4058
2023-09-09,4,8,69,161.68373
2023-09-09,4,9,22,49.1306
2023-09-09,4,10,99,86.97871
2023-09-09,4,11,187,183.61325
2023-09-09,4,12,68,147.71008
2023-09-09,4,13,70,58.47334
2023-09-09,4,14,112,167.18684
2023-09-09,4,15,197,200.24463
2023-09-09,4,16,125,156.34917
2023-09-09,4,17,9,53.096325
2023-09-09,4,18,28,44.378002
2023-09-09,4,19,185,171.18631
2023-09-09,4,20,185,174.46902
2023-09-09,5,1,32,42.21888
2023-09-09,5,2,300,257.80484
2023-09-09,5,3,131,105.21644
2023-09-09,5,4,194,203.47429
2023-09-09,5,5,30,49.506233
2023-09-09,5,6,23,54.615433
2023-09-09,5,7,10,41.65181
2023-09-09,5,8,18,51.859615
2023-09-09,5,9,181,194.91602
2023-09-09,5,10,233,225.09326
2023-09-09,5,11,66,68.53745
2023-09-09,5,12,120,166.23434
2023-09-09,5,13,108,154.50548
2023-09-09,5,14,23,40.152184
2023-09-09,5,15,32,46.534924
2023-09-09,5,16,157,84.98064
2023-09-09,5,17,215,166.21425
2023-09-09,5,18,141,163.00978
2023-09-09,5,19,58,67.42713
2023-09-09,5,20,81,62.350864
2023-09-10,1,1,96,74.44911
2023-09-10,1,2,24,28.42587
2023-09-10,1,3,8,61.85698
2023-09-10,1,4,288,275.23218
2023-09-10,1,5,161,166.59593
2023-09-10,1,6,15,49.709103
2023-09-10,1,7,5,43.988316
2023-09-10,1,8,9,31.835007
2023-09-10,1,9,274,259.13638
2023-09-10,1,10,357,313.35355
2023-09-10,1,11,133,176.52701
2023-09-10,1,12,266,238.79509
2023-09-10,1,13,131,165.99338
2023-09-10,1,14,90,65.89449
2023-09-10,1,15,78,149.99075
2023-09-10,1,16,254,230.22876
2023-09-10,1,17,56,36.179653
2023-09-10,1,18,198,180.42896
2023-09-10,1,19,73,82.13743
2023-09-10,1,20,8,26.934162
2023-09-10,2,1,75,64.13563
2023-09-10,2,2,47,33.1367
2023-09-10,2,3,284,276.77246
2023-09-10,2,4,235,224.26045
2023-09-10,2,5,74,151.92207
2023-09-10,2,6,98,153.95079
2023-09-10,2,7,211,183.8551
2023-09-10,2,8,65,102.85867
2023-09-10,2,9,19,59.89215
2023-09-10,2,10,70,155.39853
2023-09-10,2,11,143,101.822014
2023-09-10,2,12,385,335.98917
2023-09-10,2,13,80,59.497604
2023-09-10,2,14,49,46.87545
2023-09-10,2,15,282,251.46053
2023-09-10,2,16,452,337.30045
2023-09-10,2,17,236,207.55667
2023-09-10,2,18,170,85.43175
2023-09-10,2,19,179,191.15231
2023-09-10,2,20,84,51.048954
2023-09-10,3,1,231,217.00282
2023-09-10,3,2,70,61.155388
2023-09-10,3,3,47,49.61291
2023-09-10,3,4,41,49.57125
2023-09-10,3,5,285,254.99133
2023-09-10,3,6,344,315.43604
2023-09-10,3,7,22,42.136528
2023-09-10,3,8,9,22.997307
2023-09-10,3,9,145,190.2436
2023-09-10,3,10,10,136.35126
2023-09-10,3,11,121,171.88477
2023-09-10,3,12,414,345.46246
2023-09-10,3,13,29,38.85432
2023-09-10,3,14,118,60.717133
2023-09-10,3,15,45,41.058712
2023-09-10,3,16,105,90.45335
2023-09-10,3,17,281,243.42715
2023-09-10,3,18,177,158.92673
2023-09-10,3,19,119,110.56679
2023-09-10,3,20,55,27.891624
2023-09-10,4,1,156,93.09773
2023-09-10,4,2,168,90.89658
2023-09-10,4,3,132,175.2703
2023-09-10,4,4,129,80.30103
2023-09-10,4,5,24,37.95087
2023-09-10,4,6,45,34.75229
2023-09-10,4,7,290,256.80026
2023-09-10,4,8,105,133.4495
2023-09-10,4,9,24,65.65254
2023-09-10,4,10,82,81.415306
2023-09-10,4,11,136,178.5976
2023-09-10,4,12,389,365.94086
2023-09-10,4,13,25,48.785007
2023-09-10,4,14,46,20.041344
2023-09-10,4,15,45,53.98943
2023-09-10,4,16,212,203.63156
2023-09-10,4,17,69,66.40595
2023-09-10,4,18,58,42.334763
2023-09-10,4,19,194,209.14182
2023-09-10,4,20,281,241.58728
2023-09-10,5,1,235,228.49597
2023-09-10,5,2,48,127.119225
2023-09-10,5,3,182,173.88646
2023-09-10,5,4,17,47.45431
2023-09-10,5,5,195,187.86234
2023-09-10,5,6,168,103.36565
2023-09-10,5,7,62,132.17212
2023-09-10,5,8,61,26.20562
2023-09-10,5,9,138,85.136696
2023-09-10,5,10,143,183.69504
2023-09-10,5,11,176,167.02002
2023-09-10,5,12,259,270.29276
2023-09-10,5,13,264,219.48546
2023-09-10,5,14,78,115.98896
2023-09-10,5,15,339,307.23526
2023-09-10,5,16,159,186.51027
2023-09-10,5,17,167,177.232
2023-09-10,5,18,61,37.411915
2023-09-10,5,19,48,30.228302
2023-09-10,5,20,72,55.45169
2023-09-11,1,1,46,24.0461
2023-09-11,1,2,215,187.99156
2023-09-11,1,3,80,64.83842
2023-09-11,1,4,4,41.959362
2023-09-11,1,5,116,74.11604
2023-09-11,1,6,134,90.004295
2023-09-11,1,7,107,156.28452
2023-09-11,1,8,149,154.24287
2023-09-11,1,9,89,55.14671
2023-09-11,1,10,349,312.42093
2023-09-11,1,11,137,148.3967
2023-09-11,1,12,77,172.0029
2023-09-11,1,13,44,17.17404
2023-09-11,1,14,193,157.86404
2023-09-11,1,15,16,34.271168
2023-09-11,1,16,24,58.674656
2023-09-11,1,17,268,254.11581
2023-09-11,1,18,12,103.21171
2023-09-11,1,19,114,142.79012
2023-09-11,1,20,308,269.56512
2023-09-11,2,1,48,36.4061
2023-09-11,2,2,55,33.66251
2023-09-11,2,3,329,293.0516
2023-09-11,2,4,112,84.61342
2023-09-11,2,5,51,126.80182
2023-09-11,2,6,36,46.548
2023-09-11,2,7,307,265.12906
2023-09-11,2,8,255,211.32385
2023-09-11,2,9,125,146.8697
2023-09-11,2,10,37,50.75161
2023-09-11,2,11,88,123.745674
2023-09-11,2,12,145,195.32648
2023-09-11,2,13,6,31.095726
2023-09-11,2,14,84,112.817986
2023-09-11,2,15,106,76.99937
2023-09-11,2,16,409,361.19058
2023-09-11,2,17,312,271.71948
2023-09-11,2,18,10,33.675903
2023-09-11,2,19,249,217.09868
2023-09-11,2,20,58,48.332294
2023-09-11,3,1,141,176.41939
2023-09-11,3,2,214,176.50703
2023-09-11,3,3,19,23.823946
2023-09-11,3,4,31,26.754171
2023-09-11,3,5,163,157.73633
2023-09-11,3,6,213,201.52841
2023-09-11,3,7,69,146.94125
2023-09-11,3,8,206,170.32062
2023-09-11,3,9,131,140.41757
2023-09-11,3,10,101,89.2029
2023-09-11,3,11,51,28.255426
2023-09-11,3,12,275,271.51996
2023-09-11,3,13,76,57.334614
2023-09-11,3,14,16,19.392395
2023-09-11,3,15,18,54.334682
2023-09-11,3,16,214,200.97461
2023-09-11,3,17,56,51.196156
2023-09-11,3,18,17,28.957348
2023-09-11,3,19,64,33.272686
2023-09-11,3,20,3,48.3473
2023-09-11,4,1,204,183.23831
2023-09-11,4,2,17,31.03955
2023-09-11,4,3,235,232.39464
2023-09-11,4,4,37,95.624115
2023-09-11,4,5,55,54.609512
2023-09-11,4,6,382,355.6199
2023-09-11,4,7,156,91.32063
2023-09-11,4,8,334,302.92188
2023-09-11,4,9,39,20.689726
2023-09-11,4,10,200,200.09209
2023-09-11,4,11,354,311.52783
2023-09-11,4,12,113,99.26653
2023-09-11,4,13,159,165.31152
2023-09-11,4,14,214,178.92308
2023-09-11,4,15,287,270.65036
2023-09-11,4,16,108,171.57893
2023-09-11,4,17,77,71.61967
2023-09-11,4,18,94,122.95419
2023-09-11,4,19,43,41.64027
2023-09-11,4,20,19,54.502663
2023-09-11,5,1,312,265.1683
2023-09-11,5,2,152,155.15831
2023-09-11,5,3,90,142.08856
2023-09-11,5,4,181,156.63347
2023-09-11,5,5,92,60.1942
2023-09-11,5,6,144,84.18956
2023-09-11,5,7,30,46.36893
2023-09-11,5,8,221,214.72108
2023-09-11,5,9,26,91.9515
2023-09-11,5,10,233,231.69528
2023-09-11,5,11,286,258.00916
2023-09-11,5,12,122,178.6442
2023-09-11,5,13,59,107.248276
2023-09-11,5,14,336,290.01337
2023-09-11,5,15,183,181.30803
2023-09-11,5,16,375,346.41562
2023-09-11,5,17,63,128.86241
2023-09-11,5,18,130,136.84293
2023-09-11,5,19,19,46.48062
2023-09-11,5,20,135,88.491974
2023-09-12,1,1,10,21.845747
2023-09-12,1,2,216,201.41751
2023-09-12,1,3,63,131.99258
2023-09-12,1,4,146,154.92865
2023-09-12,1,5,150,152.25316
2023-09-12,1,6,264,254.79579
2023-09-12,1,7,99,153.22269
2023-09-12,1,8,32,47.369205
2023-09-12,1,9,338,291.58014
2023-09-12,1,10,31,49.31388
2023-09-12,1,11,259,249.76431
2023-09-12,1,12,12,38.105137
2023-09-12,1,13,105,146.27719
2023-09-12,1,14,124,86.52541
2023-09-12,1,15,242,230.97646
2023-09-12,1,16,325,312.83453
2023-09-12,1,17,129,169.98741
2023-09-12,1,18,267,239.1926
2023-09-12,1,19,116,75.21079
2023-09-12,1,20,37,44.570885
2023-09-12,2,1,280,240.72278
2023-09-12,2,2,41,42.263985
2023-09-12,2,3,86,136.72803
2023-09-12,2,4,58,41.139366
2023-09-12,2,5,12,19.50582
2023-09-12,2,6,54,139.57234
2023-09-12,2,7,70,60.232155
2023-09-12,2,8,72,151.7341
2023-09-12,2,9,174,172.5858
2023-09-12,2,10,460,338.525
2023-09-12,2,11,17,49.779297
2023-09-12,2,12,15,29.079063
2023-09-12,2,13,70,42.413273
2023-09-12,2,14,101,170.29402
2023-09-12,2,15,55,42.730427
2023-09-12,2,16,285,290.76144
2023-09-12,2,17,60,135.63182
2023-09-12,2,18,182,158.55656
2023-09-12,2,19,17,26.179672
2023-09-12,2,20,74,129.66702
2023-09-12,3,1,4,38.98923
2023-09-12,3,2,142,165.16566
2023-09-12,3,3,43,113.54656
2023-09-12,3,4,118,131.8003
2023-09-12,3,5,19,24.83732
2023-09-12,3,6,29,46.138443
2023-09-12,3,7,258,236.92131
2023-09-12,3,8,251,253.4347
2023-09-12,3,9,353,317.26715
2023-09-12,3,10,286,261.49228
2023-09-12,3,11,411,349.01703
2023-09-12,3,12,210,195.59543
2023-09-12,3,13,280,226.17026
2023-09-12,3,14,289,269.05325
2023-09-12,3,15,218,222.34352
2023-09-12,3,16,36,61.51532
2023-09-12,3,17,200,195.86584
2023-09-12,3,18,231,216.49359
2023-09-12,3,19,58,105.29666
2023-09-12,3,20,185,166.07709
2023-09-12,4,1,261,243.95406
2023-09-12,4,2,1,43.3038
2023-09-12,4,3,63,109.97634
2023-09-12,4,4,147,149.42216
2023-09-12,4,5,57,108.60132
2023-09-12,4,6,196,209.47072
2023-09-12,4,7,121,69.29003
2023-09-12,4,8,148,101.92057
2023-09-12,4,9,4,47.084503
2023-09-12,4,10,9,65.71596
2023-09-12,4,11,26,53.038345
2023-09-12,4,12,153,178.87402
2023-09-12,4,13,325,298.54898
2023-09-12,4,14,245,240.24371
2023-09-12,4,15,66,56.24941
2023-09-12,4,16,155,119.50396
2023-09-12,4,17,130,138.1183
2023-09-12,4,18,92,56.71493
2023-09-12,4,19,54,32.364887
2023-09-12,4,20,174,146.74812
2023-09-12,5,1,383,329.7845
2023-09-12,5,2,366,319.7387
2023-09-12,5,3,19,26.256624
2023-09-12,5,4,343,288.53442
2023-09-12,5,5,159,149.83546
2023-09-12,5,6,33,61.72037
2023-09-12,5,7,216,211.49077
2023-09-12,5,8,318,316.3077
2023-09-12,5,9,28,52.658237
2023-09-12,5,10,241,241.30966
2023-09-12,5,11,182,190.79694
2023-09-12,5,12,77,43.259075
2023-09-12,5,13,78,150.0984
2023-09-12,5,14,60,59.932163
2023-09-12,5,15,323,306.39148
2023-09-12,5,16,124,181.67525
2023-09-12,5,17,45,100.377335
2023-09-12,5,18,216,210.71074
2023-09-12,5,19,32,14.84864
2023-09-12,5,20,30,29.86142
2023-09-13,1,1,93,157.24387
2023-09-13,1,2,1,36.144905
2023-09-13,1,3,323,276.94724
2023-09-13,1,4,218,193.06181
2023-09-13,1,5,175,164.43535
2023-09-13,1,6,48,32.44194
2023-09-13,1,7,140,155.65134
2023-09-13,1,8,40,128.52664
2023-09-13,1,9,102,172.1295
2023-09-13,1,10,183,204.42761
2023-09-13,1,11,204,209.66293
2023-09-13,1,12,92,115.91422
2023-09-13,1,13,210,202.8187
2023-09-13,1,14,20,50.636528
2023-09-13,1,15,402,367.4656
2023-09-13,1,16,438,364.4208
2023-09-13,1,17,60,101.703766
2023-09-13,1,18,162,77.26662
2023-09-13,1,19,291,259.1396
2023-09-13,1,20,75,123.34846
2023-09-13,2,1,210,208.16255
2023-09-13,2,2,195,193.31912
2023-09-13,2,3,33,25.672907
2023-09-13,2,4,296,264.12897
2023-09-13,2,5,24,20.08773
2023-09-13,2,6,101,74.29861
2023-09-13,2,7,1,47.691288
2023-09-13,2,8,55,50.538883
2023-09-13,2,9,9,59.069866
2023-09-13,2,10,210,218.10042
2023-09-13,2,11,178,115.52011
2023-09-13,2,12,62,37.368088
2023-09-13,2,13,13,37.312107
2023-09-13,2,14,283,244.4187
2023-09-13,2,15,1,54.643642
2023-09-13,2,16,39,50.33443
2023-09-13,2,17,40,21.795275
2023-09-13,2,18,89,51.460777
2023-09-13,2,19,128,147.94052
2023-09-13,2,20,463,343.03867
2023-09-13,3,1,183,179.78023
2023-09-13,3,2,172,170.76126
2023-09-13,3,3,62,45.150265
2023-09-13,3,4,43,42.108097
2023-09-13,3,5,250,215.87726
2023-09-13,3,6,33,31.772528
2023-09-13,3,7,41,34.36858
2023-09-13,3,8,151,177.00723
2023-09-13,3,9,116,159.3748
2023-09-13,3,10,192,203.21167
2023-09-13,3,11,43,137.85207
2023-09-13,3,12,20,43.176605
2023-09-13,3,13,347,307.5896
2023-09-13,3,14,184,185.03722
2023-09-13,3,15,46,56.925137
2023-09-13,3,16,61,83.78974
2023-09-13,3,17,223,200.11292
2023-09-13,3,18,339,302.46747
2023-09-13,3,19,108,77.05548
2023-09-13,3,20,379,334.83783
2023-09-13,4,1,168,109.98584
2023-09-13,4,2,232,231.98439
2023-09-13,4,3,59,63.262955
2023-09-13,4,4,327,311.3025
2023-09-13,4,5,161,169.63138
2023-09-13,4,6,67,44.682514
2023-09-13,4,7,51,120.76664
2023-09-13,4,8,52,49.847565
2023-09-13,4,9,220,215.92735
2023-09-13,4,10,25,52.76849
2023-09-13,4,11,6,55.511127
2023-09-13,4,12,68,52.025047
2023-09-13,4,13,18,49.613937
2023-09-13,4,14,65,54.74306
2023-09-13,4,15,68,75.91078
2023-09-13,4,16,435,353.1356
2023-09-13,4,17,13,39.854786
2023-09-13,4,18,214,190.88812
2023-09-13,4,19,175,177.20969
2023-09-13,4,20,291,275.94327
2023-09-13,5,1,193,192.57187
2023-09-13,5,2,33,55.64612
2023-09-13,5,3,220,207.72026
2023-09-13,5,4,293,265.50882
2023-09-13,5,5,324,305.4097
2023-09-13,5,6,207,176.29216
2023-09-13,5,7,57,119.84408
2023-09-13,5,8,335,320.6925
2023-09-13,5,9,92,41.621086
2023-09-13,5,10,35,52.811554
2023-09-13,5,11,59,40.144802
2023-09-13,5,12,63,26.641632
2023-09-13,5,13,194,197.94267
2023-09-13,5,14,20,55.181355
2023-09-13,5,15,157,193.67738
2023-09-13,5,16,103,176.99965
2023-09-13,5,17,158,162.31613
2023-09-13,5,18,117,155.81505
2023-09-13,5,19,326,311.283
2023-09-13,5,20,46,52.822308
2023-09-14,1,1,34,48.41058
2023-09-14,1,2,98,182.99486
2023-09-14,1,3,102,84.07423
2023-09-14,1,4,222,211.43889
2023-09-14,1,5,50,37.185665
2023-09-14,1,6,136,138.13748
2023-09-14,1,7,38,34.46602
2023-09-14,1,8,70,57.668526
2023-09-14,1,9,44,26.143635
2023-09-14,1,10,148,172.43614
2023-09-14,1,11,392,361.55185
2023-09-14,1,12,73,42.247017
2023-09-14,1,13,64,137.99008
2023-09-14,1,14,43,48.595062
2023-09-14,1,15,150,187.77132
2023-09-14,1,16,250,254.79285
2023-09-14,1,17,57,39.707348
2023-09-14,1,18,109,76.54238
2023-09-14,1,19,312,270.4239
2023-09-14,1,20,234,240.10352
2023-09-14,2,1,97,143.28098
2023-09-14,2,2,347,280.82382
2023-09-14,2,3,338,312.9516
2023-09-14,2,4,31,54.75414
2023-09-14,2,5,51,49.290756
2023-09-14,2,6,97,59.942486
2023-09-14,2,7,44,25.256977
2023-09-14,2,8,79,128.12689
2023-09-14,2,9,14,25.077885
2023-09-14,2,10,165,168.15054
2023-09-14,2,11,404,342.7107
2023-09-14,2,12,5,20.286562
2023-09-14,2,13,51,53.523792
2023-09-14,2,14,198,191.85176
2023-09-14,2,15,133,177.36227
2023-09-14,2,16,248,242.2552
2023-09-14,2,17,164,148.61763
2023-09-14,2,18,226,210.9663
2023-09-14,2,19,134,78.96599
2023-09-14,2,20,29,61.460476
2023-09-14,3,1,229,209.65431
2023-09-14,3,2,155,172.08421
2023-09-14,3,3,381,346.16614
2023-09-14,3,4,241,229.32932
2023-09-14,3,5,63,61.473774
2023-09-14,3,6,42,27.396015
2023-09-14,3,7,10,28.593615
2023-09-14,3,8,63,55.205173
2023-09-14,3,9,10,34.713856
2023-09-14,3,10,35,35.367355
2023-09-14,3,11,116,167.27768
2023-09-14,3,12,21,29.397675
2023-09-14,3,13,268,245.25948
2023-09-14,3,14,126,81.096115
2023-09-14,3,15,197,175.32352
2023-09-14,3,16,17,73.61232
2023-09-14,3,17,58,37.370514
2023-09-14,3,18,18,53.05593
2023-09-14,3,19,16,54.500748
2023-09-14,3,20,165,189.01405
2023-09-14,4,1,324,297.51547
2023-09-14,4,2,112,170.92693
2023-09-14,4,3,36,59.918587
2023-09-14,4,4,86,160.25876
2023-09-14,4,5,96,69.09796
2023-09-14,4,6,271,243.75204
2023-09-14,4,7,359,297.91574
2023-09-14,4,8,253,247.49432
2023-09-14,4,9,6,32.372715
2023-09-14,4,10,82,44.782997
2023-09-14,4,11,102,95.67409
2023-09-14,4,12,134,133.84657
2023-09-14,4,13,30,55.94381
2023-09-14,4,14,232,215.85619
2023-09-14,4,15,68,60.524246
2023-09-14,4,16,121,177.6062
2023-09-14,4,17,66,37.991844
2023-09-14,4,18,49,47.34154
2023-09-14,4,19,201,206.17535
2023-09-14,4,20,280,268.04926
2023-09-14,5,1,228,220.64073
2023-09-14,5,2,58,55.780376
2023-09-14,5,3,200,204.90088
2023-09-14,5,4,102,180.38283
2023-09-14,5,5,5,46.420635
2023-09-14,5,6,414,331.7357
2023-09-14,5,7,48,32.079506
2023-09-14,5,8,289,268.3162
2023-09-14,5,9,162,161.64412
2023-09-14,5,10,93,127.0757
2023-09-14,5,11,124,195.78581
2023-09-14,5,12,10,28.632528
2023-09-14,5,13,188,173.63052
2023-09-14,5,14,446,335.81406
2023-09-14,5,15,152,77.54969
2023-09-14,5,16,5,62.881622
2023-09-14,5,17,2,26.689848
2023-09-14,5,18,47,37.952583
2023-09-14,5,19,42,47.4954
2023-09-14,5,20,338,287.98788
2023-09-15,1,1,18,41.393066
2023-09-15,1,2,33,37.852562
2023-09-15,1,3,343,330.5255
2023-09-15,1,4,98,165.4241
2023-09-15,1,5,152,93.05492
2023-09-15,1,6,160,177.89949
2023-09-15,1,7,59,53.509106
2023-09-15,1,8,1,42.624878
2023-09-15,1,9,255,240.94249
2023-09-15,1,10,277,228.21584
2023-09-15,1,11,397,352.02573
2023-09-15,1,12,120,126.73705
2023-09-15,1,13,243,229.2153
2023-09-15,1,14,215,202.95743
2023-09-15,1,15,1,30.892315
2023-09-15,1,16,291,266.91113
2023-09-15,1,17,150,150.30373
2023-09-15,1,18,45,26.436474
2023-09-15,1,19,112,172.06879
2023-09-15,1,20,81,71.60407
2023-09-15,2,1,76,66.73138
2023-09-15,2,2,130,159.79044
2023-09-15,2,3,244,238.70708
2023-09-15,2,4,251,235.2294
2023-09-15,2,5,65,30.851059
2023-09-15,2,6,35,132.89386
2023-09-15,2,7,193,205.49733
2023-09-15,2,8,263,250.81155
2023-09-15,2,9,156,177.97449
2023-09-15,2,10,154,149.75179
2023-09-15,2,11,17,50.413857
2023-09-15,2,12,351,319.4101
2023-09-15,2,13,142,177.63524
2023-09-15,2,14,186,190.20836
2023-09-15,2,15,166,154.29755
2023-09-15,2,16,60,42.592457
2023-09-15,2,17,71,105.86669
2023-09-15,2,18,352,304.9816
2023-09-15,2,19,148,167.97926
2023-09-15,2,20,121,84.623604
2023-09-15,3,1,28,130.37984
2023-09-15,3,2,67,61.61065
2023-09-15,3,3,97,98.41199
2023-09-15,3,4,3,42.446842
2023-09-15,3,5,121,143.1566
2023-09-15,3,6,53,76.81804
2023-09-15,3,7,8,57.193687
2023-09-15,3,8,47,122.40447
2023-09-15,3,9,139,168.74992
2023-09-15,3,10,45,31.20851
2023-09-15,3,11,52,78.96803
2023-09-15,3,12,60,61.56477
2023-09-15,3,13,40,42.15369
2023-09-15,3,14,93,160.49396
2023-09-15,3,15,331,299.94244
2023-09-15,3,16,29,129.04831
2023-09-15,3,17,146,84.02388
2023-09-15,3,18,17,43.855816
2023-09-15,3,19,55,115.444916
2023-09-15,3,20,311,279.34155
2023-09-15,4,1,283,248.2192
2023-09-15,4,2,113,62.834023
2023-09-15,4,3,59,65.09399
2023-09-15,4,4,119,81.959
2023-09-15,4,5,111,145.32028
2023-09-15,4,6,13,61.7783
2023-09-15,4,7,51,63.388794
2023-09-15,4,8,314,276.84747
2023-09-15,4,9,276,243.47064
2023-09-15,4,10,254,228.71324
2023-09-15,4,11,37,56.12728
2023-09-15,4,12,120,160.73062
2023-09-15,4,13,18,51.690876
2023-09-15,4,14,28,59.666164
2023-09-15,4,15,148,169.77332
2023-09-15,4,16,185,93.13383
2023-09-15,4,17,36,28.30061
2023-09-15,4,18,121,93.06879
2023-09-15,4,19,93,122.584755
2023-09-15,4,20,147,195.06499
2023-09-15,5,1,339,314.68594
2023-09-15,5,2,44,15.833806
2023-09-15,5,3,135,167.30397
2023-09-15,5,4,135,137.47073
2023-09-15,5,5,23,27.331017
2023-09-15,5,6,314,293.38968
2023-09-15,5,7,1,48.26994
2023-09-15,5,8,37,39.839104
2023-09-15,5,9,78,59.524097
2023-09-15,5,10,117,151.80515
2023-09-15,5,11,144,186.49933
2023-09-15,5,12,304,287.96408
2023-09-15,5,13,292,270.68347
2023-09-15,5,14,46,52.883007
2023-09-15,5,15,74,68.96438
2023-09-15,5,16,324,302.36456
2023-09-15,5,17,17,22.27231
2023-09-15,5,18,178,93.3189
2023-09-15,5,19,122,67.56706
2023-09-15,5,20,43,55.105465
2023-09-16,1,1,122,90.15104
2023-09-16,1,2,25,85.44287
2023-09-16,1,3,157,92.02663
2023-09-16,1,4,152,161.39482
2023-09-16,1,5,165,153.01353
2023-09-16,1,6,57,51.56311
2023-09-16,1,7,153,156.34012
2023-09-16,1,8,133,178.98222
2023-09-16,1,9,220,219.4439
2023-09-16,1,10,99,152.36755
2023-09-16,1,11,57,138.27132
2023-09-16,1,12,226,231.66014
2023-09-16,1,13,111,79.14745
2023-09-16,1,14,144,109.85722
2023-09-16,1,15,414,354.4376
2023-09-16,1,16,63,50.948013
2023-09-16,1,17,60,29.553276
2023-09-16,1,18,105,86.86747
2023-09-16,1,19,0,26.56805
2023-09-16,1,20,71,69.779274
2023-09-16,2,1,162,109.62951
2023-09-16,2,2,317,296.04562
2023-09-16,2,3,295,281.34286
2023-09-16,2,4,125,66.943085
2023-09-16,2,5,285,251.32991
2023-09-16,2,6,221,202.00842
2023-09-16,2,7,394,331.95123
2023-09-16,2,8,87,55.10776
2023-09-16,2,9,385,339.21915
2023-09-16,2,10,57,46.05093
2023-09-16,2,11,148,176.0771
2023-09-16,2,12,72,66.19824
2023-09-16,2,13,103,76.21057
2023-09-16,2,14,215,181.04527
2023-09-16,2,15,61,53.70913
2023-09-16,2,16,112,164.12358
2023-09-16,2,17,3,35.065804
2023-09-16,2,18,98,166.65703
2023-09-16,2,19,29,25.290413
2023-09-16,2,20,403,341.91156
2023-09-16,3,1,84,153.18547
2023-09-16,3,2,43,31.310778
2023-09-16,3,3,56,44.50284
2023-09-16,3,4,80,126.07526
2023-09-16,3,5,41,31.35011
2023-09-16,3,6,153,173.73592
2023-09-16,3,7,24,39.3638
2023-09-16,3,8,231,229.00902
2023-09-16,3,9,52,51.687344
2023-09-16,3,10,56,33.614113
2023-09-16,3,11,94,46.526352
2023-09-16,3,12,201,204.0025
2023-09-16,3,13,93,61.432297
2023-09-16,3,14,331,290.28702
2023-09-16,3,15,116,193.32005
2023-09-16,3,16,150,165.43279
2023-09-16,3,17,91,49.84213
2023-09-16,3,18,415,346.2305
2023-09-16,3,19,21,24.410406
2023-09-16,3,20,120,165.08405
2023-09-16,4,1,200,200.7069
2023-09-16,4,2,106,75.03788
2023-09-16,4,3,40,32.802982
2023-09-16,4,4,149,152.11452
2023-09-16,4,5,182,155.65594
2023-09-16,4,6,71,61.48167
2023-09-16,4,7,66,128.26509
2023-09-16,4,8,86,145.18361
2023-09-16,4,9,199,201.00806
2023-09-16,4,10,187,159.81996
2023-09-16,4,11,43,96.61633
2023-09-16,4,12,213,200.18134
2023-09-16,4,13,95,143.04047
2023-09-16,4,14,62,39.393456
2023-09-16,4,15,128,98.78956
2023-09-16,4,16,29,39.75633
2023-09-16,4,17,206,165.82576
2023-09-16,4,18,99,82.352486
2023-09-16,4,19,4,24.682545
2023-09-16,4,20,129,92.57909
2023-09-16,5,1,454,334.5358
2023-09-16,5,2,306,270.60947
2023-09-16,5,3,96,66.96664
2023-09-16,5,4,224,182.35397
2023-09-16,5,5,271,237.16858
2023-09-16,5,6,183,188.81848
2023-09-16,5,7,232,223.5125
2023-09-16,5,8,97,83.661415
2023-09-16,5,9,125,95.23529
2023-09-16,5,10,377,334.9372
2023-09-16,5,11,176,63.600452
2023-09-16,5,12,75,65.70723
2023-09-16,5,13,94,66.54518
2023-09-16,5,14,367,316.35394
2023-09-16,5,15,404,355.8613
2023-09-16,5,16,143,95.643074
2023-09-16,5,17,158,157.42075
2023-09-16,5,18,102,157.71872
2023-09-16,5,19,46,27.284924
2023-09-16,5,20,51,62.13249
2023-09-17,1,1,139,176.40515
2023-09-17,1,2,40,38.738155
2023-09-17,1,3,93,61.402958
2023-09-17,1,4,183,59.259937
2023-09-17,1,5,220,237.95479
2023-09-17,1,6,39,117.212395
2023-09-17,1,7,191,192.23627
2023-09-17,1,8,6,31.107841
2023-09-17,1,9,140,107.37442
2023-09-17,1,10,197,198.34843
2023-09-17,1,11,191,157.04254
2023-09-17,1,12,99,157.4052
2023-09-17,1,13,29,40.50568
2023-09-17,1,14,50,38.759384
2023-09-17,1,15,98,91.92699
2023-09-17,1,16,363,322.87625
2023-09-17,1,17,141,85.222725
2023-09-17,1,18,129,164.27037
2023-09-17,1,19,146,76.527855
2023-09-17,1,20,83,72.11714
2023-09-17,2,1,93,149.272
2023-09-17,2,2,86,72.39124
2023-09-17,2,3,133,70.75618
2023-09-17,2,4,89,42.019855
2023-09-17,2,5,15,51.594013
2023-09-17,2,6,91,47.125473
2023-09-17,2,7,165,176.4745
2023-09-17,2,8,167,160.61775
2023-09-17,2,9,66,50.04021
2023-09-17,2,10,0,54.25824
2023-09-17,2,11,131,130.73288
2023-09-17,2,12,142,169.21602
2023-09-17,2,13,52,93.88762
2023-09-17,2,14,2,54.53382
2023-09-17,2,15,338,325.8826
2023-09-17,2,16,193,192.76266
2023-09-17,2,17,2,26.99565
2023-09-17,2,18,150,189.23526
2023-09-17,2,19,34,23.719166
2023-09-17,2,20,119,72.369965
2023-09-17,3,1,86,77.24937
2023-09-17,3,2,12,51.775055
2023-09-17,3,3,151,173.12883
2023-09-17,3,4,127,136.27403
2023-09-17,3,5,239,224.50488
2023-09-17,3,6,98,72.37211
2023-09-17,3,7,159,89.850395
2023-09-17,3,8,134,144.97252
2023-09-17,3,9,26,52.443394
2023-09-17,3,10,171,191.27391
2023-09-17,3,11,20,31.222183
2023-09-17,3,12,34,29.989017
2023-09-17,3,13,26,16.675312
2023-09-17,3,14,23,50.19678
2023-09-17,3,15,389,365.99387
2023-09-17,3,16,190,178.3482
2023-09-17,3,17,240,213.51358
2023-09-17,3,18,221,227.15456
2023-09-17,3,19,129,132.68811
2023-09-17,3,20,169,188.1747
2023-09-17,4,1,11,52.350254
2023-09-17,4,2,77,62.689518
2023-09-17,4,3,43,18.500292
2023-09-17,4,4,64,108.290565
2023-09-17,4,5,0,39.690327
2023-09-17,4,6,19,18.553102
2023-09-17,4,7,203,176.82762
2023-09-17,4,8,133,138.09404
2023-09-17,4,9,234,191.91585
2023-09-17,4,10,236,219.4691
2023-09-17,4,11,269,232.45505
2023-09-17,4,12,142,83.85225
2023-09-17,4,13,102,60.570503
2023-09-17,4,14,220,236.9407
2023-09-17,4,15,85,151.56529
2023-09-17,4,16,178,174.3766
2023-09-17,4,17,56,42.110718
2023-09-17,4,18,48,131.93541
2023-09-17,4,19,143,76.42473
2023-09-17,4,20,12,20.84
2023-09-17,5,1,359,328.17737
2023-09-17,5,2,7,55.68039
2023-09-17,5,3,101,139.03918
2023-09-17,5,4,140,159.85228
2023-09-17,5,5,127,168.13206
2023-09-17,5,6,182,143.05882
2023-09-17,5,7,95,128.34378
2023-09-17,5,8,117,145.29129
2023-09-17,5,9,216,203.28688
2023-09-17,5,10,292,279.90277
2023-09-17,5,11,22,38.430473
2023-09-17,5,12,29,104.2516
2023-09-17,5,13,132,69.1466
2023-09-17,5,14,160,176.26556
2023-09-17,5,15,156,193.10136
2023-09-17,5,16,245,233.32588
2023-09-17,5,17,12,49.269432
2023-09-17,5,18,21,27.554369
2023-09-17,5,19,99,61.634148
2023-09-17,5,20,61,39.206882
2023-09-18,1,1,262,254.46568
2023-09-18,1,2,63,113.12114
2023-09-18,1,3,328,298.3935
2023-09-18,1,4,31,27.881205
2023-09-18,1,5,62,51.387108
2023-09-18,1,6,335,286.39075
2023-09-18,1,7,206,174.92209
2023-09-18,1,8,91,107.22825
2023-09-18,1,9,223,219.87569
2023-09-18,1,10,15,50.28271
2023-09-18,1,11,336,298.73065
2023-09-18,1,12,347,293.2528
2023-09-18,1,13,30,27.353561
2023-09-18,1,14,47,49.73167
2023-09-18,1,15,247,260.90103
2023-09-18,1,16,138,72.108315
2023-09-18,1,17,331,298.23178
2023-09-18,1,18,219,197.93036
2023-09-18,1,19,60,38.67203
2023-09-18,1,20,386,335.81244
2023-09-18,2,1,312,272.60016
2023-09-18,2,2,8,25.191408
2023-09-18,2,3,286,258.49747
2023-09-18,2,4,90,110.62191
2023-09-18,2,5,43,34.9597
2023-09-18,2,6,77,56.313587
2023-09-18,2,7,48,27.28295
2023-09-18,2,8,145,69.96083
2023-09-18,2,9,101,152.70192
2023-09-18,2,10,69,70.79139
2023-09-18,2,11,27,44.560863
2023-09-18,2,12,93,58.013546
2023-09-18,2,13,354,303.8417
2023-09-18,2,14,49,35.729313
2023-09-18,2,15,57,63.951332
2023-09-18,2,16,8,50.29297
2023-09-18,2,17,66,41.27571
2023-09-18,2,18,12,39.265923
2023-09-18,2,19,103,58.80739
2023-09-18,2,20,1,32.754856
2023-09-18,3,1,43,132.49944
2023-09-18,3,2,194,162.08092
2023-09-18,3,3,0,35.46984
2023-09-18,3,4,6,21.410887
2023-09-18,3,5,4,35.768642
2023-09-18,3,6,80,77.631905
2023-09-18,3,7,128,142.75127
2023-09-18,3,8,192,154.65128
2023-09-18,3,9,382,344.74756
2023-09-18,3,10,127,165.82999
2023-09-18,3,11,63,58.681244
2023-09-18,3,12,72,63.070957
2023-09-18,3,13,169,164.6333
2023-09-18,3,14,63,34.53144
2023-09-18,3,15,69,86.33911
2023-09-18,3,16,54,126.06606
2023-09-18,3,17,86,73.99713
2023-09-18,3,18,35,40.206337
2023-09-18,3,19,134,59.957333
2023-09-18,3,20,21,54.107372
2023-09-18,4,1,218,228.62326
2023-09-18,4,2,20,21.932615
2023-09-18,4,3,121,75.015785
2023-09-18,4,4,25,28.608072
2023-09-18,4,5,263,229.57466
2023-09-18,4,6,1,42.825207
2023-09-18,4,7,173,166.79175
2023-09-18,4,8,98,58.907543
2023-09-18,4,9,87,67.90391
2023-09-18,4,10,89,146.40738
2023-09-18,4,11,124,163.71043
2023-09-18,4,12,139,180.69014
2023-09-18,4,13,225,210.83069
2023-09-18,4,14,124,149.38206
2023-09-18,4,15,10,51.284294
2023-09-18,4,16,1,41.20483
2023-09-18,4,17,93,149.01573
2023-09-18,4,18,4,49.49664
2023-09-18,4,19,206,169.1156
2023-09-18,4,20,81,72.45697
2023-09-18,5,1,264,255.87077
2023-09-18,5,2,97,65.87798
2023-09-18,5,3,50,57.34212
2023-09-18,5,4,9,22.230516
2023-09-18,5,5,40,33.6199
2023-09-18,5,6,110,84.93867
2023-09-18,5,7,111,143.75145
2023-09-18,5,8,59,33.731186
2023-09-18,5,9,234,233.5554
2023-09-18,5,10,0,52.00862
2023-09-18,5,11,77,54.290386
2023-09-18,5,12,99,155.20374
2023-09-18,5,13,99,91.28297
2023-09-18,5,14,295,260.8992
2023-09-18,5,15,446,349.52145
2023-09-18,5,16,15,42.24663
2023-09-18,5,17,93,72.76762
2023-09-18,5,18,356,313.17538
2023-09-18,5,19,121,142.07484
2023-09-18,5,20,71,139.45853
2023-09-19,1,1,72,74.288376
2023-09-19,1,2,170,159.8855
2023-09-19,1,3,37,44.44065
2023-09-19,1,4,332,297.19525
2023-09-19,1,5,40,27.636856
2023-09-19,1,6,419,335.76584
2023-09-19,1,7,28,35.830585
2023-09-19,1,8,21,27.500025
2023-09-19,1,9,17,60.93453
2023-09-19,1,10,212,175.13599
2023-09-19,1,11,198,186.9317
2023-09-19,1,12,63,56.560078
2023-09-19,1,13,62,43.57545
2023-09-19,1,14,31,31.352844
2023-09-19,1,15,131,89.62934
2023-09-19,1,16,151,163.3156
2023-09-19,1,17,130,154.98395
2023-09-19,1,18,90,62.014748
2023-09-19,1,19,60,97.09137
2023-09-19,1,20,19,47.99829
2023-09-19,2,1,92,151.77592
2023-09-19,2,2,196,175.35643
2023-09-19,2,3,60,51.22758
2023-09-19,2,4,153,160.6498
2023-09-19,2,5,81,61.32155
2023-09-19,2,6,283,259.68518
2023-09-19,2,7,303,253.07901
2023-09-19,2,8,172,83.805565
2023-09-19,2,9,231,234.04362
2023-09-19,2,10,45,33.15771
2023-09-19,2,11,382,340.84045
2023-09-19,2,12,98,148.10841
2023-09-19,2,13,134,158.86943
2023-09-19,2,14,261,233.04147
2023-09-19,2,15,92,166.82321
2023-09-19,2,16,20,100.00315
2023-09-19,2,17,106,83.48058
2023-09-19,2,18,6,53.81672
2023-09-19,2,19,99,65.96154
2023-09-19,2,20,79,143.10492
2023-09-19,3,1,71,59.290855
2023-09-19,3,2,43,47.28601
2023-09-19,3,3,90,132.09483
2023-09-19,3,4,66,129.07242
2023-09-19,3,5,42,41.288406
2023-09-19,3,6,70,158.75436
2023-09-19,3,7,327,298.7692
2023-09-19,3,8,183,154.27925
2023-09-19,3,9,196,197.52937
2023-09-19,3,10,10,36.870518
2023-09-19,3,11,60,53.552456
2023-09-19,3,12,30,18.723959
2023-09-19,3,13,1,43.885063
2023-09-19,3,14,195,189.95352
2023-09-19,3,15,268,264.05984
2023-09-19,3,16,141,145.08058
2023-09-19,3,17,134,59.322567
2023-09-19,3,18,80,81.745926
2023-09-19,3,19,4,29.69667
2023-09-19,3,20,85,119.238884
2023-09-19,4,1,316,264.63535
2023-09-19,4,2,72,62.84265
2023-09-19,4,3,47,31.033564
2023-09-19,4,4,29,40.428833
2023-09-19,4,5,174,170.3022
2023-09-19,4,6,73,73.37872
2023-09-19,4,7,86,64.07148
2023-09-19,4,8,201,175.63644
2023-09-19,4,9,18,48.06832
2023-09-19,4,10,8,33.5958
2023-09-19,4,11,245,246.91017
2023-09-19,4,12,67,120.25949
2023-09-19,4,13,48,39.217083
2023-09-19,4,14,19,43.16179
2023-09-19,4,15,299,285.35077
2023-09-19,4,16,386,331.12833
2023-09-19,4,17,333,297.45917
2023-09-19,4,18,134,167.66646
2023-09-19,4,19,410,338.14038
2023-09-19,4,20,303,258.19687
2023-09-19,5,1,142,91.3677
2023-09-19,5,2,196,165.03519
2023-09-19,5,3,257,228.5192
2023-09-19,5,4,111,151.31711
2023-09-19,5,5,8,27.861462
2023-09-19,5,6,47,63.304672
2023-09-19,5,7,150,184.22112
2023-09-19,5,8,122,146.63089
2023-09-19,5,9,207,190.03845
2023-09-19,5,10,212,179.52046
2023-09-19,5,11,184,195.84236
2023-09-19,5,12,311,264.889
2023-09-19,5,13,223,201.705
2023-09-19,5,14,194,185.75833
2023-09-19,5,15,200,192.14517
2023-09-19,5,16,148,182.64696
2023-09-19,5,17,80,42.29833
2023-09-19,5,18,70,62.14723
2023-09-19,5,19,381,366.79263
2023-09-19,5,20,69,129.51988
2023-09-20,1,1,104,160.82544
2023-09-20,1,2,151,159.39813
2023-09-20,1,3,63,112.096344
2023-09-20,1,4,354,318.6076
2023-09-20,1,5,394,316.87314
2023-09-20,1,6,295,282.31403
2023-09-20,1,7,64,46.70546
2023-09-20,1,8,46,31.17017
2023-09-20,1,9,108,160.81339
2023-09-20,1,10,122,75.34184
2023-09-20,1,11,17,60.15879
2023-09-20,1,12,55,107.964775
2023-09-20,1,13,401,335.7362
2023-09-20,1,14,114,168.10022
2023-09-20,1,15,34,58.537037
2023-09-20,1,16,76,61.431488
2023-09-20,1,17,75,66.20967
2023-09-20,1,18,264,251.42969
2023-09-20,1,19,246,247.55142
2023-09-20,1,20,202,182.71574
2023-09-20,2,1,183,164.76274
2023-09-20,2,2,256,231.33893
2023-09-20,2,3,28,40.699078
2023-09-20,2,4,7,37.05946
2023-09-20,2,5,91,55.810585
2023-09-20,2,6,36,50.01108
2023-09-20,2,7,63,51.861073
2023-09-20,2,8,11,35.848217
2023-09-20,2,9,75,64.35637
2023-09-20,2,10,27,32.30039
2023-09-20,2,11,86,79.501755
2023-09-20,2,12,46,35.183865
2023-09-20,2,13,115,79.21146
2023-09-20,2,14,175,170.39516
2023-09-20,2,15,246,229.47757
2023-09-20,2,16,8,51.42444
2023-09-20,2,17,56,51.303596
2023-09-20,2,18,190,168.63684
2023-09-20,2,19,49,62.81232
2023-09-20,2,20,26,35.984116
2023-09-20,3,1,69,142.37338
2023-09-20,3,2,168,160.48979
2023-09-20,3,3,91,119.93013
2023-09-20,3,4,432,347.13766
2023-09-20,3,5,215,191.9376
2023-09-20,3,6,18,56.21752
2023-09-20,3,7,89,59.73719
2023-09-20,3,8,107,147.3859
2023-09-20,3,9,24,46.968597
2023-09-20,3,10,26,30.001532
2023-09-20,3,11,148,182.77422
2023-09-20,3,12,174,166.20584
2023-09-20,3,13,122,181.37599
2023-09-20,3,14,0,43.419724
2023-09-20,3,15,66,52.88987
2023-09-20,3,16,60,59.364685
2023-09-20,3,17,151,168.15442
2023-09-20,3,18,96,62.047123
2023-09-20,3,19,209,230.05338
2023-09-20,3,20,44,133.85854
2023-09-20,4,1,206,203.03491
2023-09-20,4,2,63,38.66014
2023-09-20,4,3,71,50.89182
2023-09-20,4,4,104,167.0587
2023-09-20,4,5,149,187.71571
2023-09-20,4,6,108,80.6519
2023-09-20,4,7,167,169.1872
2023-09-20,4,8,218,195.15778
2023-09-20,4,9,92,56.40917
2023-09-20,4,10,308,260.15683
2023-09-20,4,11,8,34.061646
2023-09-20,4,12,269,246.4403
2023-09-20,4,13,34,54.609806
2023-09-20,4,14,253,234.0625
2023-09-20,4,15,83,153.90205
2023-09-20,4,16,125,153.13089
2023-09-20,4,17,175,166.32605
2023-09-20,4,18,59,37.587685
2023-09-20,4,19,5,66.61619
2023-09-20,4,20,150,178.07605
2023-09-20,5,1,204,182.66197
2023-09-20,5,2,359,322.80826
2023-09-20,5,3,74,60.904556
2023-09-20,5,4,191,198.76099
2023-09-20,5,5,249,244.4737
2023-09-20,5,6,151,102.26545
2023-09-20,5,7,39,17.18046
2023-09-20,5,8,47,97.674126
2023-09-20,5,9,97,132.74352
2023-09-20,5,10,134,81.79216
2023-09-20,5,11,95,62.527233
2023-09-20,5,12,16,38.873016
2023-09-20,5,13,152,192.66219
2023-09-20,5,14,94,135.03394
2023-09-20,5,15,47,124.43858
2023-09-20,5,16,125,76.03862
2023-09-20,5,17,99,142.18979
2023-09-20,5,18,389,348.23917
2023-09-20,5,19,71,92.15747
2023-09-20,5,20,19,46.341827
2023-09-21,1,1,309,253.09325
2023-09-21,1,2,125,162.87521
2023-09-21,1,3,26,29.10063
2023-09-21,1,4,136,187.55617
2023-09-21,1,5,19,43.460117
2023-09-21,1,6,106,149.04872
2023-09-21,1,7,2,32.358356
2023-09-21,1,8,118,131.6992
2023-09-21,1,9,180,155.33339
2023-09-21,1,10,58,127.49578
2023-09-21,1,11,228,207.56685
2023-09-21,1,12,197,195.84492
2023-09-21,1,13,124,167.89497
2023-09-21,1,14,119,75.521645
2023-09-21,1,15,4,42.329155
2023-09-21,1,16,215,168.28607
2023-09-21,1,17,206,163.41734
2023-09-21,1,18,241,222.83888
2023-09-21,1,19,52,56.371395
2023-09-21,1,20,242,199.54945
2023-09-21,2,1,126,64.95913
2023-09-21,2,2,132,160.4498
2023-09-21,2,3,420,336.11026
2023-09-21,2,4,126,178.37013
2023-09-21,2,5,11,53.745792
2023-09-21,2,6,177,175.91496
2023-09-21,2,7,228,208.57858
2023-09-21,2,8,2,26.839235
2023-09-21,2,9,117,132.84059
2023-09-21,2,10,40,43.597046
2023-09-21,2,11,13,38.13517
2023-09-21,2,12,239,210.47246
2023-09-21,2,13,47,49.50916
2023-09-21,2,14,6,34.646732
2023-09-21,2,15,114,141.51355
2023-09-21,2,16,181,155.62003
2023-09-21,2,17,18,25.858234
2023-09-21,2,18,194,197.9934
2023-09-21,2,19,316,277.00015
2023-09-21,2,20,58,44.737988
2023-09-21,3,1,25,46.557846
2023-09-21,3,2,17,48.968674
2023-09-21,3,3,181,165.15332
2023-09-21,3,4,170,175.72714
2023-09-21,3,5,203,182.11777
2023-09-21,3,6,71,34.397064
2023-09-21,3,7,12,23.224682
2023-09-21,3,8,45,108.46242
2023-09-21,3,9,157,153.84964
2023-09-21,3,10,14,42.35235
2023-09-21,3,11,332,286.12125
2023-09-21,3,12,173,172.8484
2023-09-21,3,13,188,149.29112
2023-09-21,3,14,309,269.12115
2023-09-21,3,15,272,229.88469
2023-09-21,3,16,32,28.995306
2023-09-21,3,17,137,137.3805
2023-09-21,3,18,23,59.64798
2023-09-21,3,19,245,233.15077
2023-09-21,3,20,219,202.12286
2023-09-21,4,1,22,49.132454
2023-09-21,4,2,61,52.04995
2023-09-21,4,3,20,48.308346
2023-09-21,4,4,120,88.920586
2023-09-21,4,5,104,75.45179
2023-09-21,4,6,132,137.25919
2023-09-21,4,7,386,347.5119
2023-09-21,4,8,54,47.07506
2023-09-21,4,9,62,120.461784
2023-09-21,4,10,222,196.87941
2023-09-21,4,11,65,112.82681
2023-09-21,4,12,349,314.15335
2023-09-21,4,13,115,140.72887
2023-09-21,4,14,36,34.01068
2023-09-21,4,15,213,184.4872
2023-09-21,4,16,6,28.966135
2023-09-21,4,17,83,60.70574
2023-09-21,4,18,14,53.236412
2023-09-21,4,19,73,68.59303
2023-09-21,4,20,264,236.4714
2023-09-21,5,1,206,203.00034
2023-09-21,5,2,80,59.625175
2023-09-21,5,3,271,253.62471
2023-09-21,5,4,41,20.922222
2023-09-21,5,5,8,33.5974
2023-09-21,5,6,256,223.86064
2023-09-21,5,7,130,72.74312
2023-09-21,5,8,212,181.63034
2023-09-21,5,9,371,314.81958
2023-09-21,5,10,32,44.62554
2023-09-21,5,11,24,51.678535
2023-09-21,5,12,64,52.05209
2023-09-21,5,13,168,160.81937
2023-09-21,5,14,281,254.64066
2023-09-21,5,15,151,171.02898
2023-09-21,5,16,17,27.484478
2023-09-21,5,17,82,51.508633
2023-09-21,5,18,221,234.0278
2023-09-21,5,19,285,285.2069
2023-09-21,5,20,269,233.21391
2023-09-22,1,1,234,233.84383
2023-09-22,1,2,105,156.37666
2023-09-22,1,3,253,251.61554
2023-09-22,1,4,95,114.74253
2023-09-22,1,5,443,345.04855
2023-09-22,1,6,183,156.0036
2023-09-22,1,7,214,198.95921
2023-09-22,1,8,255,229.0964
2023-09-22,1,9,35,29.236046
2023-09-22,1,10,343,288.00262
2023-09-22,1,11,44,49.25118
2023-09-22,1,12,65,137.34697
2023-09-22,1,13,410,343.11176
2023-09-22,1,14,140,94.02075
2023-09-22,1,15,226,222.95488
2023-09-22,1,16,73,50.63383
2023-09-22,1,17,20,36.0985
2023-09-22,1,18,370,332.32043
2023-09-22,1,19,312,275.3655
2023-09-22,1,20,325,300.791
2023-09-22,2,1,325,313.53323
2023-09-22,2,2,275,228.86478
2023-09-22,2,3,21,58.12343
2023-09-22,2,4,177,150.2248
2023-09-22,2,5,34,47.804794
2023-09-22,2,6,302,254.8137
2023-09-22,2,7,46,44.49318
2023-09-22,2,8,18,36.936886
2023-09-22,2,9,100,81.963715
2023-09-22,2,10,90,143.25212
2023-09-22,2,11,45,41.413544
2023-09-22,2,12,346,296.33087
2023-09-22,2,13,249,242.24852
2023-09-22,2,14,25,56.011227
2023-09-22,2,15,13,41.52609
2023-09-22,2,16,158,161.04123
2023-09-22,2,17,25,19.40956
2023-09-22,2,18,16,45.359196
2023-09-22,2,19,70,68.23824
2023-09-22,2,20,268,231.59938
2023-09-22,3,1,41,37.648056
2023-09-22,3,2,24,36.445244
2023-09-22,3,3,126,177.65009
2023-09-22,3,4,129,62.610935
2023-09-22,3,5,7,64.74967
2023-09-22,3,6,29,40.6201
2023-09-22,3,7,188,185.38145
2023-09-22,3,8,25,45.42122
2023-09-22,3,9,96,149.30418
2023-09-22,3,10,13,50.01955
2023-09-22,3,11,41,56.89966
2023-09-22,3,12,29,47.332264
2023-09-22,3,13,207,207.06598
2023-09-22,3,14,147,193.56941
2023-09-22,3,15,374,365.26947
2023-09-22,3,16,50,32.776447
2023-09-22,3,17,126,135.97505
2023-09-22,3,18,70,77.61241
2023-09-22,3,19,0,54.492382
2023-09-22,3,20,108,175.6616
2023-09-22,4,1,385,339.49185
2023-09-22,4,2,143,145.26128
2023-09-22,4,3,108,152.7754
2023-09-22,4,4,86,39.66376
2023-09-22,4,5,32,60.846294
2023-09-22,4,6,79,63.915344
2023-09-22,4,7,31,57.75785
2023-09-22,4,8,27,51.838303
2023-09-22,4,9,69,74.595955
2023-09-22,4,10,38,55.746765
2023-09-22,4,11,247,236.829
2023-09-22,4,12,105,98.2683
2023-09-22,4,13,283,259.89963
2023-09-22,4,14,268,245.46155
2023-09-22,4,15,208,197.33154
2023-09-22,4,16,12,27.351204
2023-09-22,4,17,82,44.220287
2023-09-22,4,18,313,289.37668
2023-09-22,4,19,41,48.476994
2023-09-22,4,20,54,56.980892
2023-09-22,5,1,82,82.977455
2023-09-22,5,2,118,139.96123
2023-09-22,5,3,79,61.18634
2023-09-22,5,4,70,42.800842
2023-09-22,5,5,74,146.4854
2023-09-22,5,6,88,146.8052
2023-09-22,5,7,39,57.814972
2023-09-22,5,8,70,65.00079
2023-09-22,5,9,167,175.83723
2023-09-22,5,10,67,62.695423
2023-09-22,5,11,69,47.474957
2023-09-22,5,12,17,54.36851
2023-09-22,5,13,3,63.56456
2023-09-22,5,14,10,39.671787
2023-09-22,5,15,15,128.51805
2023-09-22,5,16,28,30.118721
2023-09-22,5,17,103,136.3111
2023-09-22,5,18,94,66.71253
2023-09-22,5,19,59,61.10864
2023-09-22,5,20,4,58.047398
2023-09-23,1,1,283,259.9861
2023-09-23,1,2,39,36.524815
2023-09-23,1,3,43,108.16973
2023-09-23,1,4,43,14.854119
2023-09-23,1,5,225,232.41736
2023-09-23,1,6,26,52.49647
2023-09-23,1,7,212,179.89157
2023-09-23,1,8,223,212.98802
2023-09-23,1,9,265,251.6873
2023-09-23,1,10,368,321.20523
2023-09-23,1,11,1,33.36506
2023-09-23,1,12,193,202.05779
2023-09-23,1,13,14,67.85951
2023-09-23,1,14,217,227.22055
2023-09-23,1,15,136,165.96672
2023-09-23,1,16,230,198.60593
2023-09-23,1,17,196,169.97893
2023-09-23,1,18,27,60.234592
2023-09-23,1,19,138,168.7944
2023-09-23,1,20,9,48.708527
2023-09-23,2,1,49,52.86687
2023-09-23,2,2,56,42.66574
2023-09-23,2,3,25,34.70363
2023-09-23,2,4,37,19.683167
2023-09-23,2,5,302,268.18143
2023-09-23,2,6,37,46.604736
2023-09-23,2,7,93,127.042946
2023-09-23,2,8,77,63.877586
2023-09-23,2,9,126,65.703285
2023-09-23,2,10,122,159.0101
2023-09-23,2,11,136,151.03792
2023-09-23,2,12,176,177.48732
2023-09-23,2,13,281,255.14005
2023-09-23,2,14,3,37.758194
2023-09-23,2,15,31,44.54856
2023-09-23,2,16,47,102.124084
2023-09-23,2,17,315,248.34868
2023-09-23,2,18,42,58.65671
2023-09-23,2,19,28,50.07698
2023-09-23,2,20,156,174.16994
2023-09-23,3,1,78,81.213
2023-09-23,3,2,65,116.67489
2023-09-23,3,3,17,32.148537
2023-09-23,3,4,442,328.0192
2023-09-23,3,5,298,263.01456
2023-09-23,3,6,282,246.66928
2023-09-23,3,7,96,52.06501
2023-09-23,3,8,100,143.0163
2023-09-23,3,9,82,134.39323
2023-09-23,3,10,5,43.06946
2023-09-23,3,11,214,182.92897
2023-09-23,3,12,145,167.51923
2023-09-23,3,13,32,47.42402
2023-09-23,3,14,41,46.19834
2023-09-23,3,15,69,144.08604
2023-09-23,3,16,48,32.318996
2023-09-23,3,17,107,58.996662
2023-09-23,3,18,353,328.249
2023-09-23,3,19,57,104.2954
2023-09-23,3,20,70,138.4601
2023-09-23,4,1,156,108.08597
2023-09-23,4,2,26,15.454684
2023-09-23,4,3,154,142.94824
2023-09-23,4,4,96,60.46577
2023-09-23,4,5,172,187.07193
2023-09-23,4,6,120,152.31523
2023-09-23,4,7,88,121.32211
2023-09-23,4,8,142,121.0344
2023-09-23,4,9,95,49.626003
2023-09-23,4,10,82,67.55933
2023-09-23,4,11,35,107.55843
2023-09-23,4,12,289,255.07224
2023-09-23,4,13,311,276.12012
2023-09-23,4,14,199,190.67836
2023-09-23,4,15,106,164.78644
2023-09-23,4,16,222,208.26576
2023-09-23,4,17,47,43.742825
2023-09-23,4,18,433,351.77
2023-09-23,4,19,6,13.554649
2023-09-23,4,20,107,139.09283
2023-09-23,5,1,302,285.94122
2023-09-23,5,2,67,122.50275
2023-09-23,5,3,415,326.03677
2023-09-23,5,4,35,60.871586
2023-09-23,5,5,137,168.73427
2023-09-23,5,6,159,168.60762
2023-09-23,5,7,143,148.64249
2023-09-23,5,8,44,29.438326
2023-09-23,5,9,204,176.52898
2023-09-23,5,10,45,50.225307
2023-09-23,5,11,40,43.638824
2023-09-23,5,12,41,30.544468
2023-09-23,5,13,83,58.31237
2023-09-23,5,14,123,90.956024
2023-09-23,5,15,69,53.266747
2023-09-23,5,16,30,38.416363
2023-09-23,5,17,129,91.0966
2023-09-23,5,18,84,71.36099
2023-09-23,5,19,135,134.19984
2023-09-23,5,20,201,173.46771
2023-09-24,1,1,28,39.603344
2023-09-24,1,2,62,25.562788
2023-09-24,1,3,41,33.565506
2023-09-24,1,4,393,353.9225
2023-09-24,1,5,242,227.51833
2023-09-24,1,6,23,121.348274
2023-09-24,1,7,15,33.754307
2023-09-24,1,8,6,32.37961
2023-09-24,1,9,153,81.97399
2023-09-24,1,10,20,40.835133
2023-09-24,1,11,54,31.497728
2023-09-24,1,12,177,178.96495
2023-09-24,1,13,1,40.8501
2023-09-24,1,14,17,120.03254
2023-09-24,1,15,32,19.712088
2023-09-24,1,16,20,42.511257
2023-09-24,1,17,82,140.61533
2023-09-24,1,18,199,198.05338
2023-09-24,1,19,2,28.62516
2023-09-24,1,20,73,46.702465
2023-09-24,2,1,57,50.80209
2023-09-24,2,2,101,123.79301
2023-09-24,2,3,424,357.29117
2023-09-24,2,4,146,182.48303
2023-09-24,2,5,53,132.44403
2023-09-24,2,6,87,60.056374
2023-09-24,2,7,228,204.19763
2023-09-24,2,8,136,145.08754
2023-09-24,2,9,146,165.11978
2023-09-24,2,10,237,222.54639
2023-09-24,2,11,370,311.54153
2023-09-24,2,12,227,213.80428
2023-09-24,2,13,45,53.800415
2023-09-24,2,14,150,87.27789
2023-09-24,2,15,99,66.0924
2023-09-24,2,16,151,83.76689
2023-09-24,2,17,101,148.622
2023-09-24,2,18,170,188.79964
2023-09-24,2,19,16,30.318314
2023-09-24,2,20,415,341.06177
2023-09-24,3,1,10,35.664505
2023-09-24,3,2,337,291.6185
2023-09-24,3,3,182,188.95595
2023-09-24,3,4,303,298.10913
2023-09-24,3,5,25,43.892372
2023-09-24,3,6,140,179.18457
2023-09-24,3,7,216,192.82883
2023-09-24,3,8,153,147.45943
2023-09-24,3,9,156,153.93051
2023-09-24,3,10,414,331.81982
2023-09-24,3,11,144,99.91373
2023-09-24,3,12,180,157.91336
2023-09-24,3,13,126,93.72779
2023-09-24,3,14,173,165.5149
2023-09-24,3,15,118,60.422924
2023-09-24,3,16,99,66.07649
2023-09-24,3,17,161,165.46529
2023-09-24,3,18,284,267.67633
2023-09-24,3,19,248,229.6324
2023-09-24,3,20,42,47.32102
2023-09-24,4,1,45,113.9563
2023-09-24,4,2,64,118.58089
2023-09-24,4,3,158,114.594025
2023-09-24,4,4,39,58.12322
2023-09-24,4,5,168,180.97997
2023-09-24,4,6,31,44.353745
2023-09-24,4,7,235,218.07484
2023-09-24,4,8,137,58.930313
2023-09-24,4,9,56,27.974539
2023-09-24,4,10,80,65.34971
2023-09-24,4,11,134,166.21797
2023-09-24,4,12,164,174.9944
2023-09-24,4,13,104,88.71925
2023-09-24,4,14,40,111.25627
2023-09-24,4,15,55,37.733826
2023-09-24,4,16,276,239.62999
2023-09-24,4,17,248,209.52388
2023-09-24,4,18,109,189.91856
2023-09-24,4,19,108,155.74422
2023-09-24,4,20,308,275.98233
2023-09-24,5,1,236,225.133
2023-09-24,5,2,431,351.4784
2023-09-24,5,3,368,336.49484
2023-09-24,5,4,448,369.93994
2023-09-24,5,5,174,158.39615
2023-09-24,5,6,40,22.039494
2023-09-24,5,7,161,184.07022
2023-09-24,5,8,273,221.55531
2023-09-24,5,9,6,24.21701
2023-09-24,5,10,236,237.31201
2023-09-24,5,11,335,305.6542
2023-09-24,5,12,58,47.626995
2023-09-24,5,13,252,229.4283
2023-09-24,5,14,5,34.27075
2023-09-24,5,15,92,110.95268
2023-09-24,5,16,11,45.307827
2023-09-24,5,17,231,201.09306
2023-09-24,5,18,235,232.67981
2023-09-24,5,19,325,314.45236
2023-09-24,5,20,98,83.45415
2023-09-25,1,1,41,45.658783
2023-09-25,1,2,33,51.538994
2023-09-25,1,3,82,79.77525
2023-09-25,1,4,82,70.06146
2023-09-25,1,5,76,125.5954
2023-09-25,1,6,154,151.87395
2023-09-25,1,7,190,163.31235
2023-09-25,1,8,21,36.567116
2023-09-25,1,9,53,37.93852
2023-09-25,1,10,127,172.68098
2023-09-25,1,11,195,197.13951
2023-09-25,1,12,96,61.1387
2023-09-25,1,13,50,21.325169
2023-09-25,1,14,30,33.94132
2023-09-25,1,15,240,189.90549
2023-09-25,1,16,168,87.57362
2023-09-25,1,17,358,316.9658
2023-09-25,1,18,158,157.20805
2023-09-25,1,19,98,73.83521
2023-09-25,1,20,33,66.78734
2023-09-25,2,1,301,255.06325
2023-09-25,2,2,313,293.4426
2023-09-25,2,3,32,64.50498
2023-09-25,2,4,26,60.767593
2023-09-25,2,5,213,172.71043
2023-09-25,2,6,96,46.070084
2023-09-25,2,7,28,51.834
2023-09-25,2,8,222,205.73578
2023-09-25,2,9,117,130.30254
2023-09-25,2,10,152,196.84366
2023-09-25,2,11,47,57.042454
2023-09-25,2,12,328,309.6129
2023-09-25,2,13,100,142.71469
2023-09-25,2,14,62,112.28112
2023-09-25,2,15,412,324.75427
2023-09-25,2,16,8,39.617012
2023-09-25,2,17,0,46.096615
2023-09-25,2,18,19,45.458824
2023-09-25,2,19,1,50.247875
2023-09-25,2,20,61,72.98808
2023-09-25,3,1,102,94.87132
2023-09-25,3,2,62,66.595825
2023-09-25,3,3,173,208.93614
2023-09-25,3,4,200,211.85568
2023-09-25,3,5,355,311.252
2023-09-25,3,6,5,18.761292
2023-09-25,3,7,163,159.8523
2023-09-25,3,8,49,34.726894
2023-09-25,3,9,132,136.17973
2023-09-25,3,10,78,74.38625
2023-09-25,3,11,298,295.30313
2023-09-25,3,12,51,46.90918
2023-09-25,3,13,22,32.64515
2023-09-25,3,14,54,43.61586
2023-09-25,3,15,100,164.65808
2023-09-25,3,16,74,74.214096
2023-09-25,3,17,184,113.48291
2023-09-25,3,18,70,64.5934
2023-09-25,3,19,171,180.94833
2023-09-25,3,20,156,198.60692
2023-09-25,4,1,165,178.7789
2023-09-25,4,2,153,200.02321
2023-09-25,4,3,76,68.16915
2023-09-25,4,4,0,57.521454
2023-09-25,4,5,188,169.78215
2023-09-25,4,6,318,284.49393
2023-09-25,4,7,112,159.45216
2023-09-25,4,8,39,46.804394
2023-09-25,4,9,198,173.08463
2023-09-25,4,10,64,63.712013
2023-09-25,4,11,22,46.65147
2023-09-25,4,12,43,46.84828
2023-09-25,4,13,217,207.18396
2023-09-25,4,14,416,341.1598
2023-09-25,4,15,24,52.53868
2023-09-25,4,16,4,44.54383
2023-09-25,4,17,36,60.348698
2023-09-25,4,18,187,163.8694
2023-09-25,4,19,316,287.1297
2023-09-25,4,20,52,50.377117
2023-09-25,5,1,32,37.564198
2023-09-25,5,2,14,59.48147
2023-09-25,5,3,274,243.10008
2023-09-25,5,4,70,85.6553
2023-09-25,5,5,122,83.95109
2023-09-25,5,6,251,231.07883
2023-09-25,5,7,27,40.747723
2023-09-25,5,8,88,142.30698
2023-09-25,5,9,87,126.82132
2023-09-25,5,10,49,106.240486
2023-09-25,5,11,10,46.309334
2023-09-25,5,12,22,47.08077
2023-09-25,5,13,240,208.81291
2023-09-25,5,14,382,342.4493
2023-09-25,5,15,83,75.038284
2023-09-25,5,16,59,65.52669
2023-09-25,5,17,40,56.77754
2023-09-25,5,18,84,43.60834
2023-09-25,5,19,334,305.85358
2023-09-25,5,20,108,88.86182
2023-09-26,1,1,111,74.72627
2023-09-26,1,2,112,173.90323
2023-09-26,1,3,30,42.20943
2023-09-26,1,4,207,204.22894
2023-09-26,1,5,108,172.06972
2023-09-26,1,6,256,251.71463
2023-09-26,1,7,166,159.7337
2023-09-26,1,8,70,137.93709
2023-09-26,1,9,11,28.17068
2023-09-26,1,10,168,172.21384
2023-09-26,1,11,267,253.50914
2023-09-26,1,12,240,213.7397
2023-09-26,1,13,104,154.4653
2023-09-26,1,14,84,151.99802
2023-09-26,1,15,154,193.86148
2023-09-26,1,16,88,45.36331
2023-09-26,1,17,105,95.14201
2023-09-26,1,18,408,340.50833
2023-09-26,1,19,307,273.66876
2023-09-26,1,20,6,19.361296
2023-09-26,2,1,36,49.739773
2023-09-26,2,2,135,78.90319
2023-09-26,2,3,70,61.089436
2023-09-26,2,4,39,36.77766
2023-09-26,2,5,175,162.57773
2023-09-26,2,6,157,185.07918
2023-09-26,2,7,412,344.94037
2023-09-26,2,8,83,41.344612
2023-09-26,2,9,115,139.76665
2023-09-26,2,10,6,29.172928
2023-09-26,2,11,16,41.909164
2023-09-26,2,12,82,130.90166
2023-09-26,2,13,38,44.699677
2023-09-26,2,14,39,63.56085
2023-09-26,2,15,161,185.63953
2023-09-26,2,16,27,32.232224
2023-09-26,2,17,96,71.93475
2023-09-26,2,18,204,196.506
2023-09-26,2,19,321,303.544
2023-09-26,2,20,163,169.5734
2023-09-26,3,1,214,181.36911
2023-09-26,3,2,124,160.67462
2023-09-26,3,3,271,251.24309
2023-09-26,3,4,11,43.16217
2023-09-26,3,5,119,91.84353
2023-09-26,3,6,202,206.88249
2023-09-26,3,7,58,51.325794
2023-09-26,3,8,53,27.24227
2023-09-26,3,9,295,254.94049
2023-09-26,3,10,127,124.052635
2023-09-26,3,11,2,55.964443
2023-09-26,3,12,90,66.5333
2023-09-26,3,13,34,39.934155
2023-09-26,3,14,287,288.84128
2023-09-26,3,15,237,225.60286
2023-09-26,3,16,209,170.52753
2023-09-26,3,17,338,285.63324
2023-09-26,3,18,323,324.07834
2023-09-26,3,19,282,267.64655
2023-09-26,3,20,52,31.339958
2023-09-26,4,1,313,263.75314
2023-09-26,4,2,239,198.20938
2023-09-26,4,3,84,58.260624
2023-09-26,4,4,19,42.843086
2023-09-26,4,5,7,42.43906
2023-09-26,4,6,59,61.055748
2023-09-26,4,7,216,235.53757
2023-09-26,4,8,65,102.94709
2023-09-26,4,9,59,47.215916
2023-09-26,4,10,113,61.573784
2023-09-26,4,11,236,227.70067
2023-09-26,4,12,38,105.632225
2023-09-26,4,13,56,51.41286
2023-09-26,4,14,164,189.02945
2023-09-26,4,15,322,306.8346
2023-09-26,4,16,273,239.82727
2023-09-26,4,17,97,72.06341
2023-09-26,4,18,136,171.9929
2023-09-26,4,19,359,315.6567
2023-09-26,4,20,201,173.2641
2023-09-26,5,1,185,175.54544
2023-09-26,5,2,27,32.063652
2023-09-26,5,3,61,56.66539
2023-09-26,5,4,1,21.988987
2023-09-26,5,5,45,34.105698
2023-09-26,5,6,102,175.23683
2023-09-26,5,7,138,165.52338
2023-09-26,5,8,73,46.735527
2023-09-26,5,9,38,41.95857
2023-09-26,5,10,177,156.21054
2023-09-26,5,11,316,249.3655
2023-09-26,5,12,97,60.64662
2023-09-26,5,13,200,194.55052
2023-09-26,5,14,160,199.56621
2023-09-26,5,15,82,133.55357
2023-09-26,5,16,316,269.67294
2023-09-26,5,17,138,92.753876
2023-09-26,5,18,262,259.53647
2023-09-26,5,19,133,84.09964
2023-09-26,5,20,96,126.46304
2023-09-27,1,1,351,331.26486
2023-09-27,1,2,67,118.61837
2023-09-27,1,3,336,312.76642
2023-09-27,1,4,125,132.48534
2023-09-27,1,5,264,236.58894
2023-09-27,1,6,219,213.07915
2023-09-27,1,7,75,159.58923
2023-09-27,1,8,51,38.519554
2023-09-27,1,9,139,161.14677
2023-09-27,1,10,90,130.92033
2023-09-27,1,11,206,190.42934
2023-09-27,1,12,94,131.3983
2023-09-27,1,13,82,56.187405
2023-09-27,1,14,81,160.13324
2023-09-27,1,15,181,167.11005
2023-09-27,1,16,203,190.41698
2023-09-27,1,17,21,40.879475
2023-09-27,1,18,118,173.5529
2023-09-27,1,19,4,73.06017
2023-09-27,1,20,107,147.05193
2023-09-27,2,1,72,58.551735
2023-09-27,2,2,28,29.581808
2023-09-27,2,3,87,56.39767
2023-09-27,2,4,58,41.132294
2023-09-27,2,5,52,115.32069
2023-09-27,2,6,153,156.58385
2023-09-27,2,7,291,272.14966
2023-09-27,2,8,19,33.54928
2023-09-27,2,9,29,39.481606
2023-09-27,2,10,85,49.733307
2023-09-27,2,11,52,58.773697
2023-09-27,2,12,45,31.106289
2023-09-27,2,13,3,31.934519
2023-09-27,2,14,66,125.171524
2023-09-27,2,15,23,46.662148
2023-09-27,2,16,33,46.86905
2023-09-27,2,17,80,64.01734
2023-09-27,2,18,168,191.75505
2023-09-27,2,19,447,367.92667
2023-09-27,2,20,238,211.86177
2023-09-27,3,1,37,126.74127
2023-09-27,3,2,316,256.12564
2023-09-27,3,3,53,56.585197
2023-09-27,3,4,105,131.54628
2023-09-27,3,5,373,319.43442
2023-09-27,3,6,34,111.30625
2023-09-27,3,7,93,72.761955
2023-09-27,3,8,75,44.57482
2023-09-27,3,9,3,39.862488
2023-09-27,3,10,14,24.089525
2023-09-27,3,11,44,56.172768
2023-09-27,3,12,33,21.724745
2023-09-27,3,13,62,36.096508
2023-09-27,3,14,328,312.5759
2023-09-27,3,15,185,188.45839
2023-09-27,3,16,194,190.77771
2023-09-27,3,17,73,74.2329
2023-09-27,3,18,72,160.9611
2023-09-27,3,19,30,59.186054
2023-09-27,3,20,14,39.270344
2023-09-27,4,1,344,315.42426
2023-09-27,4,2,27,43.307167
2023-09-27,4,3,35,48.848576
2023-09-27,4,4,174,158.91681
2023-09-27,4,5,167,171.64995
2023-09-27,4,6,301,274.78217
2023-09-27,4,7,5,50.35367
2023-09-27,4,8,63,95.97181
2023-09-27,4,9,105,143.70271
2023-09-27,4,10,97,59.805275
2023-09-27,4,11,135,166.79985
2023-09-27,4,12,66,32.813744
2023-09-27,4,13,225,206.08826
2023-09-27,4,14,159,167.7147
2023-09-27,4,15,29,46.834484
2023-09-27,4,16,136,94.79777
2023-09-27,4,17,84,68.80556
2023-09-27,4,18,309,275.10846
2023-09-27,4,19,191,189.66966
2023-09-27,4,20,30,35.07199
2023-09-27,5,1,3,65.616615
2023-09-27,5,2,66,120.67325
2023-09-27,5,3,290,262.56165
2023-09-27,5,4,36,23.388147
2023-09-27,5,5,65,61.400173
2023-09-27,5,6,73,59.103367
2023-09-27,5,7,227,204.12253
2023-09-27,5,8,118,143.1705
2023-09-27,5,9,146,77.72609
2023-09-27,5,10,28,26.914062
2023-09-27,5,11,118,87.66888
2023-09-27,5,12,126,57.99226
2023-09-27,5,13,84,125.6293
2023-09-27,5,14,65,134.3952
2023-09-27,5,15,24,44.04388
2023-09-27,5,16,210,199.0358
2023-09-27,5,17,54,23.801811
2023-09-27,5,18,209,178.83641
2023-09-27,5,19,103,111.62294
2023-09-27,5,20,429,348.85483
2023-09-28,1,1,217,229.11948
2023-09-28,1,2,35,45.386402
2023-09-28,1,3,348,306.55356
2023-09-28,1,4,49,17.87359
2023-09-28,1,5,32,56.538746
2023-09-28,1,6,219,211.16246
2023-09-28,1,7,16,43.642883
2023-09-28,1,8,21,26.448002
2023-09-28,1,9,325,291.94098
2023-09-28,1,10,214,171.07852
2023-09-28,1,11,130,83.23984
2023-09-28,1,12,72,46.37461
2023-09-28,1,13,241,221.20131
2023-09-28,1,14,82,146.8843
2023-09-28,1,15,29,32.99243
2023-09-28,1,16,7,41.094532
2023-09-28,1,17,84,41.953278
2023-09-28,1,18,187,157.39497
2023-09-28,1,19,66,57.708557
2023-09-28,1,20,152,109.389206
2023-09-28,2,1,129,91.44833
2023-09-28,2,2,126,159.38309
2023-09-28,2,3,112,93.676994
2023-09-28,2,4,81,40.494083
2023-09-28,2,5,26,58.741337
2023-09-28,2,6,70,146.68701
2023-09-28,2,7,67,61.62304
2023-09-28,2,8,81,110.42708
2023-09-28,2,9,10,27.68691
2023-09-28,2,10,176,151.01099
2023-09-28,2,11,3,26.360859
2023-09-28,2,12,195,169.33075
2023-09-28,2,13,12,37.57537
2023-09-28,2,14,136,82.32175
2023-09-28,2,15,47,17.8817
2023-09-28,2,16,274,243.13354
2023-09-28,2,17,63,27.681067
2023-09-28,2,18,122,165.89653
2023-09-28,2,19,397,339.91196
2023-09-28,2,20,73,161.0764
2023-09-28,3,1,166,175.76808
2023-09-28,3,2,118,80.18725
2023-09-28,3,3,251,255.35483
2023-09-28,3,4,170,153.44106
2023-09-28,3,5,22,51.866848
2023-09-28,3,6,109,72.88295
2023-09-28,3,7,87,60.937225
2023-09-28,3,8,23,22.215221
2023-09-28,3,9,137,81.02818
2023-09-28,3,10,141,88.71168
2023-09-28,3,11,90,134.54279
2023-09-28,3,12,47,20.545528
2023-09-28,3,13,28,34.9696
2023-09-28,3,14,18,43.692528
2023-09-28,3,15,7,26.035206
2023-09-28,3,16,49,42.636032
2023-09-28,3,17,76,44.696194
2023-09-28,3,18,271,245.47412
2023-09-28,3,19,217,232.4664
2023-09-28,3,20,262,254.06023
2023-09-28,4,1,186,191.5424
2023-09-28,4,2,41,42.284576
2023-09-28,4,3,323,321.76123
2023-09-28,4,4,71,45.354824
2023-09-28,4,5,47,57.034332
2023-09-28,4,6,422,351.5291
2023-09-28,4,7,325,295.06165
2023-09-28,4,8,22,24.553059
2023-09-28,4,9,2,46.60884
2023-09-28,4,10,230,215.05905
2023-09-28,4,11,143,141.0173
2023-09-28,4,12,140,74.63578
2023-09-28,4,13,60,52.37221
2023-09-28,4,14,102,79.45565
2023-09-28,4,15,7,33.432404
2023-09-28,4,16,25,46.0031
2023-09-28,4,17,14,25.580828
2023-09-28,4,18,41,130.93353
2023-09-28,4,19,147,178.97235
2023-09-28,4,20,6,48.365303
2023-09-28,5,1,162,175.87396
2023-09-28,5,2,20,19.239275
2023-09-28,5,3,84,159.36366
2023-09-28,5,4,129,58.7988
2023-09-28,5,5,104,66.10772
2023-09-28,5,6,194,195.59389
2023-09-28,5,7,50,113.87184
2023-09-28,5,8,21,26.812263
2023-09-28,5,9,24,43.545826
2023-09-28,5,10,74,46.917725
2023-09-28,5,11,80,41.962833
2023-09-28,5,12,351,312.54883
2023-09-28,5,13,2,45.625347
2023-09-28,5,14,15,23.00574
2023-09-28,5,15,53,36.309387
2023-09-28,5,16,42,50.60449
2023-09-28,5,17,80,35.642963
2023-09-28,5,18,255,258.3669
2023-09-28,5,19,55,61.111202
2023-09-28,5,20,310,281.45593
2023-09-29,1,1,279,241.98172
2023-09-29,1,2,87,49.716625
2023-09-29,1,3,164,182.51665
2023-09-29,1,4,311,256.15234
2023-09-29,1,5,34,113.33886
2023-09-29,1,6,365,337.5017
2023-09-29,1,7,382,367.39932
2023-09-29,1,8,70,46.18538
2023-09-29,1,9,32,37.175507
2023-09-29,1,10,369,309.0565
2023-09-29,1,11,384,314.1841
2023-09-29,1,12,218,218.07733
2023-09-29,1,13,147,79.0658
2023-09-29,1,14,18,20.412148
2023-09-29,1,15,85,39.24192
2023-09-29,1,16,82,143.67058
2023-09-29,1,17,54,28.780636
2023-09-29,1,18,36,39.273293
2023-09-29,1,19,23,132.06456
2023-09-29,1,20,173,188.30183
2023-09-29,2,1,42,34.420437
2023-09-29,2,2,158,153.84525
2023-09-29,2,3,283,250.9787
2023-09-29,2,4,92,122.57749
2023-09-29,2,5,219,209.07109
2023-09-29,2,6,195,193.80112
2023-09-29,2,7,176,170.00685
2023-09-29,2,8,214,172.43849
2023-09-29,2,9,186,172.98514
2023-09-29,2,10,15,41.89372
2023-09-29,2,11,35,41.394394
2023-09-29,2,12,92,62.22537
2023-09-29,2,13,402,337.31137
2023-09-29,2,14,101,54.90829
2023-09-29,2,15,120,138.69815
2023-09-29,2,16,21,37.803913
2023-09-29,2,17,292,247.70105
2023-09-29,2,18,257,250.8758
2023-09-29,2,19,315,293.57843
2023-09-29,2,20,139,173.37334
2023-09-29,3,1,104,156.04031
2023-09-29,3,2,340,284.2831
2023-09-29,3,3,153,179.50694
2023-09-29,3,4,27,41.87713
2023-09-29,3,5,34,30.368927
2023-09-29,3,6,22,74.85933
2023-09-29,3,7,38,134.21803
2023-09-29,3,8,32,33.738033
2023-09-29,3,9,37,27.186186
2023-09-29,3,10,24,61.624268
2023-09-29,3,11,236,235.61128
2023-09-29,3,12,111,166.30933
2023-09-29,3,13,49,112.13406
2023-09-29,3,14,169,79.540474
2023-09-29,3,15,70,130.72932
2023-09-29,3,16,95,70.190056
2023-09-29,3,17,211,182.81354
2023-09-29,3,18,353,323.52615
2023-09-29,3,19,105,81.091225
2023-09-29,3,20,246,241.11977
2023-09-29,4,1,10,36.76596
2023-09-29,4,2,28,27.95627
2023-09-29,4,3,185,178.28477
2023-09-29,4,4,133,155.74721
2023-09-29,4,5,232,199.49745
2023-09-29,4,6,438,372.9937
2023-09-29,4,7,127,179.69124
2023-09-29,4,8,6,40.60306
2023-09-29,4,9,338,291.21103
2023-09-29,4,10,31,46.22549
2023-09-29,4,11,0,64.047874
2023-09-29,4,12,97,91.759056
2023-09-29,4,13,24,49.029293
2023-09-29,4,14,87,129.1185
2023-09-29,4,15,224,209.04312
2023-09-29,4,16,42,93.474655
2023-09-29,4,17,97,77.69798
2023-09-29,4,18,245,226.11615
2023-09-29,4,19,127,167.79114
2023-09-29,4,20,142,189.67561
2023-09-29,5,1,101,76.416565
2023-09-29,5,2,7,49.44317
2023-09-29,5,3,300,264.34488
2023-09-29,5,4,364,327.28082
2023-09-29,5,5,144,156.3419
2023-09-29,5,6,416,365.39313
2023-09-29,5,7,403,355.92874
2023-09-29,5,8,1,19.628147
2023-09-29,5,9,163,165.55777
2023-09-29,5,10,78,81.80487
2023-09-29,5,11,287,280.0021
2023-09-29,5,12,77,145.9642
2023-09-29,5,13,280,251.50175
2023-09-29,5,14,140,144.01447
2023-09-29,5,15,406,345.28848
2023-09-29,5,16,47,20.644672
2023-09-29,5,17,154,91.31991
2023-09-29,5,18,0,46.983887
2023-09-29,5,19,235,217.91756
2023-09-29,5,20,321,289.73654
2023-09-30,1,1,64,44.42988
2023-09-30,1,2,224,203.61703
2023-09-30,1,3,463,355.24368
2023-09-30,1,4,309,279.2228
2023-09-30,1,5,48,26.176785
2023-09-30,1,6,45,141.89058
2023-09-30,1,7,23,59.90179
2023-09-30,1,8,320,286.61908
2023-09-30,1,9,32,61.488674
2023-09-30,1,10,90,78.74975
2023-09-30,1,11,155,186.99712
2023-09-30,1,12,106,76.78807
2023-09-30,1,13,32,39.064056
2023-09-30,1,14,290,264.31412
2023-09-30,1,15,284,242.60764
2023-09-30,1,16,83,45.103096
2023-09-30,1,17,49,26.986729
2023-09-30,1,18,76,161.60321
2023-09-30,1,19,376,344.94797
2023-09-30,1,20,262,234.17671
2023-09-30,2,1,109,81.74913
2023-09-30,2,2,146,186.16849
2023-09-30,2,3,8,40.322136
2023-09-30,2,4,68,57.428944
2023-09-30,2,5,121,64.57109
2023-09-30,2,6,103,105.07668
2023-09-30,2,7,10,62.57869
2023-09-30,2,8,22,40.851955
2023-09-30,2,9,301,275.84335
2023-09-30,2,10,88,146.56256
2023-09-30,2,11,62,65.15555
2023-09-30,2,12,179,156.28845
2023-09-30,2,13,100,157.31001
2023-09-30,2,14,157,157.84886
2023-09-30,2,15,150,189.29651
2023-09-30,2,16,66,31.406616
2023-09-30,2,17,294,242.8096
2023-09-30,2,18,133,98.89768
2023-09-30,2,19,40,43.951035
2023-09-30,2,20,55,140.6005
2023-09-30,3,1,150,152.56757
2023-09-30,3,2,20,132.32083
2023-09-30,3,3,7,60.840015
2023-09-30,3,4,256,252.28116
2023-09-30,3,5,142,90.40314
2023-09-30,3,6,15,70.08656
2023-09-30,3,7,313,279.86896
2023-09-30,3,8,33,43.02344
2023-09-30,3,9,97,167.0041
2023-09-30,3,10,89,43.93348
2023-09-30,3,11,102,92.07035
2023-09-30,3,12,31,23.94742
2023-09-30,3,13,182,201.06064
2023-09-30,3,14,257,228.54808
2023-09-30,3,15,0,58.411076
2023-09-30,3,16,66,28.719568
2023-09-30,3,17,40,42.72882
2023-09-30,3,18,35,69.07825
2023-09-30,3,19,230,229.63736
2023-09-30,3,20,79,63.081432
2023-09-30,4,1,79,42.52579
2023-09-30,4,2,226,227.8353
2023-09-30,4,3,41,70.75868
2023-09-30,4,4,243,250.24152
2023-09-30,4,5,143,161.39928
2023-09-30,4,6,187,200.87683
2023-09-30,4,7,51,66.77003
2023-09-30,4,8,334,309.10583
2023-09-30,4,9,44,47.143475
2023-09-30,4,10,105,137.05815
2023-09-30,4,11,153,168.854
2023-09-30,4,12,326,293.36688
2023-09-30,4,13,171,165.40474
2023-09-30,4,14,333,307.31845
2023-09-30,4,15,91,74.3981
2023-09-30,4,16,76,119.15477
2023-09-30,4,17,327,297.81357
2023-09-30,4,18,252,245.04742
2023-09-30,4,19,40,52.84202
2023-09-30,4,20,73,62.48738
2023-09-30,5,1,153,151.45557
2023-09-30,5,2,112,89.94498
2023-09-30,5,3,174,180.06683
2023-09-30,5,4,172,109.967766
2023-09-30,5,5,233,210.68845
2023-09-30,5,6,301,293.77866
2023-09-30,5,7,195,206.99117
2023-09-30,5,8,48,45.347748
2023-09-30,5,9,285,274.51096
2023-09-30,5,10,163,153.06627
2023-09-30,5,11,118,82.433075
2023-09-30,5,12,145,163.90723
2023-09-30,5,13,179,184.32205
2023-09-30,5,14,31,56.446938
2023-09-30,5,15,14,49.653233
2023-09-30,5,16,302,256.19495
2023-09-30,5,17,6,34.5514
2023-09-30,5,18,41,45.192547
2023-09-30,5,19,401,369.27695
2023-09-30,5,20,241,230.60432
2023-10-01,1,1,20,14.470654
2023-10-01,1,2,303,253.31013
2023-10-01,1,3,66,154.09525
2023-10-01,1,4,83,81.369415
2023-10-01,1,5,29,108.43611
2023-10-01,1,6,229,235.49197
2023-10-01,1,7,19,141.67403
2023-10-01,1,8,362,330.14926
2023-10-01,1,9,310,259.56393
2023-10-01,1,10,213,172.52615
2023-10-01,1,11,275,234.5381
2023-10-01,1,12,363,308.76093
2023-10-01,1,13,86,55.631687
2023-10-01,1,14,27,47.509743
2023-10-01,1,15,79,151.87582
2023-10-01,1,16,239,207.43721
2023-10-01,1,17,258,261.5576
2023-10-01,1,18,190,165.63008
2023-10-01,1,19,319,314.2026
2023-10-01,1,20,24,46.634224
2023-10-01,2,1,212,151.42047
2023-10-01,2,2,86,52.26016
2023-10-01,2,3,175,191.81398
2023-10-01,2,4,53,59.701763
2023-10-01,2,5,208,168.42627
2023-10-01,2,6,199,192.80673
2023-10-01,2,7,68,146.47214
2023-10-01,2,8,160,184.21484
2023-10-01,2,9,170,80.212234
2023-10-01,2,10,26,93.53304
2023-10-01,2,11,279,228.72072
2023-10-01,2,12,230,220.88654
2023-10-01,2,13,152,156.33073
2023-10-01,2,14,5,48.659073
2023-10-01,2,15,112,75.33351
2023-10-01,2,16,93,56.68058
2023-10-01,2,17,33,45.946106
2023-10-01,2,18,35,104.219345
2023-10-01,2,19,86,83.92844
2023-10-01,2,20,399,341.17136
2023-10-01,3,1,25,24.231575
2023-10-01,3,2,126,155.4032
2023-10-01,3,3,51,43.734734
2023-10-01,3,4,55,40.03975
2023-10-01,3,5,122,70.2633
2023-10-01,3,6,12,60.490932
2023-10-01,3,7,236,219.1352
2023-10-01,3,8,118,186.80127
2023-10-01,3,9,113,95.88463
2023-10-01,3,10,66,98.67877
2023-10-01,3,11,164,172.38034
2023-10-01,3,12,94,79.70678
2023-10-01,3,13,29,15.413602
2023-10-01,3,14,199,201.93887
2023-10-01,3,15,211,183.82227
2023-10-01,3,16,334,319.63943
2023-10-01,3,17,75,76.66644
2023-10-01,3,18,128,147.35892
2023-10-01,3,19,27,55.579006
2023-10-01,3,20,218,221.70465
2023-10-01,4,1,132,139.80766
2023-10-01,4,2,189,173.19795
2023-10-01,4,3,67,57.628284
2023-10-01,4,4,183,100.296875
2023-10-01,4,5,51,35.740627
2023-10-01,4,6,58,53.96695
2023-10-01,4,7,35,52.0428
2023-10-01,4,8,48,50.482037
2023-10-01,4,9,58,53.541336
2023-10-01,4,10,61,36.24031
2023-10-01,4,11,27,46.15429
2023-10-01,4,12,377,362.24716
2023-10-01,4,13,66,108.30608
2023-10-01,4,14,5,52.713142
2023-10-01,4,15,127,74.070274
2023-10-01,4,16,129,166.62505
2023-10-01,4,17,294,265.46548
2023-10-01,4,18,206,191.09221
2023-10-01,4,19,280,267.7664
2023-10-01,4,20,479,348.55954
2023-10-01,5,1,45,28.668612
2023-10-01,5,2,7,43.471664
2023-10-01,5,3,171,158.55869
2023-10-01,5,4,200,189.35739
2023-10-01,5,5,156,164.32802
2023-10-01,5,6,325,303.3113
2023-10-01,5,7,64,42.95147
2023-10-01,5,8,282,263.45926
2023-10-01,5,9,55,58.86917
2023-10-01,5,10,307,265.22446
2023-10-01,5,11,150,186.91324
2023-10-01,5,12,237,237.61293
2023-10-01,5,13,128,136.81245
2023-10-01,5,14,192,175.51582
2023-10-01,5,15,87,49.3647
2023-10-01,5,16,11,49.026234
2023-10-01,5,17,90,64.106606
2023-10-01,5,18,50,39.866653
2023-10-01,5,19,45,54.968662
2023-10-01,5,20,60,67.6806
2023-10-02,1,1,38,28.034193
2023-10-02,1,2,296,261.4757
2023-10-02,1,3,33,36.273304
2023-10-02,1,4,30,29.594442
2023-10-02,1,5,75,46.86809
2023-10-02,1,6,298,272.2445
2023-10-02,1,7,35,33.17992
2023-10-02,1,8,7,52.472687
2023-10-02,1,9,46,35.629444
2023-10-02,1,10,21,33.66612
2023-10-02,1,11,99,153.0399
2023-10-02,1,12,61,67.099655
2023-10-02,1,13,9,23.173765
2023-10-02,1,14,20,40.286125
2023-10-02,1,15,281,237.32623
2023-10-02,1,16,195,200.56783
2023-10-02,1,17,130,155.72597
2023-10-02,1,18,298,263.0456
2023-10-02,1,19,101,173.36615
2023-10-02,1,20,171,193.26544
2023-10-02,2,1,92,49.20494
2023-10-02,2,2,29,41.864452
2023-10-02,2,3,35,27.295513
2023-10-02,2,4,162,149.3916
2023-10-02,2,5,53,100.50825
2023-10-02,2,6,24,50.357
2023-10-02,2,7,15,27.724993
2023-10-02,2,8,21,40.1439
2023-10-02,2,9,27,39.348495
2023-10-02,2,10,453,336.62955
2023-10-02,2,11,21,51.362694
2023-10-02,2,12,76,72.10303
2023-10-02,2,13,25,13.670291
2023-10-02,2,14,257,244.45143
2023-10-02,2,15,76,42.629723
2023-10-02,2,16,49,137.29727
2023-10-02,2,17,71,68.8952
2023-10-02,2,18,65,37.931717
2023-10-02,2,19,133,82.489174
2023-10-02,2,20,67,91.3329
2023-10-02,3,1,182,162.31497
2023-10-02,3,2,3,44.93056
2023-10-02,3,3,155,154.62907
2023-10-02,3,4,50,26.51403
2023-10-02,3,5,169,148.25667
2023-10-02,3,6,35,55.886345
2023-10-02,3,7,166,158.03198
2023-10-02,3,8,270,246.77106
2023-10-02,3,9,182,78.98443
2023-10-02,3,10,389,337.1147
2023-10-02,3,11,62,49.652897
2023-10-02,3,12,184,186.75038
2023-10-02,3,13,121,70.46333
2023-10-02,3,14,45,39.169544
2023-10-02,3,15,87,139.86528
2023-10-02,3,16,268,256.31207
2023-10-02,3,17,64,38.156498
2023-10-02,3,18,97,75.8477
2023-10-02,3,19,59,117.6639
2023-10-02,3,20,60,78.95785
2023-10-02,4,1,170,86.29972
2023-10-02,4,2,14,45.286705
2023-10-02,4,3,236,196.75978
2023-10-02,4,4,348,306.11185
2023-10-02,4,5,325,290.54034
2023-10-02,4,6,223,226.1657
2023-10-02,4,7,3,41.251316
2023-10-02,4,8,116,154.33687
2023-10-02,4,9,230,195.58464
2023-10-02,4,10,103,171.79678
2023-10-02,4,11,128,63.80688
2023-10-02,4,12,132,174.4891
2023-10-02,4,13,39,27.461138
2023-10-02,4,14,1,29.905506
2023-10-02,4,15,208,183.56935
2023-10-02,4,16,40,122.0031
2023-10-02,4,17,359,308.93976
2023-10-02,4,18,9,43.42631
2023-10-02,4,19,423,338.78665
2023-10-02,4,20,221,256.1251
2023-10-02,5,1,11,24.827671
2023-10-02,5,2,36,37.220886
2023-10-02,5,3,233,206.67883
2023-10-02,5,4,44,30.538025
2023-10-02,5,5,189,163.33162
2023-10-02,5,6,86,74.39706
2023-10-02,5,7,202,165.37411
2023-10-02,5,8,181,179.06184
2023-10-02,5,9,32,35.922318
2023-10-02,5,10,13,65.37492
2023-10-02,5,11,51,40.690002
2023-10-02,5,12,329,308.14255
2023-10-02,5,13,167,151.72572
2023-10-02,5,14,38,31.466688
2023-10-02,5,15,375,342.35202
2023-10-02,5,16,89,137.01947
2023-10-02,5,17,38,45.21187
2023-10-02,5,18,280,244.20076
2023-10-02,5,19,125,166.2895
2023-10-02,5,20,87,83.752754
2023-10-03,1,1,204,177.09027
2023-10-03,1,2,105,153.68613
2023-10-03,1,3,47,44.487434
2023-10-03,1,4,77,73.77471
2023-10-03,1,5,73,64.48657
2023-10-03,1,6,79,75.820496
2023-10-03,1,7,52,44.247944
2023-10-03,1,8,2,46.177525
2023-10-03,1,9,159,160.69687
2023-10-03,1,10,427,357.70776
2023-10-03,1,11,470,359.45267
2023-10-03,1,12,266,242.17491
2023-10-03,1,13,150,151.0294
2023-10-03,1,14,175,164.72256
2023-10-03,1,15,255,237.85309
2023-10-03,1,16,99,78.06004
2023-10-03,1,17,158,170.178
2023-10-03,1,18,105,80.49921
2023-10-03,1,19,100,95.72947
2023-10-03,1,20,22,36.42198
2023-10-03,2,1,315,265.1492
2023-10-03,2,2,93,130.20975
2023-10-03,2,3,44,49.73151
2023-10-03,2,4,273,245.16797
2023-10-03,2,5,229,226.78328
2023-10-03,2,6,113,153.68901
2023-10-03,2,7,4,30.837591
2023-10-03,2,8,33,42.230328
2023-10-03,2,9,49,37.558865
2023-10-03,2,10,160,197.28261
2023-10-03,2,11,292,271.83875
2023-10-03,2,12,101,74.781044
2023-10-03,2,13,147,159.67159
2023-10-03,2,14,42,40.799683
2023-10-03,2,15,182,188.8298
2023-10-03,2,16,214,190.94945
2023-10-03,2,17,141,174.69687
2023-10-03,2,18,0,52.443268
2023-10-03,2,19,41,49.443645
2023-10-03,2,20,39,24.995905
2023-10-03,3,1,116,161.77908
2023-10-03,3,2,132,69.06336
2023-10-03,3,3,308,278.42746
2023-10-03,3,4,61,51.162464
2023-10-03,3,5,131,155.91782
2023-10-03,3,6,236,202.28607
2023-10-03,3,7,167,157.76118
2023-10-03,3,8,165,158.81879
2023-10-03,3,9,140,153.11885
2023-10-03,3,10,219,252.26053
2023-10-03,3,11,10,44.627113
2023-10-03,3,12,78,67.750275
2023-10-03,3,13,225,204.4652
2023-10-03,3,14,231,212.80762
2023-10-03,3,15,228,225.3053
2023-10-03,3,16,159,173.4914
2023-10-03,3,17,33,49.205467
2023-10-03,3,18,81,67.77
2023-10-03,3,19,14,45.00457
2023-10-03,3,20,60,41.94546
2023-10-03,4,1,135,167.87311
2023-10-03,4,2,54,31.864666
2023-10-03,4,3,4,34.169693
2023-10-03,4,4,78,143.02652
2023-10-03,4,5,232,217.99557
2023-10-03,4,6,46,22.800724
2023-10-03,4,7,53,34.056026
2023-10-03,4,8,74,60.95116
2023-10-03,4,9,117,156.0626
2023-10-03,4,10,228,255.28171
2023-10-03,4,11,352,321.41574
2023-10-03,4,12,55,49.535767
2023-10-03,4,13,11,29.26167
2023-10-03,4,14,260,243.9771
2023-10-03,4,15,312,265.65903
2023-10-03,4,16,229,219.18843
2023-10-03,4,17,271,266.3174
2023-10-03,4,18,268,237.3197
2023-10-03,4,19,53,55.818413
2023-10-03,4,20,65,115.75734
2023-10-03,5,1,54,49.368664
2023-10-03,5,2,100,68.756
2023-10-03,5,3,7,54.128902
2023-10-03,5,4,7,58.865044
2023-10-03,5,5,63,60.582577
2023-10-03,5,6,334,307.82257
2023-10-03,5,7,36,38.906555
2023-10-03,5,8,10,27.00815
2023-10-03,5,9,310,263.08752
2023-10-03,5,10,71,77.47352
2023-10-03,5,11,109,181.14418
2023-10-03,5,12,101,89.68757
2023-10-03,5,13,202,185.37361
2023-10-03,5,14,76,63.73604
2023-10-03,5,15,245,234.40839
2023-10-03,5,16,107,63.280384
2023-10-03,5,17,75,78.05234
2023-10-03,5,18,64,57.205505
2023-10-03,5,19,61,57.117928
2023-10-03,5,20,18,46.20957
2023-10-04,1,1,87,48.304825
2023-10-04,1,2,91,120.28703
2023-10-04,1,3,27,40.954323
2023-10-04,1,4,133,137.85268
2023-10-04,1,5,30,42.969013
2023-10-04,1,6,126,82.7283
2023-10-04,1,7,152,150.4725
2023-10-04,1,8,249,197.92578
2023-10-04,1,9,75,51.87492
2023-10-04,1,10,251,255.72755
2023-10-04,1,11,13,66.65637
2023-10-04,1,12,238,228.89192
2023-10-04,1,13,176,165.32341
2023-10-04,1,14,74,140.64879
2023-10-04,1,15,257,241.21588
2023-10-04,1,16,7,37.186893
2023-10-04,1,17,218,217.05829
2023-10-04,1,18,148,177.65253
2023-10-04,1,19,257,228.30959
2023-10-04,1,20,65,22.690975
2023-10-04,2,1,337,307.78076
2023-10-04,2,2,123,62.119095
2023-10-04,2,3,98,158.48604
2023-10-04,2,4,33,39.377045
2023-10-04,2,5,177,172.8907
2023-10-04,2,6,67,134.56934
2023-10-04,2,7,249,202.56483
2023-10-04,2,8,17,38.995705
2023-10-04,2,9,346,303.53036
2023-10-04,2,10,61,157.28497
2023-10-04,2,11,324,315.97855
2023-10-04,2,12,5,32.995533
2023-10-04,2,13,60,44.55104
2023-10-04,2,14,117,73.21119
2023-10-04,2,15,353,305.96356
2023-10-04,2,16,25,39.033184
2023-10-04,2,17,7,43.36388
2023-10-04,2,18,26,34.59628
2023-10-04,2,19,183,158.88103
2023-10-04,2,20,191,158.89871
2023-10-04,3,1,217,222.17656
2023-10-04,3,2,258,221.2237
2023-10-04,3,3,103,86.1743
2023-10-04,3,4,68,126.34087
2023-10-04,3,5,43,48.947937
2023-10-04,3,6,24,35.082546
2023-10-04,3,7,118,143.21541
2023-10-04,3,8,159,153.7391
2023-10-04,3,9,377,344.07306
2023-10-04,3,10,116,159.89146
2023-10-04,3,11,50,61.16997
2023-10-04,3,12,156,153.24509
2023-10-04,3,13,220,216.09924
2023-10-04,3,14,274,251.65872
2023-10-04,3,15,227,220.39388
2023-10-04,3,16,15,51.360104
2023-10-04,3,17,331,321.8675
2023-10-04,3,18,151,156.65034
2023-10-04,3,19,154,176.70224
2023-10-04,3,20,249,223.27397
2023-10-04,4,1,122,93.63491
2023-10-04,4,2,51,21.759567
2023-10-04,4,3,204,187.9949
2023-10-04,4,4,4,18.98106
2023-10-04,4,5,182,163.34274
2023-10-04,4,6,160,96.05428
2023-10-04,4,7,226,214.57027
2023-10-04,4,8,223,215.79825
2023-10-04,4,9,147,183.78703
2023-10-04,4,10,126,82.63131
2023-10-04,4,11,55,144.45654
2023-10-04,4,12,266,236.15704
2023-10-04,4,13,163,164.36166
2023-10-04,4,14,106,81.07698
2023-10-04,4,15,10,64.12046
2023-10-04,4,16,44,39.40898
2023-10-04,4,17,16,39.91934
2023-10-04,4,18,265,237.25458
2023-10-04,4,19,409,362.0621
2023-10-04,4,20,20,40.92607
2023-10-04,5,1,128,172.48851
2023-10-04,5,2,79,121.91472
2023-10-04,5,3,98,136.70593
2023-10-04,5,4,56,110.50125
2023-10-04,5,5,21,31.586325
2023-10-04,5,6,127,162.8527
2023-10-04,5,7,87,130.63556
2023-10-04,5,8,149,170.35371
2023-10-04,5,9,36,54.524475
2023-10-04,5,10,49,39.342705
2023-10-04,5,11,205,201.8948
2023-10-04,5,12,415,332.67532
2023-10-04,5,13,259,251.89928
2023-10-04,5,14,201,197.3935
2023-10-04,5,15,89,76.70352
2023-10-04,5,16,87,51.940666
2023-10-04,5,17,112,89.096245
2023-10-04,5,18,292,273.38797
2023-10-04,5,19,400,372.14587
2023-10-04,5,20,108,157.85326
2023-10-05,1,1,72,66.93858
2023-10-05,1,2,70,50.2593
2023-10-05,1,3,152,77.65867
2023-10-05,1,4,303,253.75296
2023-10-05,1,5,86,52.676807
2023-10-05,1,6,292,274.50104
2023-10-05,1,7,35,40.999035
2023-10-05,1,8,33,51.120686
2023-10-05,1,9,279,243.01547
2023-10-05,1,10,81,51.506805
2023-10-05,1,11,99,151.35101
2023-10-05,1,12,249,245.34236
2023-10-05,1,13,410,331.84927
2023-10-05,1,14,289,270.5132
2023-10-05,1,15,206,205.96822
2023-10-05,1,16,29,22.401594
2023-10-05,1,17,86,149.38112
2023-10-05,1,18,89,59.884377
2023-10-05,1,19,3,57.07893
2023-10-05,1,20,198,182.3053
2023-10-05,2,1,144,192.29578
2023-10-05,2,2,228,198.91843
2023-10-05,2,3,20,21.182318
2023-10-05,2,4,14,35.884335
2023-10-05,2,5,103,151.0617
2023-10-05,2,6,236,212.2931
2023-10-05,2,7,175,156.68602
2023-10-05,2,8,219,221.1584
2023-10-05,2,9,161,187.25931
2023-10-05,2,10,1,32.80149
2023-10-05,2,11,301,271.5712
2023-10-05,2,12,107,188.29607
2023-10-05,2,13,131,153.8523
2023-10-05,2,14,214,184.39507
2023-10-05,2,15,117,82.51555
2023-10-05,2,16,75,45.36043
2023-10-05,2,17,107,87.09599
2023-10-05,2,18,405,323.67328
2023-10-05,2,19,172,200.17728
2023-10-05,2,20,71,53.879436
2023-10-05,3,1,52,55.03964
2023-10-05,3,2,214,180.76277
2023-10-05,3,3,82,57.5984
2023-10-05,3,4,149,160.23645
2023-10-05,3,5,63,31.64062
2023-10-05,3,6,218,219.65323
2023-10-05,3,7,25,32.925453
2023-10-05,3,8,93,121.89591
2023-10-05,3,9,282,254.82175
2023-10-05,3,10,22,21.893772
2023-10-05,3,11,174,170.79279
2023-10-05,3,12,174,190.6641
2023-10-05,3,13,34,53.725193
2023-10-05,3,14,78,56.065468
2023-10-05,3,15,414,368.33685
2023-10-05,3,16,180,153.93488
2023-10-05,3,17,57,50.156982
2023-10-05,3,18,24,43.878494
2023-10-05,3,19,4,60.30011
2023-10-05,3,20,391,341.0659
2023-10-05,4,1,38,27.923613
2023-10-05,4,2,117,75.802864
2023-10-05,4,3,20,32.53567
2023-10-05,4,4,31,40.720676
2023-10-05,4,5,165,150.72548
2023-10-05,4,6,25,57.512268
2023-10-05,4,7,175,160.4315
2023-10-05,4,8,69,50.507294
2023-10-05,4,9,66,65.60388
2023-10-05,4,10,117,139.10925
2023-10-05,4,11,445,361.86703
2023-10-05,4,12,235,229.77382
2023-10-05,4,13,34,66.003845
2023-10-05,4,14,135,164.6375
2023-10-05,4,15,66,54.388584
2023-10-05,4,16,39,32.5766
2023-10-05,4,17,67,81.45557
2023-10-05,4,18,308,287.16354
2023-10-05,4,19,81,81.8817
2023-10-05,4,20,95,144.71512
2023-10-05,5,1,35,18.85244
2023-10-05,5,2,95,125.06364
2023-10-05,5,3,110,60.0934
2023-10-05,5,4,137,162.1807
2023-10-05,5,5,177,74.468315
2023-10-05,5,6,247,237.49883
2023-10-05,5,7,52,41.51613
2023-10-05,5,8,42,37.68393
2023-10-05,5,9,385,358.65567
2023-10-05,5,10,52,32.016796
2023-10-05,5,11,63,63.55334
2023-10-05,5,12,0,70.25905
2023-10-05,5,13,18,61.686356
2023-10-05,5,14,58,43.64233
2023-10-05,5,15,25,124.93526
2023-10-05,5,16,38,98.386536
2023-10-05,5,17,309,246.81091
2023-10-05,5,18,235,238.48174
2023-10-05,5,19,107,110.14615
2023-10-05,5,20,35,128.29045
2023-10-06,1,1,415,322.03473
2023-10-06,1,2,408,335.39468
2023-10-06,1,3,85,114.67707
2023-10-06,1,4,84,62.49852
2023-10-06,1,5,188,162.64491
2023-10-06,1,6,236,220.56265
2023-10-06,1,7,50,41.508095
2023-10-06,1,8,457,354.35715
2023-10-06,1,9,413,341.55505
2023-10-06,1,10,26,33.5205
2023-10-06,1,11,1,63.937057
2023-10-06,1,12,49,57.321846
2023-10-06,1,13,141,105.9699
2023-10-06,1,14,478,349.95377
2023-10-06,1,15,337,305.47595
2023-10-06,1,16,50,28.355837
2023-10-06,1,17,122,62.907307
2023-10-06,1,18,120,185.27176
2023-10-06,1,19,10,51.20895
2023-10-06,1,20,19,46.23819
2023-10-06,2,1,68,60.676178
2023-10-06,2,2,24,40.85298
2023-10-06,2,3,84,36.9004
2023-10-06,2,4,222,216.18375
2023-10-06,2,5,196,174.1544
2023-10-06,2,6,85,70.99687
2023-10-06,2,7,100,61.3773
2023-10-06,2,8,182,169.53288
2023-10-06,2,9,81,64.59464
2023-10-06,2,10,158,151.6452
2023-10-06,2,11,390,345.83667
2023-10-06,2,12,11,43.81905
2023-10-06,2,13,35,46.855976
2023-10-06,2,14,0,49.98408
2023-10-06,2,15,8,42.632927
2023-10-06,2,16,116,55.534687
2023-10-06,2,17,135,138.85883
2023-10-06,2,18,26,57.803383
2023-10-06,2,19,131,70.20864
2023-10-06,2,20,36,45.6727
2023-10-06,3,1,172,182.5735
2023-10-06,3,2,70,71.151375
2023-10-06,3,3,2,26.918228
2023-10-06,3,4,287,267.18646
2023-10-06,3,5,157,161.10461
2023-10-06,3,6,63,58.646698
2023-10-06,3,7,17,31.736115
2023-10-06,3,8,12,57.020737
2023-10-06,3,9,136,193.14851
2023-10-06,3,10,258,244.10367
2023-10-06,3,11,365,324.44507
2023-10-06,3,12,8,33.167313
2023-10-06,3,13,4,23.376966
2023-10-06,3,14,88,163.47636
2023-10-06,3,15,115,97.338715
2023-10-06,3,16,16,22.456894
2023-10-06,3,17,133,83.75353
2023-10-06,3,18,118,169.26791
2023-10-06,3,19,11,32.197998
2023-10-06,3,20,88,152.13058
2023-10-06,4,1,47,57.641785
2023-10-06,4,2,44,47.904457
2023-10-06,4,3,53,32.109177
2023-10-06,4,4,13,32.6031
2023-10-06,4,5,305,257.19223
2023-10-06,4,6,120,90.9516
2023-10-06,4,7,382,348.14746
2023-10-06,4,8,34,49.875004
2023-10-06,4,9,18,73.1677
2023-10-06,4,10,2,36.040455
2023-10-06,4,11,6,53.626137
2023-10-06,4,12,304,254.48045
2023-10-06,4,13,257,233.59648
2023-10-06,4,14,2,57.445904
2023-10-06,4,15,40,53.219387
2023-10-06,4,16,88,108.24401
2023-10-06,4,17,60,122.230255
2023-10-06,4,18,105,88.800316
2023-10-06,4,19,79,42.739323
2023-10-06,4,20,199,206.16385
2023-10-06,5,1,22,68.72843
2023-10-06,5,2,95,145.29668
2023-10-06,5,3,400,333.75272
2023-10-06,5,4,21,51.7744
2023-10-06,5,5,179,167.59987
2023-10-06,5,6,106,148.94121
2023-10-06,5,7,268,247.01279
2023-10-06,5,8,369,325.92267
2023-10-06,5,9,53,66.56378
2023-10-06,5,10,194,183.66759
2023-10-06,5,11,34,68.27354
2023-10-06,5,12,173,168.60338
2023-10-06,5,13,37,24.531363
2023-10-06,5,14,65,58.188328
2023-10-06,5,15,305,283.06412
2023-10-06,5,16,454,336.97473
2023-10-06,5,17,211,174.95631
2023-10-06,5,18,324,309.1789
2023-10-06,5,19,43,92.87231
2023-10-06,5,20,482,346.1164
2023-10-07,1,1,16,38.147015
2023-10-07,1,2,61,56.379143
2023-10-07,1,3,290,265.3671
2023-10-07,1,4,174,172.44151
2023-10-07,1,5,5,45.112827
2023-10-07,1,6,114,148.87357
2023-10-07,1,7,58,144.94234
2023-10-07,1,8,93,156.84349
2023-10-07,1,9,101,179.54808
2023-10-07,1,10,97,72.177345
2023-10-07,1,11,61,140.76256
2023-10-07,1,12,44,110.622826
2023-10-07,1,13,18,32.813435
2023-10-07,1,14,84,160.87254
2023-10-07,1,15,127,163.33067
2023-10-07,1,16,64,44.383087
2023-10-07,1,17,160,86.884186
2023-10-07,1,18,185,165.28503
2023-10-07,1,19,80,50.62805
2023-10-07,1,20,104,169.41167
2023-10-07,2,1,205,202.34943
2023-10-07,2,2,79,131.05252
2023-10-07,2,3,43,127.16142
2023-10-07,2,4,4,36.337044
2023-10-07,2,5,262,250.52127
2023-10-07,2,6,15,33.07741
2023-10-07,2,7,301,274.25787
2023-10-07,2,8,112,109.163506
2023-10-07,2,9,186,195.1635
2023-10-07,2,10,113,155.40341
2023-10-07,2,11,140,111.74912
2023-10-07,2,12,89,70.80466
2023-10-07,2,13,78,58.05075
2023-10-07,2,14,230,231.287
2023-10-07,2,15,229,231.94704
2023-10-07,2,16,43,146.62102
2023-10-07,2,17,155,147.27676
2023-10-07,2,18,181,166.03497
2023-10-07,2,19,321,288.94464
2023-10-07,2,20,320,325.43304
2023-10-07,3,1,47,23.599764
2023-10-07,3,2,341,274.67365
2023-10-07,3,3,257,251.96117
2023-10-07,3,4,59,128.01643
2023-10-07,3,5,87,66.99139
2023-10-07,3,6,37,22.661839
2023-10-07,3,7,123,93.06246
2023-10-07,3,8,1,46.299877
2023-10-07,3,9,117,138.1835
2023-10-07,3,10,389,347.1836
2023-10-07,3,11,245,243.396
2023-10-07,3,12,23,56.913914
2023-10-07,3,13,24,27.98822
2023-10-07,3,14,435,342.30936
2023-10-07,3,15,1,47.15241
2023-10-07,3,16,144,190.81004
2023-10-07,3,17,134,147.92964
2023-10-07,3,18,23,131.93427
2023-10-07,3,19,101,78.05336
2023-10-07,3,20,281,259.77133
2023-10-07,4,1,160,148.26186
2023-10-07,4,2,35,30.14087
2023-10-07,4,3,29,52.787144
2023-10-07,4,4,110,158.57196
2023-10-07,4,5,65,57.756832
2023-10-07,4,6,107,62.3346
2023-10-07,4,7,32,64.02712
2023-10-07,4,8,128,98.99046
2023-10-07,4,9,61,37.969738
2023-10-07,4,10,20,43.600544
2023-10-07,4,11,136,87.31488
2023-10-07,4,12,185,94.13589
2023-10-07,4,13,63,47.623894
2023-10-07,4,14,361,326.482
2023-10-07,4,15,163,119.52018
2023-10-07,4,16,237,231.7335
2023-10-07,4,17,94,132.2086
2023-10-07,4,18,210,195.20546
2023-10-07,4,19,199,171.35234
2023-10-07,4,20,115,106.33911
2023-10-07,5,1,274,237.55865
2023-10-07,5,2,147,165.58049
2023-10-07,5,3,395,340.93982
2023-10-07,5,4,266,240.49484
2023-10-07,5,5,186,174.71655
2023-10-07,5,6,62,31.640142
2023-10-07,5,7,3,63.24704
2023-10-07,5,8,52,138.97374
2023-10-07,5,9,242,192.34456
2023-10-07,5,10,80,73.006195
2023-10-07,5,11,103,146.12482
2023-10-07,5,12,287,267.72998
2023-10-07,5,13,68,61.945267
2023-10-07,5,14,2,49.603733
2023-10-07,5,15,99,169.99965
2023-10-07,5,16,56,63.62356
2023-10-07,5,17,29,23.64105
2023-10-07,5,18,9,42.213066
2023-10-07,5,19,94,64.276146
2023-10-07,5,20,229,245.62715
2023-10-08,1,1,24,35.09227
2023-10-08,1,2,135,159.73576
2023-10-08,1,3,365,329.55875
2023-10-08,1,4,57,119.558
2023-10-08,1,5,102,74.70917
2023-10-08,1,6,133,65.38726
2023-10-08,1,7,322,308.05286
2023-10-08,1,8,29,50.311512
2023-10-08,1,9,221,193.88673
2023-10-08,1,10,50,129.05745
2023-10-08,1,11,9,31.65578
2023-10-08,1,12,113,139.24464
2023-10-08,1,13,270,229.16777
2023-10-08,1,14,80,96.24548
2023-10-08,1,15,95,141.61491
2023-10-08,1,16,138,104.30353
2023-10-08,1,17,177,154.66963
2023-10-08,1,18,318,305.53156
2023-10-08,1,19,46,43.325554
2023-10-08,1,20,405,354.646
2023-10-08,2,1,55,43.519165
2023-10-08,2,2,6,40.575844
2023-10-08,2,3,7,42.2077
2023-10-08,2,4,77,49.15841
2023-10-08,2,5,76,54.693233
2023-10-08,2,6,61,100.00039
2023-10-08,2,7,140,88.15901
2023-10-08,2,8,27,22.57659
2023-10-08,2,9,1,38.405476
2023-10-08,2,10,151,100.26635
2023-10-08,2,11,81,134.59538
2023-10-08,2,12,20,43.14054
2023-10-08,2,13,91,134.00926
2023-10-08,2,14,227,245.11078
2023-10-08,2,15,51,41.780567
2023-10-08,2,16,111,147.68517
2023-10-08,2,17,6,30.341846
2023-10-08,2,18,168,164.61119
2023-10-08,2,19,6,48.133453
2023-10-08,2,20,27,46.642723
2023-10-08,3,1,131,160.3515
2023-10-08,3,2,46,49.651333
2023-10-08,3,3,47,66.49415
2023-10-08,3,4,73,120.29538
2023-10-08,3,5,36,28.36184
2023-10-08,3,6,26,22.387474
2023-10-08,3,7,198,205.67593
2023-10-08,3,8,276,228.51794
2023-10-08,3,9,175,160.42372
2023-10-08,3,10,80,145.99782
2023-10-08,3,11,64,36.236202
2023-10-08,3,12,304,271.41806
2023-10-08,3,13,102,146.1463
2023-10-08,3,14,54,70.38841
2023-10-08,3,15,25,34.31447
2023-10-08,3,16,65,118.4994
2023-10-08,3,17,61,38.208668
2023-10-08,3,18,374,351.08554
2023-10-08,3,19,65,62.83791
2023-10-08,3,20,243,255.52892
2023-10-08,4,1,5,42.770153
2023-10-08,4,2,86,144.69621
2023-10-08,4,3,266,276.76877
2023-10-08,4,4,67,123.949684
2023-10-08,4,5,141,146.74591
2023-10-08,4,6,183,144.1713
2023-10-08,4,7,348,312.4637
2023-10-08,4,8,2,38.821457
2023-10-08,4,9,135,156.55742
2023-10-08,4,10,57,63.535553
2023-10-08,4,11,190,159.05374
2023-10-08,4,12,37,57.584618
2023-10-08,4,13,63,45.847214
2023-10-08,4,14,162,195.13554
2023-10-08,4,15,239,209.66644
2023-10-08,4,16,30,107.2641
2023-10-08,4,17,361,321.8206
2023-10-08,4,18,68,60.22624
2023-10-08,4,19,87,121.80386
2023-10-08,4,20,104,190.3015
2023-10-08,5,1,44,49.076153
2023-10-08,5,2,179,154.04138
2023-10-08,5,3,467,339.93668
2023-10-08,5,4,23,20.900953
2023-10-08,5,5,39,24.57157
2023-10-08,5,6,103,140.7079
2023-10-08,5,7,73,150.33246
2023-10-08,5,8,151,88.89861
2023-10-08,5,9,92,57.926895
2023-10-08,5,10,9,21.159666
2023-10-08,5,11,148,159.05418
2023-10-08,5,12,131,96.56588
2023-10-08,5,13,11,26.540049
2023-10-08,5,14,66,137.85632
2023-10-08,5,15,179,158.23862
2023-10-08,5,16,174,157.58272
2023-10-08,5,17,107,152.99695
2023-10-08,5,18,288,284.6076
2023-10-08,5,19,236,205.38454
2023-10-08,5,20,26,54.13675
2023-10-09,1,1,110,66.30855
2023-10-09,1,2,299,257.40942
2023-10-09,1,3,92,147.19774
2023-10-09,1,4,88,61.710114
2023-10-09,1,5,403,339.2297
2023-10-09,1,6,241,193.36621
2023-10-09,1,7,130,92.05654
2023-10-09,1,8,27,40.367805
2023-10-09,1,9,109,149.68163
2023-10-09,1,10,66,102.74011
2023-10-09,1,11,52,27.95403
2023-10-09,1,12,239,227.99095
2023-10-09,1,13,77,50.45291
2023-10-09,1,14,46,102.36228
2023-10-09,1,15,114,150.41846
2023-10-09,1,16,135,141.24834
2023-10-09,1,17,90,138.12921
2023-10-09,1,18,18,58.148552
2023-10-09,1,19,177,155.36472
2023-10-09,1,20,49,54.085606
2023-10-09,2,1,224,195.04628
2023-10-09,2,2,25,32.43005
2023-10-09,2,3,235,236.51382
2023-10-09,2,4,133,57.795273
2023-10-09,2,5,23,29.047174
2023-10-09,2,6,88,126.04803
2023-10-09,2,7,76,76.472
2023-10-09,2,8,52,46.728596
2023-10-09,2,9,389,329.7431
2023-10-09,2,10,35,41.605015
2023-10-09,2,11,96,49.072445
2023-10-09,2,12,4,38.085957
2023-10-09,2,13,227,209.98466
2023-10-09,2,14,287,266.2615
2023-10-09,2,15,15,24.766823
2023-10-09,2,16,23,15.566529
2023-10-09,2,17,32,43.026833
2023-10-09,2,18,272,251.1597
2023-10-09,2,19,285,258.29352
2023-10-09,2,20,60,57.333927
2023-10-09,3,1,73,124.58197
2023-10-09,3,2,69,65.860374
2023-10-09,3,3,58,64.95394
2023-10-09,3,4,91,44.714657
2023-10-09,3,5,81,74.00917
2023-10-09,3,6,59,40.453194
2023-10-09,3,7,18,49.521652
2023-10-09,3,8,12,123.28225
2023-10-09,3,9,93,49.82675
2023-10-09,3,10,222,181.83655
2023-10-09,3,11,30,24.580366
2023-10-09,3,12,31,49.355156
2023-10-09,3,13,136,137.18184
2023-10-09,3,14,420,341.6517
2023-10-09,3,15,31,42.456673
2023-10-09,3,16,26,24.619497
2023-10-09,3,17,139,91.79068
2023-10-09,3,18,54,141.13643
2023-10-09,3,19,18,37.05787
2023-10-09,3,20,17,23.927364
2023-10-09,4,1,130,142.34566
2023-10-09,4,2,18,49.33923
2023-10-09,4,3,4,64.92068
2023-10-09,4,4,231,198.60278
2023-10-09,4,5,115,156.12029
2023-10-09,4,6,65,98.027
2023-10-09,4,7,65,120.23302
2023-10-09,4,8,210,179.8817
2023-10-09,4,9,147,178.93427
2023-10-09,4,10,239,208.012
2023-10-09,4,11,101,131.29953
2023-10-09,4,12,50,48.931896
2023-10-09,4,13,12,31.76474
2023-10-09,4,14,277,247.12424
2023-10-09,4,15,140,167.81538
2023-10-09,4,16,156,157.3802
2023-10-09,4,17,18,60.182747
2023-10-09,4,18,96,85.358215
2023-10-09,4,19,19,52.987095
2023-10-09,4,20,127,147.73602
2023-10-09,5,1,86,125.5921
2023-10-09,5,2,168,97.99379
2023-10-09,5,3,428,334.578
2023-10-09,5,4,80,125.29531
2023-10-09,5,5,96,148.67685
2023-10-09,5,6,251,234.06195
2023-10-09,5,7,315,279.364
2023-10-09,5,8,187,166.74223
2023-10-09,5,9,120,166.66818
2023-10-09,5,10,113,69.56593
2023-10-09,5,11,260,234.90349
2023-10-09,5,12,32,35.08866
2023-10-09,5,13,53,110.76759
2023-10-09,5,14,38,139.03873
2023-10-09,5,15,194,182.3509
2023-10-09,5,16,57,109.07481
2023-10-09,5,17,46,44.4955
2023-10-09,5,18,159,177.12572
2023-10-09,5,19,273,255.34589
2023-10-09,5,20,293,267.35834
2023-10-10,1,1,32,34.287758
2023-10-10,1,2,101,157.25616
2023-10-10,1,3,271,264.77832
2023-10-10,1,4,19,25.213333
2023-10-10,1,5,33,38.993423
2023-10-10,1,6,59,39.862514
2023-10-10,1,7,108,74.93432
2023-10-10,1,8,172,151.99106
2023-10-10,1,9,208,197.79654
2023-10-10,1,10,383,335.40536
2023-10-10,1,11,397,351.1176
2023-10-10,1,12,70,54.744694
2023-10-10,1,13,117,149.75592
2023-10-10,1,14,90,159.62698
2023-10-10,1,15,138,66.19002
2023-10-10,1,16,145,152.35223
2023-10-10,1,17,102,137.32251
2023-10-10,1,18,205,186.25903
2023-10-10,1,19,116,80.662575
2023-10-10,1,20,70,43.73996
2023-10-10,2,1,191,153.03665
2023-10-10,2,2,171,171.5833
2023-10-10,2,3,183,196.20401
2023-10-10,2,4,231,193.4677
2023-10-10,2,5,101,163.02959
2023-10-10,2,6,23,41.780346
2023-10-10,2,7,18,45.151764
2023-10-10,2,8,92,57.02392
2023-10-10,2,9,12,53.41109
2023-10-10,2,10,97,162.87526
2023-10-10,2,11,218,224.65341
2023-10-10,2,12,69,45.797626
2023-10-10,2,13,67,49.826458
2023-10-10,2,14,283,268.31424
2023-10-10,2,15,153,83.33246
2023-10-10,2,16,54,31.710672
2023-10-10,2,17,39,16.153574
2023-10-10,2,18,133,163.97487
2023-10-10,2,19,151,167.21407
2023-10-10,2,20,45,44.384617
2023-10-10,3,1,26,24.293362
2023-10-10,3,2,134,61.554897
2023-10-10,3,3,19,59.955975
2023-10-10,3,4,36,40.678905
2023-10-10,3,5,142,144.55696
2023-10-10,3,6,15,32.525265
2023-10-10,3,7,135,83.60288
2023-10-10,3,8,131,141.64825
2023-10-10,3,9,130,90.77064
2023-10-10,3,10,163,106.888016
2023-10-10,3,11,56,68.42063
2023-10-10,3,12,15,27.101564
2023-10-10,3,13,215,173.93929
2023-10-10,3,14,35,59.00663
2023-10-10,3,15,255,234.89986
2023-10-10,3,16,82,57.476273
2023-10-10,3,17,158,146.01395
2023-10-10,3,18,230,214.06398
2023-10-10,3,19,309,267.30112
2023-10-10,3,20,74,66.63972
2023-10-10,4,1,80,26.464952
2023-10-10,4,2,37,35.867043
2023-10-10,4,3,73,78.241585
2023-10-10,4,4,98,77.86958
2023-10-10,4,5,352,297.1023
2023-10-10,4,6,216,206.76814
2023-10-10,4,7,171,170.84322
2023-10-10,4,8,60,38.455635
2023-10-10,4,9,220,193.26459
2023-10-10,4,10,37,52.13484
2023-10-10,4,11,268,263.91046
2023-10-10,4,12,271,227.03061
2023-10-10,4,13,64,37.765232
2023-10-10,4,14,32,59.4483
2023-10-10,4,15,315,266.4776
2023-10-10,4,16,198,176.71248
2023-10-10,4,17,24,28.874853
2023-10-10,4,18,129,67.72066
2023-10-10,4,19,49,43.24883
2023-10-10,4,20,98,76.36858
2023-10-10,5,1,317,298.89264
2023-10-10,5,2,165,150.06749
2023-10-10,5,3,137,181.09555
2023-10-10,5,4,267,242.85126
2023-10-10,5,5,40,27.497759
2023-10-10,5,6,136,151.35907
2023-10-10,5,7,132,166.97675
2023-10-10,5,8,255,227.39217
2023-10-10,5,9,36,22.195593
2023-10-10,5,10,349,306.89914
2023-10-10,5,11,90,169.89676
2023-10-10,5,12,162,168.02875
2023-10-10,5,13,9,18.01148
2023-10-10,5,14,220,221.16673
2023-10-10,5,15,183,168.73943
2023-10-10,5,16,61,33.707417
2023-10-10,5,17,40,28.213284
2023-10-10,5,18,5,31.837885
2023-10-10,5,19,273,261.29938
2023-10-10,5,20,49,40.983032
2023-10-11,1,1,17,29.979788
2023-10-11,1,2,36,23.243168
2023-10-11,1,3,23,60.307243
2023-10-11,1,4,48,108.34565
2023-10-11,1,5,126,81.74272
2023-10-11,1,6,46,122.11689
2023-10-11,1,7,144,186.08554
2023-10-11,1,8,227,207.41447
2023-10-11,1,9,198,180.92358
2023-10-11,1,10,74,67.19032
2023-10-11,1,11,149,182.43471
2023-10-11,1,12,99,81.55094
2023-10-11,1,13,96,48.087784
2023-10-11,1,14,110,84.898926
2023-10-11,1,15,51,50.998447
2023-10-11,1,16,186,149.55771
2023-10-11,1,17,371,308.9775
2023-10-11,1,18,46,103.25263
2023-10-11,1,19,37,36.00226
2023-10-11,1,20,73,56.007
2023-10-11,2,1,38,46.12072
2023-10-11,2,2,271,228.92535
2023-10-11,2,3,185,172.8823
2023-10-11,2,4,45,112.704315
2023-10-11,2,5,134,163.10991
2023-10-11,2,6,245,225.66823
2023-10-11,2,7,212,167.83784
2023-10-11,2,8,466,334.05164
2023-10-11,2,9,54,115.77585
2023-10-11,2,10,101,173.2363
2023-10-11,2,11,89,155.06372
2023-10-11,2,12,135,152.66286
2023-10-11,2,13,346,301.00626
2023-10-11,2,14,168,170.15367
2023-10-11,2,15,52,47.112617
2023-10-11,2,16,233,207.36299
2023-10-11,2,17,216,212.23314
2023-10-11,2,18,207,188.69458
2023-10-11,2,19,383,347.407
2023-10-11,2,20,165,160.13396
2023-10-11,3,1,67,64.958534
2023-10-11,3,2,31,30.236307
2023-10-11,3,3,19,29.82822
2023-10-11,3,4,115,82.83396
2023-10-11,3,5,170,167.71893
2023-10-11,3,6,74,71.01197
2023-10-11,3,7,199,187.19362
2023-10-11,3,8,263,257.04852
2023-10-11,3,9,36,29.415575
2023-10-11,3,10,288,276.78143
2023-10-11,3,11,68,53.14466
2023-10-11,3,12,55,51.947525
2023-10-11,3,13,31,34.691696
2023-10-11,3,14,5,39.93546
2023-10-11,3,15,90,64.240204
2023-10-11,3,16,27,38.212204
2023-10-11,3,17,21,53.18022
2023-10-11,3,18,45,42.669975
2023-10-11,3,19,107,89.43055
2023-10-11,3,20,107,137.03389
2023-10-11,4,1,67,61.38084
2023-10-11,4,2,393,337.6339
2023-10-11,4,3,371,317.1383
2023-10-11,4,4,358,314.05304
2023-10-11,4,5,72,142.90735
2023-10-11,4,6,196,184.87604
2023-10-11,4,7,158,163.02946
2023-10-11,4,8,86,77.05013
2023-10-11,4,9,56,112.3518
2023-10-11,4,10,226,213.54897
2023-10-11,4,11,90,53.654034
2023-10-11,4,12,20,49.71627
2023-10-11,4,13,10,55.159576
2023-10-11,4,14,70,56.772526
2023-10-11,4,15,48,127.842865
2023-10-11,4,16,133,151.15532
2023-10-11,4,17,30,65.74277
2023-10-11,4,18,60,49.831013
2023-10-11,4,19,369,335.5085
2023-10-11,4,20,122,141.77684
2023-10-11,5,1,142,88.06514
2023-10-11,5,2,145,176.45575
2023-10-11,5,3,321,281.21185
2023-10-11,5,4,50,33.15046
2023-10-11,5,5,84,142.55832
2023-10-11,5,6,203,190.78714
2023-10-11,5,7,19,29.869358
2023-10-11,5,8,46,60.954563
2023-10-11,5,9,96,55.438248
2023-10-11,5,10,186,191.15019
2023-10-11,5,11,458,343.86942
2023-10-11,5,12,76,132.93533
2023-10-11,5,13,20,45.582626
2023-10-11,5,14,75,123.42552
2023-10-11,5,15,13,40.37625
2023-10-11,5,16,82,59.12733
2023-10-11,5,17,316,267.00534
2023-10-11,5,18,182,156.9204
2023-10-11,5,19,90,80.93384
2023-10-11,5,20,3,28.463608
2023-10-12,1,1,77,56.628895
2023-10-12,1,2,153,187.4723
2023-10-12,1,3,50,50.578815
2023-10-12,1,4,119,168.68619
2023-10-12,1,5,49,16.25408
2023-10-12,1,6,364,322.30054
2023-10-12,1,7,131,64.43402
2023-10-12,1,8,121,179.90376
2023-10-12,1,9,383,345.0062
2023-10-12,1,10,37,53.99168
2023-10-12,1,11,102,82.777954
2023-10-12,1,12,105,61.60361
2023-10-12,1,13,48,117.93796
2023-10-12,1,14,397,345.3848
2023-10-12,1,15,207,164.41107
2023-10-12,1,16,349,289.9637
2023-10-12,1,17,148,99.081
2023-10-12,1,18,93,126.05858
2023-10-12,1,19,234,241.9556
2023-10-12,1,20,263,236.1026
2023-10-12,2,1,227,187.39787
2023-10-12,2,2,15,50.34613
2023-10-12,2,3,37,143.51135
2023-10-12,2,4,110,160.60544
2023-10-12,2,5,72,43.278286
2023-10-12,2,6,123,168.44803
2023-10-12,2,7,163,164.61409
2023-10-12,2,8,58,77.008865
2023-10-12,2,9,182,172.24626
2023-10-12,2,10,117,77.4226
2023-10-12,2,11,84,74.81168
2023-10-12,2,12,242,197.32538
2023-10-12,2,13,32,46.62688
2023-10-12,2,14,130,79.01522
2023-10-12,2,15,104,65.0914
2023-10-12,2,16,396,337.7543
2023-10-12,2,17,135,177.54065
2023-10-12,2,18,42,27.608994
2023-10-12,2,19,55,79.73809
2023-10-12,2,20,375,344.50137
2023-10-12,3,1,79,119.51638
2023-10-12,3,2,221,231.69096
2023-10-12,3,3,351,319.6079
2023-10-12,3,4,279,253.56091
2023-10-12,3,5,231,195.6424
2023-10-12,3,6,58,77.81168
2023-10-12,3,7,130,74.29373
2023-10-12,3,8,157,117.752205
2023-10-12,3,9,26,50.093666
2023-10-12,3,10,295,276.678
2023-10-12,3,11,213,196.90627
2023-10-12,3,12,404,345.2045
2023-10-12,3,13,291,276.9778
2023-10-12,3,14,11,47.301662
2023-10-12,3,15,183,153.19035
2023-10-12,3,16,165,178.77184
2023-10-12,3,17,100,164.32649
2023-10-12,3,18,37,90.19224
2023-10-12,3,19,60,66.58745
2023-10-12,3,20,265,236.32253
2023-10-12,4,1,2,23.196375
2023-10-12,4,2,197,118.21058
2023-10-12,4,3,357,338.99222
2023-10-12,4,4,73,155.1635
2023-10-12,4,5,65,36.715813
2023-10-12,4,6,88,144.72583
2023-10-12,4,7,1,31.887419
2023-10-12,4,8,66,45.571075
2023-10-12,4,9,45,45.170044
2023-10-12,4,10,180,165.06778
2023-10-12,4,11,35,141.51802
2023-10-12,4,12,200,200.71303
2023-10-12,4,13,104,142.822
2023-10-12,4,14,302,283.25598
2023-10-12,4,15,89,128.22261
2023-10-12,4,16,271,249.1142
2023-10-12,4,17,12,46.36147
2023-10-12,4,18,96,119.76921
2023-10-12,4,19,380,361.8692
2023-10-12,4,20,68,70.58198
2023-10-12,5,1,42,30.865335
2023-10-12,5,2,153,187.82169
2023-10-12,5,3,99,174.69221
2023-10-12,5,4,26,49.86851
2023-10-12,5,5,90,121.80871
2023-10-12,5,6,76,147.25148
2023-10-12,5,7,61,107.50081
2023-10-12,5,8,15,23.545267
2023-10-12,5,9,20,51.89112
2023-10-12,5,10,151,186.02519
2023-10-12,5,11,215,193.76462
2023-10-12,5,12,30,49.001106
2023-10-12,5,13,51,57.8984
2023-10-12,5,14,57,54.029415
2023-10-12,5,15,108,74.23666
2023-10-12,5,16,96,73.85093
2023-10-12,5,17,136,150.80843
2023-10-12,5,18,136,139.5461
2023-10-12,5,19,56,149.80084
2023-10-12,5,20,85,79.95512
2023-10-13,1,1,221,199.45702
2023-10-13,1,2,236,208.00085
2023-10-13,1,3,58,149.96666
2023-10-13,1,4,193,186.75107
2023-10-13,1,5,87,37.42723
2023-10-13,1,6,10,45.68157
2023-10-13,1,7,205,180.79338
2023-10-13,1,8,59,104.26002
2023-10-13,1,9,80,71.01733
2023-10-13,1,10,37,29.57184
2023-10-13,1,11,206,205.89
2023-10-13,1,12,129,92.35609
2023-10-13,1,13,17,38.403
2023-10-13,1,14,168,179.5954
2023-10-13,1,15,231,206.5231
2023-10-13,1,16,42,56.97811
2023-10-13,1,17,152,168.11461
2023-10-13,1,18,299,264.35333
2023-10-13,1,19,66,55.262295
2023-10-13,1,20,38,55.221386
2023-10-13,2,1,16,40.288517
2023-10-13,2,2,114,76.58926
2023-10-13,2,3,126,94.624275
2023-10-13,2,4,2,42.20386
2023-10-13,2,5,84,50.28489
2023-10-13,2,6,51,119.793304
2023-10-13,2,7,94,56.85984
2023-10-13,2,8,11,19.216566
2023-10-13,2,9,266,264.5723
2023-10-13,2,10,76,65.796555
2023-10-13,2,11,4,27.695684
2023-10-13,2,12,27,52.949753
2023-10-13,2,13,147,156.90726
2023-10-13,2,14,139,102.7724
2023-10-13,2,15,348,306.2235
2023-10-13,2,16,95,159.64539
2023-10-13,2,17,24,17.751347
2023-10-13,2,18,177,166.1986
2023-10-13,2,19,70,65.84745
2023-10-13,2,20,117,93.675255
2023-10-13,3,1,382,337.84473
2023-10-13,3,2,90,131.21593
2023-10-13,3,3,149,181.21065
2023-10-13,3,4,61,132.79417
2023-10-13,3,5,53,36.37207
2023-10-13,3,6,108,72.733116
2023-10-13,3,7,39,27.983961
2023-10-13,3,8,2,22.003466
2023-10-13,3,9,275,245.66158
2023-10-13,3,10,144,180.2376
2023-10-13,3,11,136,157.88412
2023-10-13,3,12,3,57.11291
2023-10-13,3,13,40,43.55008
2023-10-13,3,14,101,80.88844
2023-10-13,3,15,73,54.273148
2023-10-13,3,16,1,58.20842
2023-10-13,3,17,208,161.22859
2023-10-13,3,18,345,304.78012
2023-10-13,3,19,358,322.75845
2023-10-13,3,20,27,51.224216
2023-10-13,4,1,375,344.6754
2023-10-13,4,2,14,28.253473
2023-10-13,4,3,215,210.09444
2023-10-13,4,4,129,158.46002
2023-10-13,4,5,59,42.12244
2023-10-13,4,6,6,24.337515
2023-10-13,4,7,175,143.62845
2023-10-13,4,8,122,132.9445
2023-10-13,4,9,255,244.78218
2023-10-13,4,10,12,45.63061
2023-10-13,4,11,443,366.72867
2023-10-13,4,12,418,364.25287
2023-10-13,4,13,117,151.69131
2023-10-13,4,14,35,51.789646
2023-10-13,4,15,226,227.3607
2023-10-13,4,16,244,235.4413
2023-10-13,4,17,135,145.38072
2023-10-13,4,18,127,64.87256
2023-10-13,4,19,300,279.5423
2023-10-13,4,20,165,91.563644
2023-10-13,5,1,101,80.7584
2023-10-13,5,2,136,143.00777
2023-10-13,5,3,351,306.7545
2023-10-13,5,4,1,25.554623
2023-10-13,5,5,85,50.73086
2023-10-13,5,6,170,148.47163
2023-10-13,5,7,226,216.1355
2023-10-13,5,8,160,146.63875
2023-10-13,5,9,14,37.309227
2023-10-13,5,10,201,166.54166
2023-10-13,5,11,60,61.561382
2023-10-13,5,12,55,45.51051
2023-10-13,5,13,16,12.783741
2023-10-13,5,14,40,48.537014
2023-10-13,5,15,117,93.262566
2023-10-13,5,16,174,178.5746
2023-10-13,5,17,394,328.5357
2023-10-13,5,18,5,48.63663
2023-10-13,5,19,129,179.01237
2023-10-13,5,20,29,24.857792
2023-10-14,1,1,18,60.562218
2023-10-14,1,2,74,133.72508
2023-10-14,1,3,1,41.56606
2023-10-14,1,4,113,133.26772
2023-10-14,1,5,90,117.01402
2023-10-14,1,6,250,214.50542
2023-10-14,1,7,87,127.54431
2023-10-14,1,8,407,329.12378
2023-10-14,1,9,197,197.50337
2023-10-14,1,10,10,27.409794
2023-10-14,1,11,42,69.05233
2023-10-14,1,12,146,179.65834
2023-10-14,1,13,377,329.2813
2023-10-14,1,14,120,126.622604
2023-10-14,1,15,109,98.535286
2023-10-14,1,16,4,37.47197
2023-10-14,1,17,46,35.45585
2023-10-14,1,18,446,362.53464
2023-10-14,1,19,7,58.226185
2023-10-14,1,20,65,100.58937
2023-10-14,2,1,90,85.58516
2023-10-14,2,2,180,161.77434
2023-10-14,2,3,171,177.25436
2023-10-14,2,4,140,151.30444
2023-10-14,2,5,366,306.25555
2023-10-14,2,6,36,47.998886
2023-10-14,2,7,188,158.14081
2023-10-14,2,8,249,236.40564
2023-10-14,2,9,6,52.64784
2023-10-14,2,10,122,64.807655
2023-10-14,2,11,47,60.440365
2023-10-14,2,12,224,230.46634
2023-10-14,2,13,24,44.30722
2023-10-14,2,14,128,124.44901
2023-10-14,2,15,99,169.82793
2023-10-14,2,16,71,63.81816
2023-10-14,2,17,62,57.32806
2023-10-14,2,18,38,53.80233
2023-10-14,2,19,52,59.446297
2023-10-14,2,20,176,159.78204
2023-10-14,3,1,2,59.024788
2023-10-14,3,2,197,171.8202
2023-10-14,3,3,46,41.692005
2023-10-14,3,4,25,36.998898
2023-10-14,3,5,60,33.462437
2023-10-14,3,6,221,209.59036
2023-10-14,3,7,75,50.41549
2023-10-14,3,8,148,107.37284
2023-10-14,3,9,165,177.44827
2023-10-14,3,10,278,243.07274
2023-10-14,3,11,305,290.85907
2023-10-14,3,12,56,73.739975
2023-10-14,3,13,332,301.06186
2023-10-14,3,14,311,264.17795
2023-10-14,3,15,301,282.99326
2023-10-14,3,16,246,228.12947
2023-10-14,3,17,183,187.99095
2023-10-14,3,18,119,98.37788
2023-10-14,3,19,101,99.83504
2023-10-14,3,20,110,132.65514
2023-10-14,4,1,295,282.10162
2023-10-14,4,2,185,145.57512
2023-10-14,4,3,42,36.30276
2023-10-14,4,4,98,140.19571
2023-10-14,4,5,243,232.34566
2023-10-14,4,6,120,165.2116
2023-10-14,4,7,187,165.86024
2023-10-14,4,8,64,67.06138
2023-10-14,4,9,226,215.01965
2023-10-14,4,10,97,162.67932
2023-10-14,4,11,62,152.93552
2023-10-14,4,12,75,76.64997
2023-10-14,4,13,44,53.11051
2023-10-14,4,14,363,317.84564
2023-10-14,4,15,124,157.06087
2023-10-14,4,16,137,83.61274
2023-10-14,4,17,58,61.834347
2023-10-14,4,18,340,320.79272
2023-10-14,4,19,172,190.73352
2023-10-14,4,20,162,156.49446
2023-10-14,5,1,95,144.72293
2023-10-14,5,2,112,137.38922
2023-10-14,5,3,151,164.5329
2023-10-14,5,4,61,32.259693
2023-10-14,5,5,139,94.24286
2023-10-14,5,6,73,63.10926
2023-10-14,5,7,329,301.9442
2023-10-14,5,8,6,50.844933
2023-10-14,5,9,197,189.87437
2023-10-14,5,10,236,216.212
2023-10-14,5,11,11,57.4201
2023-10-14,5,12,32,47.680153
2023-10-14,5,13,218,237.72672
2023-10-14,5,14,47,47.62452
2023-10-14,5,15,6,46.528584
2023-10-14,5,16,333,303.58206
2023-10-14,5,17,142,101.537285
2023-10-14,5,18,106,185.23314
2023-10-14,5,19,59,52.41408
2023-10-14,5,20,48,26.276102
2023-10-15,1,1,31,39.358097
2023-10-15,1,2,86,124.961685
2023-10-15,1,3,49,47.322296
2023-10-15,1,4,12,17.038727
2023-10-15,1,5,140,95.79718
2023-10-15,1,6,198,177.36334
2023-10-15,1,7,202,180.29938
2023-10-15,1,8,122,167.68568
2023-10-15,1,9,46,37.245434
2023-10-15,1,10,66,41.853397
2023-10-15,1,11,72,61.670082
2023-10-15,1,12,128,143.95285
2023-10-15,1,13,170,194.91617
2023-10-15,1,14,71,75.225006
2023-10-15,1,15,40,43.117805
2023-10-15,1,16,80,60.24837
2023-10-15,1,17,339,309.90286
2023-10-15,1,18,265,263.3301
2023-10-15,1,19,54,36.430878
2023-10-15,1,20,41,31.141794
2023-10-15,2,1,338,302.0383
2023-10-15,2,2,35,27.339928
2023-10-15,2,3,110,137.90312
2023-10-15,2,4,62,95.07245
2023-10-15,2,5,340,312.17804
2023-10-15,2,6,21,45.39953
2023-10-15,2,7,15,46.24252
2023-10-15,2,8,128,167.12193
2023-10-15,2,9,2,39.112305
2023-10-15,2,10,41,43.148643
2023-10-15,2,11,140,83.01748
2023-10-15,2,12,66,108.166595
2023-10-15,2,13,24,60.76356
2023-10-15,2,14,180,194.3068
2023-10-15,2,15,175,170.27194
2023-10-15,2,16,176,187.28833
2023-10-15,2,17,78,50.91225
2023-10-15,2,18,454,365.27484
2023-10-15,2,19,103,137.96306
2023-10-15,2,20,222,200.814
2023-10-15,3,1,186,179.03374
2023-10-15,3,2,154,165.08223
2023-10-15,3,3,258,234.57594
2023-10-15,3,4,53,36.583836
2023-10-15,3,5,131,158.95892
2023-10-15,3,6,185,160.54828
2023-10-15,3,7,71,66.3679
2023-10-15,3,8,140,152.17783
2023-10-15,3,9,309,269.55508
2023-10-15,3,10,357,330.01068
2023-10-15,3,11,374,329.92438
2023-10-15,3,12,81,45.03961
2023-10-15,3,13,32,68.12777
2023-10-15,3,14,6,52.469933
2023-10-15,3,15,151,180.80818
2023-10-15,3,16,164,179.24399
2023-10-15,3,17,153,169.24025
2023-10-15,3,18,19,54.277184
2023-10-15,3,19,73,117.434425
2023-10-15,3,20,195,184.36566
2023-10-15,4,1,31,49.602627
2023-10-15,4,2,164,153.69147
2023-10-15,4,3,159,155.48878
2023-10-15,4,4,132,145.71086
2023-10-15,4,5,4,42.941856
2023-10-15,4,6,179,168.00241
2023-10-15,4,7,210,208.98232
2023-10-15,4,8,105,68.702225
2023-10-15,4,9,339,308.6605
2023-10-15,4,10,139,170.6747
2023-10-15,4,11,107,168.44556
2023-10-15,4,12,100,133.12184
2023-10-15,4,13,91,71.851456
2023-10-15,4,14,182,196.36325
2023-10-15,4,15,355,324.3496
2023-10-15,4,16,33,41.12242
2023-10-15,4,17,282,256.94263
2023-10-15,4,18,79,90.273285
2023-10-15,4,19,136,128.69695
2023-10-15,4,20,26,34.560394
2023-10-15,5,1,304,266.06128
2023-10-15,5,2,200,174.44502
2023-10-15,5,3,46,41.218967
2023-10-15,5,4,277,229.68964
2023-10-15,5,5,13,58.378525
2023-10-15,5,6,185,162.21288
2023-10-15,5,7,1,48.072243
2023-10-15,5,8,35,23.79083
2023-10-15,5,9,137,174.18782
2023-10-15,5,10,105,172.14993
2023-10-15,5,11,70,153.81612
2023-10-15,5,12,148,145.13565
2023-10-15,5,13,84,41.87719
2023-10-15,5,14,5,48.826805
2023-10-15,5,15,103,78.39437
2023-10-15,5,16,43,52.26245
2023-10-15,5,17,33,45.836456
2023-10-15,5,18,283,271.33887
2023-10-15,5,19,49,18.127247
2023-10-15,5,20,426,350.5387
2023-10-16,1,1,109,81.13266
2023-10-16,1,2,163,151.1642
2023-10-16,1,3,167,82.13048
2023-10-16,1,4,136,67.754234
2023-10-16,1,5,73,57.16807
2023-10-16,1,6,40,113.21092
2023-10-16,1,7,42,56.78056
2023-10-16,1,8,177,157.25777
2023-10-16,1,9,9,64.76026
2023-10-16,1,10,166,100.95339
2023-10-16,1,11,211,213.2076
2023-10-16,1,12,81,40.86571
2023-10-16,1,13,58,25.609661
2023-10-16,1,14,207,176.7074
2023-10-16,1,15,96,134.68655
2023-10-16,1,16,113,163.37602
2023-10-16,1,17,12,47.45908
2023-10-16,1,18,227,233.42871
2023-10-16,1,19,7,19.68683
2023-10-16,1,20,105,84.2009
2023-10-16,2,1,13,49.653915
2023-10-16,2,2,67,121.18184
2023-10-16,2,3,4,38.126957
2023-10-16,2,4,269,238.2794
2023-10-16,2,5,140,175.62294
2023-10-16,2,6,196,182.90186
2023-10-16,2,7,102,76.55826
2023-10-16,2,8,30,34.46849
2023-10-16,2,9,404,376.8793
2023-10-16,2,10,49,43.045235
2023-10-16,2,11,37,43.58939
2023-10-16,2,12,124,137.93767
2023-10-16,2,13,136,131.32094
2023-10-16,2,14,37,24.696562
2023-10-16,2,15,22,43.802784
2023-10-16,2,16,39,37.633408
2023-10-16,2,17,355,317.88794
2023-10-16,2,18,179,182.53168
2023-10-16,2,19,163,148.38391
2023-10-16,2,20,110,99.0097
2023-10-16,3,1,222,229.58887
2023-10-16,3,2,79,125.4475
2023-10-16,3,3,71,70.37922
2023-10-16,3,4,140,83.093544
2023-10-16,3,5,69,148.50261
2023-10-16,3,6,290,264.06345
2023-10-16,3,7,62,31.736238
2023-10-16,3,8,11,30.461168
2023-10-16,3,9,328,325.35007
2023-10-16,3,10,74,62.538128
2023-10-16,3,11,91,81.198456
2023-10-16,3,12,1,20.683958
2023-10-16,3,13,111,140.28561
2023-10-16,3,14,178,158.32988
2023-10-16,3,15,6,45.34574
2023-10-16,3,16,64,35.000668
2023-10-16,3,17,41,41.212627
2023-10-16,3,18,180,195.04166
2023-10-16,3,19,406,331.46332
2023-10-16,3,20,122,92.820076
2023-10-16,4,1,20,47.79376
2023-10-16,4,2,9,22.53468
2023-10-16,4,3,57,52.175102
2023-10-16,4,4,112,71.916084
2023-10-16,4,5,157,76.4815
2023-10-16,4,6,339,285.79764
2023-10-16,4,7,25,33.50612
2023-10-16,4,8,47,30.28427
2023-10-16,4,9,228,236.07144
2023-10-16,4,10,30,122.16586
2023-10-16,4,11,357,327.3397
2023-10-16,4,12,93,37.632404
2023-10-16,4,13,21,101.20042
2023-10-16,4,14,51,30.996758
2023-10-16,4,15,239,222.65599
2023-10-16,4,16,168,159.35986
2023-10-16,4,17,461,348.53253
2023-10-16,4,18,339,303.35565
2023-10-16,4,19,18,42.863773
2023-10-16,4,20,174,193.08629
2023-10-16,5,1,250,228.04948
2023-10-16,5,2,125,140.40811
2023-10-16,5,3,215,171.39975
2023-10-16,5,4,147,84.80608
2023-10-16,5,5,199,167.82138
2023-10-16,5,6,115,89.4598
2023-10-16,5,7,218,202.48766
2023-10-16,5,8,107,134.9603
2023-10-16,5,9,72,81.4315
2023-10-16,5,10,24,104.88124
2023-10-16,5,11,62,43.54517
2023-10-16,5,12,25,19.151625
2023-10-16,5,13,28,13.774976
2023-10-16,5,14,16,42.688374
2023-10-16,5,15,160,90.85296
2023-10-16,5,16,37,30.088179
2023-10-16,5,17,205,209.2559
2023-10-16,5,18,183,158.02324
2023-10-16,5,19,148,175.595
2023-10-16,5,20,256,255.64064
2023-10-17,1,1,100,79.564735
2023-10-17,1,2,53,38.402462
2023-10-17,1,3,4,32.266247
2023-10-17,1,4,390,347.4681
2023-10-17,1,5,200,171.5918
2023-10-17,1,6,223,234.88963
2023-10-17,1,7,3,33.092632
2023-10-17,1,8,238,212.1427
2023-10-17,1,9,9,62.583473
2023-10-17,1,10,222,192.06102
2023-10-17,1,11,471,354.51312
2023-10-17,1,12,181,155.91367
2023-10-17,1,13,64,102.03175
2023-10-17,1,14,415,342.39328
2023-10-17,1,15,6,42.413746
2023-10-17,1,16,231,191.27359
2023-10-17,1,17,286,304.6599
2023-10-17,1,18,33,47.5366
2023-10-17,1,19,44,126.8911
2023-10-17,1,20,167,106.99338
2023-10-17,2,1,357,322.69614
2023-10-17,2,2,167,76.470535
2023-10-17,2,3,326,302.7187
2023-10-17,2,4,46,42.141365
2023-10-17,2,5,67,126.95808
2023-10-17,2,6,53,48.27462
2023-10-17,2,7,166,149.90932
2023-10-17,2,8,150,153.17175
2023-10-17,2,9,33,49.36428
2023-10-17,2,10,85,117.722244
2023-10-17,2,11,301,283.3487
2023-10-17,2,12,35,37.908504
2023-10-17,2,13,202,155.98221
2023-10-17,2,14,165,176.06894
2023-10-17,2,15,402,322.5809
2023-10-17,2,16,55,36.09975
2023-10-17,2,17,33,62.81482
2023-10-17,2,18,161,96.450615
2023-10-17,2,19,19,44.354534
2023-10-17,2,20,19,31.97876
2023-10-17,3,1,350,298.57196
2023-10-17,3,2,143,64.58863
2023-10-17,3,3,87,132.16208
2023-10-17,3,4,200,208.13121
2023-10-17,3,5,244,214.73369
2023-10-17,3,6,453,356.66455
2023-10-17,3,7,293,262.41443
2023-10-17,3,8,51,37.2884
2023-10-17,3,9,262,275.4845
2023-10-17,3,10,65,29.687397
2023-10-17,3,11,42,59.741444
2023-10-17,3,12,465,337.4192
2023-10-17,3,13,216,204.05743
2023-10-17,3,14,166,188.82239
2023-10-17,3,15,265,259.91092
2023-10-17,3,16,125,61.028004
2023-10-17,3,17,346,323.3321
2023-10-17,3,18,68,157.75761
2023-10-17,3,19,225,234.6988
2023-10-17,3,20,171,168.62288
2023-10-17,4,1,140,186.26308
2023-10-17,4,2,105,144.28528
2023-10-17,4,3,118,153.31137
2023-10-17,4,4,19,49.456867
2023-10-17,4,5,152,156.48532
2023-10-17,4,6,23,54.058186
2023-10-17,4,7,219,212.78304
2023-10-17,4,8,266,232.58348
2023-10-17,4,9,35,50.074802
2023-10-17,4,10,158,156.21924
2023-10-17,4,11,150,206.10757
2023-10-17,4,12,77,142.79488
2023-10-17,4,13,100,72.08045
2023-10-17,4,14,52,60.514317
2023-10-17,4,15,228,245.96
2023-10-17,4,16,6,36.2897
2023-10-17,4,17,115,105.988945
2023-10-17,4,18,71,154.77675
2023-10-17,4,19,109,90.67073
2023-10-17,4,20,106,60.424583
2023-10-17,5,1,60,162.58409
2023-10-17,5,2,19,17.520094
2023-10-17,5,3,42,43.31268
2023-10-17,5,4,410,362.77106
2023-10-17,5,5,151,157.0011
2023-10-17,5,6,41,140.98268
2023-10-17,5,7,150,186.42444
2023-10-17,5,8,232,205.12505
2023-10-17,5,9,116,81.70711
2023-10-17,5,10,29,32.514812
2023-10-17,5,11,387,371.07764
2023-10-17,5,12,126,95.42257
2023-10-17,5,13,163,152.69327
2023-10-17,5,14,378,350.6081
2023-10-17,5,15,52,63.46419
2023-10-17,5,16,332,286.3741
2023-10-17,5,17,303,297.10324
2023-10-17,5,18,2,50.292553
2023-10-17,5,19,134,156.97339
2023-10-17,5,20,9,35.439884
2023-10-18,1,1,108,181.0247
2023-10-18,1,2,243,214.57123
2023-10-18,1,3,12,44.437206
2023-10-18,1,4,56,57.71314
2023-10-18,1,5,47,26.392406
2023-10-18,1,6,10,53.33861
2023-10-18,1,7,16,49.169933
2023-10-18,1,8,104,71.87576
2023-10-18,1,9,311,262.12152
2023-10-18,1,10,85,38.55925
2023-10-18,1,11,31,56.728657
2023-10-18,1,12,14,62.527946
2023-10-18,1,13,142,159.38359
2023-10-18,1,14,76,154.83931
2023-10-18,1,15,157,109.17572
2023-10-18,1,16,42,30.970268
2023-10-18,1,17,190,183.09836
2023-10-18,1,18,45,25.766212
2023-10-18,1,19,85,47.50957
2023-10-18,1,20,89,55.06159
2023-10-18,2,1,140,192.39368
2023-10-18,2,2,7,30.318316
2023-10-18,2,3,97,89.26814
2023-10-18,2,4,32,54.734146
2023-10-18,2,5,19,33.379944
2023-10-18,2,6,28,62.61486
2023-10-18,2,7,232,224.49338
2023-10-18,2,8,92,49.244743
2023-10-18,2,9,130,151.21983
2023-10-18,2,10,421,337.63867
2023-10-18,2,11,77,162.83913
2023-10-18,2,12,341,314.14478
2023-10-18,2,13,169,156.30594
2023-10-18,2,14,377,364.2815
2023-10-18,2,15,2,57.67812
2023-10-18,2,16,287,272.8436
2023-10-18,2,17,5,54.538746
2023-10-18,2,18,36,99.93444
2023-10-18,2,19,80,43.17701
2023-10-18,2,20,211,177.8704
2023-10-18,3,1,129,101.03452
2023-10-18,3,2,36,100.11358
2023-10-18,3,3,53,49.523197
2023-10-18,3,4,18,55.675507
2023-10-18,3,5,469,343.78998
2023-10-18,3,6,154,182.2662
2023-10-18,3,7,141,175.0568
2023-10-18,3,8,26,33.251244
2023-10-18,3,9,123,166.50914
2023-10-18,3,10,58,52.661743
2023-10-18,3,11,155,192.14165
2023-10-18,3,12,114,100.440765
2023-10-18,3,13,103,69.00662
2023-10-18,3,14,322,305.14548
2023-10-18,3,15,67,83.51091
2023-10-18,3,16,62,51.761703
2023-10-18,3,17,399,349.72046
2023-10-18,3,18,106,138.66061
2023-10-18,3,19,149,161.66551
2023-10-18,3,20,309,253.47932
2023-10-18,4,1,118,74.45609
2023-10-18,4,2,54,41.119644
2023-10-18,4,3,32,30.05184
2023-10-18,4,4,182,108.00149
2023-10-18,4,5,118,82.116745
2023-10-18,4,6,87,76.48274
2023-10-18,4,7,20,54.823288
2023-10-18,4,8,23,48.1331
2023-10-18,4,9,474,356.1607
2023-10-18,4,10,319,323.8641
2023-10-18,4,11,198,192.85883
2023-10-18,4,12,195,211.21397
2023-10-18,4,13,38,27.72589
2023-10-18,4,14,216,233.68613
2023-10-18,4,15,37,52.627865
2023-10-18,4,16,141,182.3349
2023-10-18,4,17,15,70.599846
2023-10-18,4,18,10,25.103027
2023-10-18,4,19,173,145.48428
2023-10-18,4,20,14,26.88855
2023-10-18,5,1,376,341.19104
2023-10-18,5,2,278,229.28586
2023-10-18,5,3,194,164.59694
2023-10-18,5,4,88,154.45824
2023-10-18,5,5,221,224.73877
2023-10-18,5,6,56,26.497137
2023-10-18,5,7,135,76.76977
2023-10-18,5,8,85,69.48816
2023-10-18,5,9,155,200.53323
2023-10-18,5,10,191,194.29584
2023-10-18,5,11,183,93.077156
2023-10-18,5,12,118,82.54202
2023-10-18,5,13,92,48.006035
2023-10-18,5,14,211,216.07956
2023-10-18,5,15,62,41.466908
2023-10-18,5,16,104,167.74747
2023-10-18,5,17,94,68.19601
2023-10-18,5,18,40,18.833042
2023-10-18,5,19,123,66.9422
2023-10-18,5,20,157,180.01988
2023-10-19,1,1,201,184.36598
2023-10-19,1,2,23,44.653393
2023-10-19,1,3,168,84.69698
2023-10-19,1,4,293,271.67172
2023-10-19,1,5,47,65.312675
2023-10-19,1,6,283,231.71
2023-10-19,1,7,19,40.10914
2023-10-19,1,8,232,212.7814
2023-10-19,1,9,64,146.54723
2023-10-19,1,10,206,213.02077
2023-10-19,1,11,81,71.767494
2023-10-19,1,12,118,158.14644
2023-10-19,1,13,63,22.84991
2023-10-19,1,14,52,151.41185
2023-10-19,1,15,130,136.11992
2023-10-19,1,16,396,346.34195
2023-10-19,1,17,243,247.85205
2023-10-19,1,18,2,12.522819
2023-10-19,1,19,221,205.36978
2023-10-19,1,20,293,275.4635
2023-10-19,2,1,16,39.77364
2023-10-19,2,2,12,38.083572
2023-10-19,2,3,2,38.553978
2023-10-19,2,4,76,51.0575
2023-10-19,2,5,66,58.182926
2023-10-19,2,6,321,281.11957
2023-10-19,2,7,141,159.12155
2023-10-19,2,8,430,342.33102
2023-10-19,2,9,84,87.80057
2023-10-19,2,10,72,163.03491
2023-10-19,2,11,165,79.89473
2023-10-19,2,12,312,268.75995
2023-10-19,2,13,68,47.169704
2023-10-19,2,14,143,192.35278
2023-10-19,2,15,206,175.89264
2023-10-19,2,16,30,49.276997
2023-10-19,2,17,0,48.023407
2023-10-19,2,18,16,21.399654
2023-10-19,2,19,101,141.49263
2023-10-19,2,20,316,285.65015
2023-10-19,3,1,278,249.3665
2023-10-19,3,2,257,237.78629
2023-10-19,3,3,53,117.97452
2023-10-19,3,4,382,348.14163
2023-10-19,3,5,139,182.5427
2023-10-19,3,6,151,172.07745
2023-10-19,3,7,116,74.49818
2023-10-19,3,8,34,42.624302
2023-10-19,3,9,172,193.19476
2023-10-19,3,10,238,236.93024
2023-10-19,3,11,291,259.145
2023-10-19,3,12,200,187.35117
2023-10-19,3,13,31,13.402527
2023-10-19,3,14,70,68.80545
2023-10-19,3,15,86,50.060104
2023-10-19,3,16,236,237.23622
2023-10-19,3,17,278,258.3884
2023-10-19,3,18,157,151.99715
2023-10-19,3,19,92,49.575718
2023-10-19,3,20,34,48.09697
2023-10-19,4,1,198,196.14148
2023-10-19,4,2,345,311.35028
2023-10-19,4,3,61,113.73604
2023-10-19,4,4,154,180.09863
2023-10-19,4,5,83,163.93015
2023-10-19,4,6,338,302.88364
2023-10-19,4,7,204,168.19115
2023-10-19,4,8,267,257.24826
2023-10-19,4,9,90,84.79449
2023-10-19,4,10,127,163.96025
2023-10-19,4,11,3,33.76811
2023-10-19,4,12,112,84.86781
2023-10-19,4,13,1,19.851786
2023-10-19,4,14,69,62.68541
2023-10-19,4,15,241,204.7611
2023-10-19,4,16,74,161.95032
2023-10-19,4,17,270,274.26688
2023-10-19,4,18,12,23.652597
2023-10-19,4,19,254,236.92607
2023-10-19,4,20,309,275.79257
2023-10-19,5,1,280,251.22821
2023-10-19,5,2,80,58.37527
2023-10-19,5,3,71,52.062943
2023-10-19,5,4,145,195.1947
2023-10-19,5,5,72,54.519993
2023-10-19,5,6,300,261.47772
2023-10-19,5,7,85,46.077175
2023-10-19,5,8,8,51.19946
2023-10-19,5,9,70,80.804344
2023-10-19,5,10,16,44.863316
2023-10-19,5,11,199,192.65356
2023-10-19,5,12,101,155.13486
2023-10-19,5,13,233,194.67583
2023-10-19,5,14,58,37.927902
2023-10-19,5,15,461,346.17728
2023-10-19,5,16,209,211.39503
2023-10-19,5,17,162,91.4182
2023-10-19,5,18,66,27.130201
2023-10-19,5,19,99,69.92981
2023-10-19,5,20,2,52.95186
2023-10-20,1,1,377,334.30365
2023-10-20,1,2,65,60.657295
2023-10-20,1,3,56,112.41527
2023-10-20,1,4,210,203.74107
2023-10-20,1,5,197,174.8136
2023-10-20,1,6,102,169.57777
2023-10-20,1,7,63,34.38511
2023-10-20,1,8,201,211.6198
2023-10-20,1,9,193,160.49515
2023-10-20,1,10,32,42.533276
2023-10-20,1,11,63,47.265026
2023-10-20,1,12,358,317.06616
2023-10-20,1,13,310,255.88528
2023-10-20,1,14,26,27.0789
2023-10-20,1,15,142,182.70795
2023-10-20,1,16,70,68.0736
2023-10-20,1,17,13,38.76025
2023-10-20,1,18,383,334.3301
2023-10-20,1,19,196,185.2506
2023-10-20,1,20,257,263.89423
2023-10-20,2,1,101,169.48854
2023-10-20,2,2,75,72.57901
2023-10-20,2,3,190,157.41057
2023-10-20,2,4,131,169.35477
2023-10-20,2,5,125,63.004417
2023-10-20,2,6,198,214.54907
2023-10-20,2,7,160,164.63033
2023-10-20,2,8,297,280.8897
2023-10-20,2,9,10,20.92397
2023-10-20,2,10,71,62.617058
2023-10-20,2,11,40,120.62515
2023-10-20,2,12,84,63.960487
2023-10-20,2,13,90,139.6591
2023-10-20,2,14,178,133.73296
2023-10-20,2,15,131,184.12193
2023-10-20,2,16,186,198.92346
2023-10-20,2,17,280,246.90884
2023-10-20,2,18,111,72.85057
2023-10-20,2,19,357,323.67047
2023-10-20,2,20,64,59.579372
2023-10-20,3,1,282,254.6079
2023-10-20,3,2,44,52.06321
2023-10-20,3,3,264,233.87129
2023-10-20,3,4,83,69.82491
2023-10-20,3,5,130,137.70311
2023-10-20,3,6,206,197.9567
2023-10-20,3,7,254,227.24242
2023-10-20,3,8,10,52.293327
2023-10-20,3,9,130,141.15727
2023-10-20,3,10,84,116.78802
2023-10-20,3,11,232,231.33624
2023-10-20,3,12,79,58.92275
2023-10-20,3,13,174,186.76259
2023-10-20,3,14,357,307.85077
2023-10-20,3,15,17,51.583965
2023-10-20,3,16,312,273.35822
2023-10-20,3,17,277,247.44624
2023-10-20,3,18,166,169.91579
2023-10-20,3,19,58,62.699074
2023-10-20,3,20,336,324.88544
2023-10-20,4,1,12,47.68093
2023-10-20,4,2,168,171.36577
2023-10-20,4,3,371,310.44617
2023-10-20,4,4,32,129.44582
2023-10-20,4,5,211,172.7651
2023-10-20,4,6,67,156.4783
2023-10-20,4,7,411,353.9901
2023-10-20,4,8,130,170.97162
2023-10-20,4,9,34,117.721634
2023-10-20,4,10,137,129.59305
2023-10-20,4,11,204,189.32666
2023-10-20,4,12,187,173.64592
2023-10-20,4,13,346,297.03952
2023-10-20,4,14,138,163.0902
2023-10-20,4,15,350,305.4366
2023-10-20,4,16,7,42.46523
2023-10-20,4,17,446,371.73807
2023-10-20,4,18,136,169.5682
2023-10-20,4,19,227,233.46523
2023-10-20,4,20,119,83.080444
2023-10-20,5,1,248,245.82182
2023-10-20,5,2,161,105.61264
2023-10-20,5,3,108,88.201965
2023-10-20,5,4,435,340.83548
2023-10-20,5,5,285,255.45328
2023-10-20,5,6,88,73.363106
2023-10-20,5,7,107,78.04602
2023-10-20,5,8,54,131.59555
2023-10-20,5,9,349,290.9445
2023-10-20,5,10,170,72.32747
2023-10-20,5,11,111,161.63188
2023-10-20,5,12,5,44.471447
2023-10-20,5,13,109,176.83333
2023-10-20,5,14,97,88.19089
2023-10-20,5,15,71,72.31729
2023-10-20,5,16,99,94.857346
2023-10-20,5,17,248,250.50255
2023-10-20,5,18,349,312.65295
2023-10-20,5,19,82,72.20102
2023-10-20,5,20,173,202.91666
2023-10-21,1,1,56,140.63147
2023-10-21,1,2,46,20.642164
2023-10-21,1,3,130,85.110794
2023-10-21,1,4,167,180.33467
2023-10-21,1,5,143,69.11773
2023-10-21,1,6,225,223.63747
2023-10-21,1,7,110,170.49403
2023-10-21,1,8,24,43.389675
2023-10-21,1,9,4,39.76275
2023-10-21,1,10,38,20.959501
2023-10-21,1,11,94,128.1764
2023-10-21,1,12,54,55.85354
2023-10-21,1,13,348,330.766
2023-10-21,1,14,359,327.22977
2023-10-21,1,15,103,193.02338
2023-10-21,1,16,221,207.7154
2023-10-21,1,17,327,332.1586
2023-10-21,1,18,201,202.61954
2023-10-21,1,19,253,254.25592
2023-10-21,1,20,5,46.501114
2023-10-21,2,1,13,50.2237
2023-10-21,2,2,145,156.1452
2023-10-21,2,3,393,349.48236
2023-10-21,2,4,135,90.18061
2023-10-21,2,5,10,39.769623
2023-10-21,2,6,214,185.37993
2023-10-21,2,7,21,52.11302
2023-10-21,2,8,234,208.27466
2023-10-21,2,9,87,67.06319
2023-10-21,2,10,252,224.58386
2023-10-21,2,11,409,342.01
2023-10-21,2,12,69,63.59358
2023-10-21,2,13,113,84.43762
2023-10-21,2,14,352,313.3949
2023-10-21,2,15,138,163.85861
2023-10-21,2,16,240,221.31206
2023-10-21,2,17,46,55.527176
2023-10-21,2,18,188,181.62926
2023-10-21,2,19,48,46.317234
2023-10-21,2,20,234,217.1597
2023-10-21,3,1,151,154.74922
2023-10-21,3,2,146,150.67506
2023-10-21,3,3,46,48.417606
2023-10-21,3,4,2,59.515423
2023-10-21,3,5,201,182.76427
2023-10-21,3,6,168,162.60126
2023-10-21,3,7,96,153.37462
2023-10-21,3,8,126,153.63383
2023-10-21,3,9,452,338.58722
2023-10-21,3,10,123,71.27137
2023-10-21,3,11,177,171.67116
2023-10-21,3,12,109,69.7271
2023-10-21,3,13,224,235.55821
2023-10-21,3,14,99,87.64627
2023-10-21,3,15,215,185.21399
2023-10-21,3,16,17,47.29714
2023-10-21,3,17,236,240.69267
2023-10-21,3,18,265,243.68208
2023-10-21,3,19,414,366.8676
2023-10-21,3,20,63,44.4539
2023-10-21,4,1,62,141.11322
2023-10-21,4,2,155,161.63846
2023-10-21,4,3,5,60.96585
2023-10-21,4,4,252,262.55865
2023-10-21,4,5,238,217.67531
2023-10-21,4,6,129,161.13966
2023-10-21,4,7,36,61.446465
2023-10-21,4,8,198,175.77904
2023-10-21,4,9,179,176.90102
2023-10-21,4,10,172,166.54323
2023-10-21,4,11,435,347.40128
2023-10-21,4,12,105,65.61824
2023-10-21,4,13,216,212.82173
2023-10-21,4,14,63,150.53671
2023-10-21,4,15,86,75.514435
2023-10-21,4,16,161,165.73796
2023-10-21,4,17,168,114.791565
2023-10-21,4,18,57,55.34468
2023-10-21,4,19,153,178.2732
2023-10-21,4,20,124,85.17275
2023-10-21,5,1,241,221.255
2023-10-21,5,2,70,47.729153
2023-10-21,5,3,20,63.96302
2023-10-21,5,4,3,53.775948
2023-10-21,5,5,230,235.9401
2023-10-21,5,6,196,181.11034
2023-10-21,5,7,453,348.94406
2023-10-21,5,8,142,89.11903
2023-10-21,5,9,94,168.01863
2023-10-21,5,10,24,31.426208
2023-10-21,5,11,37,146.10393
2023-10-21,5,12,21,96.56682
2023-10-21,5,13,75,154.31673
2023-10-21,5,14,142,181.74072
2023-10-21,5,15,79,63.709675
2023-10-21,5,16,72,56.49645
2023-10-21,5,17,22,66.598854
2023-10-21,5,18,118,174.11128
2023-10-21,5,19,282,258.10638
2023-10-21,5,20,56,33.00052
2023-10-22,1,1,152,153.49974
2023-10-22,1,2,78,38.598232
2023-10-22,1,3,194,196.94861
2023-10-22,1,4,126,95.80439
2023-10-22,1,5,80,146.03328
2023-10-22,1,6,50,26.59984
2023-10-22,1,7,90,59.53237
2023-10-22,1,8,49,34.4588
2023-10-22,1,9,57,69.430534
2023-10-22,1,10,211,194.2682
2023-10-22,1,11,322,308.56372
2023-10-22,1,12,318,283.41687
2023-10-22,1,13,49,129.02339
2023-10-22,1,14,94,82.76972
2023-10-22,1,15,323,302.78537
2023-10-22,1,16,132,155.67046
2023-10-22,1,17,177,177.12555
2023-10-22,1,18,114,169.96332
2023-10-22,1,19,136,85.04433
2023-10-22,1,20,15,40.76403
2023-10-22,2,1,137,143.09843
2023-10-22,2,2,158,141.19429
2023-10-22,2,3,208,188.02293
2023-10-22,2,4,111,158.49059
2023-10-22,2,5,265,244.67422
2023-10-22,2,6,102,150.23035
2023-10-22,2,7,97,163.26411
2023-10-22,2,8,76,57.332157
2023-10-22,2,9,207,202.01744
2023-10-22,2,10,2,39.57263
2023-10-22,2,11,92,162.15265
2023-10-22,2,12,46,35.706837
2023-10-22,2,13,6,50.01911
2023-10-22,2,14,339,307.59686
2023-10-22,2,15,304,258.8353
2023-10-22,2,16,338,306.322
2023-10-22,2,17,180,172.11755
2023-10-22,2,18,86,139.01433
2023-10-22,2,19,19,61.15863
2023-10-22,2,20,351,314.8169
2023-10-22,3,1,198,182.83742
2023-10-22,3,2,279,229.23221
2023-10-22,3,3,73,144.79793
2023-10-22,3,4,80,70.76099
2023-10-22,3,5,48,41.82051
2023-10-22,3,6,63,47.00836
2023-10-22,3,7,108,84.89506
2023-10-22,3,8,206,173.74199
2023-10-22,3,9,166,110.73798
2023-10-22,3,10,387,331.17273
2023-10-22,3,11,211,232.10915
2023-10-22,3,12,85,66.09802
2023-10-22,3,13,98,144.09766
2023-10-22,3,14,22,48.641678
2023-10-22,3,15,79,131.24792
2023-10-22,3,16,122,159.66171
2023-10-22,3,17,361,314.14783
2023-10-22,3,18,296,270.56055
2023-10-22,3,19,83,82.482735
2023-10-22,3,20,83,135.44035
2023-10-22,4,1,203,175.25403
2023-10-22,4,2,247,222.27127
2023-10-22,4,3,32,39.480988
2023-10-22,4,4,32,36.547768
2023-10-22,4,5,205,204.24251
2023-10-22,4,6,49,32.103424
2023-10-22,4,7,23,59.33085
2023-10-22,4,8,44,39.24689
2023-10-22,4,9,74,82.34839
2023-10-22,4,10,34,36.29225
2023-10-22,4,11,330,309.64783
2023-10-22,4,12,112,80.70022
2023-10-22,4,13,191,163.44418
2023-10-22,4,14,17,33.050655
2023-10-22,4,15,230,231.33386
2023-10-22,4,16,169,93.83935
2023-10-22,4,17,149,178.64728
2023-10-22,4,18,47,115.105934
2023-10-22,4,19,21,48.866283
2023-10-22,4,20,378,351.4772
2023-10-22,5,1,278,248.90427
2023-10-22,5,2,40,125.71728
2023-10-22,5,3,29,34.81718
2023-10-22,5,4,143,149.30206
2023-10-22,5,5,275,251.36288
2023-10-22,5,6,2,25.117207
2023-10-22,5,7,131,165.42612
2023-10-22,5,8,95,49.89729
2023-10-22,5,9,230,199.35907
2023-10-22,5,10,170,178.30156
2023-10-22,5,11,63,65.54461
2023-10-22,5,12,73,138.11067
2023-10-22,5,13,81,42.576283
2023-10-22,5,14,79,61.902473
2023-10-22,5,15,257,248.00684
2023-10-22,5,16,125,158.10622
2023-10-22,5,17,69,69.00357
2023-10-22,5,18,60,50.942608
2023-10-22,5,19,75,63.38387
2023-10-22,5,20,69,141.90695
2023-10-23,1,1,381,324.9856
2023-10-23,1,2,108,164.17096
2023-10-23,1,3,90,45.23424
2023-10-23,1,4,470,353.01633
2023-10-23,1,5,40,42.47469
2023-10-23,1,6,153,149.25862
2023-10-23,1,7,37,52.65539
2023-10-23,1,8,261,238.0938
2023-10-23,1,9,342,306.9311
2023-10-23,1,10,60,63.156082
2023-10-23,1,11,45,53.150635
2023-10-23,1,12,144,86.633804
2023-10-23,1,13,66,106.56937
2023-10-23,1,14,19,37.647614
2023-10-23,1,15,356,347.1775
2023-10-23,1,16,465,346.5406
2023-10-23,1,17,331,313.32385
2023-10-23,1,18,189,160.10344
2023-10-23,1,19,350,285.5782
2023-10-23,1,20,56,65.10885
2023-10-23,2,1,6,45.5158
2023-10-23,2,2,89,131.38313
2023-10-23,2,3,16,30.929642
2023-10-23,2,4,64,52.972374
2023-10-23,2,5,318,294.44244
2023-10-23,2,6,79,45.48316
2023-10-23,2,7,98,61.248615
2023-10-23,2,8,94,51.183678
2023-10-23,2,9,329,300.19208
2023-10-23,2,10,391,334.65314
2023-10-23,2,11,250,249.65431
2023-10-23,2,12,43,47.684498
2023-10-23,2,13,193,165.8176
2023-10-23,2,14,10,50.569424
2023-10-23,2,15,152,101.95325
2023-10-23,2,16,74,74.61331
2023-10-23,2,17,33,50.897705
2023-10-23,2,18,37,36.739037
2023-10-23,2,19,5,32.77804
2023-10-23,2,20,43,48.989773
2023-10-23,3,1,137,175.53447
2023-10-23,3,2,35,124.29312
2023-10-23,3,3,49,106.87034
2023-10-23,3,4,41,56.871223
2023-10-23,3,5,67,158.9964
2023-10-23,3,6,104,73.944984
2023-10-23,3,7,126,71.99587
2023-10-23,3,8,77,52.508816
2023-10-23,3,9,72,61.877724
2023-10-23,3,10,148,180.78416
2023-10-23,3,11,82,72.79435
2023-10-23,3,12,171,150.75261
2023-10-23,3,13,39,36.665634
2023-10-23,3,14,43,36.112587
2023-10-23,3,15,99,100.21429
2023-10-23,3,16,37,75.297516
2023-10-23,3,17,398,349.67392
2023-10-23,3,18,90,74.18768
2023-10-23,3,19,117,158.60097
2023-10-23,3,20,103,171.57648
2023-10-23,4,1,93,80.00137
2023-10-23,4,2,176,169.1723
2023-10-23,4,3,40,86.517456
2023-10-23,4,4,121,187.93858
2023-10-23,4,5,60,52.334007
2023-10-23,4,6,264,239.72575
2023-10-23,4,7,160,155.56703
2023-10-23,4,8,132,141.39453
2023-10-23,4,9,45,61.91598
2023-10-23,4,10,29,61.541264
2023-10-23,4,11,253,242.97568
2023-10-23,4,12,152,70.79822
2023-10-23,4,13,140,84.063
2023-10-23,4,14,222,189.53534
2023-10-23,4,15,37,59.621746
2023-10-23,4,16,119,178.77274
2023-10-23,4,17,296,280.81235
2023-10-23,4,18,227,220.91733
2023-10-23,4,19,34,130.33855
2023-10-23,4,20,157,176.00151
2023-10-23,5,1,38,56.889843
2023-10-23,5,2,132,141.29579
2023-10-23,5,3,179,138.43863
2023-10-23,5,4,73,83.26401
2023-10-23,5,5,56,53.78271
2023-10-23,5,6,137,71.96744
2023-10-23,5,7,187,151.28351
2023-10-23,5,8,230,203.43077
2023-10-23,5,9,23,59.58485
2023-10-23,5,10,186,184.5922
2023-10-23,5,11,144,179.53072
2023-10-23,5,12,104,60.708473
2023-10-23,5,13,52,34.737064
2023-10-23,5,14,23,27.429276
2023-10-23,5,15,175,191.16689
2023-10-23,5,16,25,60.16643
2023-10-23,5,17,229,230.63368
2023-10-23,5,18,378,338.32053
2023-10-23,5,19,252,246.34486
2023-10-23,5,20,56,55.8338
2023-10-24,1,1,20,44.413624
2023-10-24,1,2,36,20.902514
2023-10-24,1,3,272,225.95781
2023-10-24,1,4,192,192.68817
2023-10-24,1,5,254,252.27641
2023-10-24,1,6,247,231.32123
2023-10-24,1,7,138,142.64449
2023-10-24,1,8,168,163.20218
2023-10-24,1,9,7,72.81616
2023-10-24,1,10,153,177.39362
2023-10-24,1,11,83,150.16254
2023-10-24,1,12,42,90.24232
2023-10-24,1,13,118,68.635994
2023-10-24,1,14,79,54.310616
2023-10-24,1,15,40,52.43921
2023-10-24,1,16,246,255.43497
2023-10-24,1,17,49,63.19258
2023-10-24,1,18,129,72.89283
2023-10-24,1,19,48,46.003376
2023-10-24,1,20,6,17.37261
2023-10-24,2,1,54,65.65223
2023-10-24,2,2,92,43.347603
2023-10-24,2,3,249,212.99228
2023-10-24,2,4,279,276.4263
2023-10-24,2,5,303,270.14288
2023-10-24,2,6,4,41.727623
2023-10-24,2,7,134,54.057106
2023-10-24,2,8,138,66.3148
2023-10-24,2,9,325,301.9664
2023-10-24,2,10,92,154.66951
2023-10-24,2,11,285,261.2155
2023-10-24,2,12,277,230.5366
2023-10-24,2,13,47,30.661987
2023-10-24,2,14,44,43.3772
2023-10-24,2,15,203,192.2292
2023-10-24,2,16,123,182.20705
2023-10-24,2,17,120,108.16836
2023-10-24,2,18,193,189.08986
2023-10-24,2,19,168,187.66928
2023-10-24,2,20,121,139.96123
2023-10-24,3,1,53,24.862778
2023-10-24,3,2,196,166.60382
2023-10-24,3,3,1,43.65694
2023-10-24,3,4,4,35.954514
2023-10-24,3,5,194,182.34625
2023-10-24,3,6,342,298.25897
2023-10-24,3,7,96,115.02339
2023-10-24,3,8,183,155.53397
2023-10-24,3,9,346,309.23053
2023-10-24,3,10,177,185.16777
2023-10-24,3,11,20,126.34207
2023-10-24,3,12,60,54.36039
2023-10-24,3,13,64,38.140675
2023-10-24,3,14,24,33.489243
2023-10-24,3,15,390,326.93735
2023-10-24,3,16,32,14.910241
2023-10-24,3,17,103,192.3484
2023-10-24,3,18,132,87.15109
2023-10-24,3,19,73,133.36617
2023-10-24,3,20,237,207.64757
2023-10-24,4,1,49,18.12218
2023-10-24,4,2,20,20.262318
2023-10-24,4,3,251,242.22902
2023-10-24,4,4,32,39.824055
2023-10-24,4,5,64,60.326424
2023-10-24,4,6,111,74.98625
2023-10-24,4,7,41,28.336512
2023-10-24,4,8,375,334.2554
2023-10-24,4,9,362,307.0509
2023-10-24,4,10,80,53.35913
2023-10-24,4,11,283,261.54153
2023-10-24,4,12,42,31.525536
2023-10-24,4,13,208,158.89075
2023-10-24,4,14,211,181.6501
2023-10-24,4,15,93,56.25384
2023-10-24,4,16,17,39.14699
2023-10-24,4,17,232,230.07298
2023-10-24,4,18,38,56.64649
2023-10-24,4,19,79,64.488914
2023-10-24,4,20,120,62.565964
2023-10-24,5,1,59,33.98748
2023-10-24,5,2,53,34.082424
2023-10-24,5,3,50,46.9989
2023-10-24,5,4,102,85.59683
2023-10-24,5,5,281,252.62856
2023-10-24,5,6,171,111.63602
2023-10-24,5,7,91,45.556362
2023-10-24,5,8,441,340.04453
2023-10-24,5,9,27,137.28835
2023-10-24,5,10,83,43.296944
2023-10-24,5,11,10,43.64151
2023-10-24,5,12,47,33.03949
2023-10-24,5,13,28,20.027058
2023-10-24,5,14,251,235.94502
2023-10-24,5,15,148,104.47882
2023-10-24,5,16,322,285.6898
2023-10-24,5,17,118,88.42204
2023-10-24,5,18,87,69.94567
2023-10-24,5,19,60,110.04533
2023-10-24,5,20,51,48.730877
2023-10-25,1,1,27,12.97987
2023-10-25,1,2,151,84.5249
2023-10-25,1,3,70,146.8664
2023-10-25,1,4,395,348.64548
2023-10-25,1,5,49,35.7967
2023-10-25,1,6,42,127.29727
2023-10-25,1,7,4,37.481983
2023-10-25,1,8,403,331.61148
2023-10-25,1,9,108,104.511955
2023-10-25,1,10,96,113.08439
2023-10-25,1,11,185,177.69849
2023-10-25,1,12,42,47.859993
2023-10-25,1,13,49,23.812374
2023-10-25,1,14,162,175.36578
2023-10-25,1,15,304,276.83868
2023-10-25,1,16,8,34.581085
2023-10-25,1,17,86,127.67041
2023-10-25,1,18,291,273.2316
2023-10-25,1,19,5,38.99806
2023-10-25,1,20,65,36.799435
2023-10-25,2,1,210,175.90038
2023-10-25,2,2,135,69.08875
2023-10-25,2,3,212,195.30592
2023-10-25,2,4,23,37.967285
2023-10-25,2,5,349,306.689
2023-10-25,2,6,2,58.318306
2023-10-25,2,7,145,142.13597
2023-10-25,2,8,181,200.9311
2023-10-25,2,9,25,51.31785
2023-10-25,2,10,244,224.27776
2023-10-25,2,11,183,168.1366
2023-10-25,2,12,343,297.31528
2023-10-25,2,13,101,68.31361
2023-10-25,2,14,23,52.08376
2023-10-25,2,15,82,143.25539
2023-10-25,2,16,86,69.56956
2023-10-25,2,17,138,70.71633
2023-10-25,2,18,56,129.68744
2023-10-25,2,19,121,61.068256
2023-10-25,2,20,101,72.92304
2023-10-25,3,1,338,289.3325
2023-10-25,3,2,66,117.66188
2023-10-25,3,3,77,132.51984
2023-10-25,3,4,302,296.0213
2023-10-25,3,5,68,168.86417
2023-10-25,3,6,40,51.006165
2023-10-25,3,7,306,259.9774
2023-10-25,3,8,166,192.78128
2023-10-25,3,9,45,63.098522
2023-10-25,3,10,20,25.01446
2023-10-25,3,11,124,88.360664
2023-10-25,3,12,27,28.886972
2023-10-25,3,13,137,75.27858
2023-10-25,3,14,178,161.82297
2023-10-25,3,15,139,184.70071
2023-10-25,3,16,40,47.13822
2023-10-25,3,17,24,103.14508
2023-10-25,3,18,146,169.06976
2023-10-25,3,19,37,31.150578
2023-10-25,3,20,472,365.7551
2023-10-25,4,1,4,36.34737
2023-10-25,4,2,115,65.36074
2023-10-25,4,3,408,346.618
2023-10-25,4,4,25,34.434658
2023-10-25,4,5,180,102.1947
2023-10-25,4,6,21,128.18398
2023-10-25,4,7,114,73.95162
2023-10-25,4,8,198,212.2112
2023-10-25,4,9,30,55.711193
2023-10-25,4,10,217,207.18114
2023-10-25,4,11,100,163.81435
2023-10-25,4,12,403,333.36447
2023-10-25,4,13,52,35.427296
2023-10-25,4,14,135,83.20538
2023-10-25,4,15,102,173.81844
2023-10-25,4,16,172,173.53711
2023-10-25,4,17,293,259.12192
2023-10-25,4,18,393,338.78665
2023-10-25,4,19,175,143.15508
2023-10-25,4,20,12,41.361385
2023-10-25,5,1,309,270.8428
2023-10-25,5,2,137,145.04062
2023-10-25,5,3,223,229.35715
2023-10-25,5,4,264,259.54352
2023-10-25,5,5,59,57.532307
2023-10-25,5,6,309,256.5492
2023-10-25,5,7,19,46.153824
2023-10-25,5,8,70,172.02829
2023-10-25,5,9,41,48.582775
2023-10-25,5,10,288,264.71405
2023-10-25,5,11,101,162.81656
2023-10-25,5,12,193,190.51598
2023-10-25,5,13,45,23.920954
2023-10-25,5,14,127,77.211205
2023-10-25,5,15,150,168.84271
2023-10-25,5,16,78,61.460403
2023-10-25,5,17,94,47.019394
2023-10-25,5,18,13,52.729572
2023-10-25,5,19,474,359.05188
2023-10-25,5,20,37,55.55453
2023-10-26,1,1,177,88.33604
2023-10-26,1,2,66,34.60605
2023-10-26,1,3,31,51.451782
2023-10-26,1,4,214,207.16016
2023-10-26,1,5,179,184.48706
2023-10-26,1,6,137,153.56325
2023-10-26,1,7,42,52.17736
2023-10-26,1,8,337,326.59744
2023-10-26,1,9,22,26.082203
2023-10-26,1,10,54,37.501163
2023-10-26,1,11,16,32.111053
2023-10-26,1,12,0,63.948612
2023-10-26,1,13,105,132.56941
2023-10-26,1,14,232,213.64694
2023-10-26,1,15,68,53.26462
2023-10-26,1,16,314,261.96997
2023-10-26,1,17,15,35.69671
2023-10-26,1,18,279,256.19427
2023-10-26,1,19,19,123.040016
2023-10-26,1,20,45,129.4728
2023-10-26,2,1,15,47.000565
2023-10-26,2,2,262,224.8566
2023-10-26,2,3,185,174.2468
2023-10-26,2,4,120,105.05211
2023-10-26,2,5,232,216.18158
2023-10-26,2,6,50,39.119156
2023-10-26,2,7,255,237.50566
2023-10-26,2,8,301,273.4927
2023-10-26,2,9,140,144.6336
2023-10-26,2,10,262,239.07481
2023-10-26,2,11,60,39.077766
2023-10-26,2,12,78,70.95717
2023-10-26,2,13,30,15.742154
2023-10-26,2,14,245,218.07204
2023-10-26,2,15,52,123.5007
2023-10-26,2,16,96,58.6282
2023-10-26,2,17,103,132.45848
2023-10-26,2,18,362,338.42987
2023-10-26,2,19,140,106.98055
2023-10-26,2,20,139,112.55463
2023-10-26,3,1,148,179.87831
2023-10-26,3,2,352,320.42456
2023-10-26,3,3,364,322.41418
2023-10-26,3,4,196,198.59648
2023-10-26,3,5,189,187.62428
2023-10-26,3,6,273,249.12383
2023-10-26,3,7,159,186.89581
2023-10-26,3,8,176,174.4818
2023-10-26,3,9,257,227.08731
2023-10-26,3,10,99,95.03192
2023-10-26,3,11,372,309.59854
2023-10-26,3,12,263,265.66092
2023-10-26,3,13,69,45.664627
2023-10-26,3,14,104,60.87831
2023-10-26,3,15,44,25.940132
2023-10-26,3,16,184,87.37401
2023-10-26,3,17,81,65.45037
2023-10-26,3,18,105,95.90422
2023-10-26,3,19,43,58.513103
2023-10-26,3,20,145,118.42948
2023-10-26,4,1,174,182.44821
2023-10-26,4,2,78,62.48206
2023-10-26,4,3,78,77.90025
2023-10-26,4,4,4,52.135838
2023-10-26,4,5,55,39.865047
2023-10-26,4,6,15,29.937176
2023-10-26,4,7,27,46.393745
2023-10-26,4,8,3,53.09929
2023-10-26,4,9,57,50.446964
2023-10-26,4,10,129,166.8103
2023-10-26,4,11,60,44.73293
2023-10-26,4,12,127,175.43105
2023-10-26,4,13,243,200.1253
2023-10-26,4,14,175,166.25836
2023-10-26,4,15,10,24.258116
2023-10-26,4,16,53,61.334824
2023-10-26,4,17,140,167.2858
2023-10-26,4,18,10,66.07351
2023-10-26,4,19,54,64.76822
2023-10-26,4,20,286,280.2858
2023-10-26,5,1,119,168.6773
2023-10-26,5,2,136,157.47086
2023-10-26,5,3,240,229.15196
2023-10-26,5,4,70,148.2252
2023-10-26,5,5,90,52.827137
2023-10-26,5,6,228,220.96085
2023-10-26,5,7,160,167.118
2023-10-26,5,8,53,65.8063
2023-10-26,5,9,220,214.69012
2023-10-26,5,10,236,217.45058
2023-10-26,5,11,193,192.97365
2023-10-26,5,12,323,309.35745
2023-10-26,5,13,33,19.425898
2023-10-26,5,14,19,38.34586
2023-10-26,5,15,81,54.316826
2023-10-26,5,16,232,238.81151
2023-10-26,5,17,27,44.696625
2023-10-26,5,18,13,62.13183
2023-10-26,5,19,83,89.966644
2023-10-26,5,20,124,74.25832
2023-10-27,1,1,20,47.60754
2023-10-27,1,2,64,60.458282
2023-10-27,1,3,70,63.829144
2023-10-27,1,4,15,114.87718
2023-10-27,1,5,303,270.60904
2023-10-27,1,6,142,98.42508
2023-10-27,1,7,198,192.73901
2023-10-27,1,8,292,277.92047
2023-10-27,1,9,151,164.90678
2023-10-27,1,10,314,269.38266
2023-10-27,1,11,124,86.80054
2023-10-27,1,12,270,238.21796
2023-10-27,1,13,84,48.29862
2023-10-27,1,14,29,38.2757
2023-10-27,1,15,26,28.22133
2023-10-27,1,16,202,195.48973
2023-10-27,1,17,142,69.37852
2023-10-27,1,18,203,194.66084
2023-10-27,1,19,37,62.77749
2023-10-27,1,20,136,157.77396
2023-10-27,2,1,93,53.06596
2023-10-27,2,2,3,28.945833
2023-10-27,2,3,101,167.33234
2023-10-27,2,4,348,318.2542
2023-10-27,2,5,237,211.76431
2023-10-27,2,6,238,222.38582
2023-10-27,2,7,139,164.49164
2023-10-27,2,8,46,47.823532
2023-10-27,2,9,35,47.20179
2023-10-27,2,10,72,134.25194
2023-10-27,2,11,62,65.39157
2023-10-27,2,12,378,344.46225
2023-10-27,2,13,268,232.82979
2023-10-27,2,14,30,110.95499
2023-10-27,2,15,343,290.821
2023-10-27,2,16,133,88.492065
2023-10-27,2,17,43,18.351643
2023-10-27,2,18,247,236.62111
2023-10-27,2,19,172,75.11893
2023-10-27,2,20,26,31.146412
2023-10-27,3,1,19,27.0476
2023-10-27,3,2,82,145.30617
2023-10-27,3,3,374,346.6344
2023-10-27,3,4,113,79.02682
2023-10-27,3,5,43,52.669315
2023-10-27,3,6,166,183.31287
2023-10-27,3,7,36,38.06407
2023-10-27,3,8,121,156.48598
2023-10-27,3,9,111,155.99248
2023-10-27,3,10,22,60.06408
2023-10-27,3,11,31,47.09831
2023-10-27,3,12,17,43.155636
2023-10-27,3,13,289,270.85367
2023-10-27,3,14,197,192.28242
2023-10-27,3,15,336,297.98007
2023-10-27,3,16,88,134.45164
2023-10-27,3,17,97,131.35817
2023-10-27,3,18,188,167.66458
2023-10-27,3,19,70,119.87707
2023-10-27,3,20,148,85.65667
2023-10-27,4,1,99,69.30099
2023-10-27,4,2,174,165.03212
2023-10-27,4,3,92,166.33484
2023-10-27,4,4,140,105.48484
2023-10-27,4,5,183,190.50728
2023-10-27,4,6,6,45.702427
2023-10-27,4,7,33,32.986694
2023-10-27,4,8,262,243.53242
2023-10-27,4,9,107,156.23811
2023-10-27,4,10,117,91.14666
2023-10-27,4,11,7,55.13354
2023-10-27,4,12,64,60.628685
2023-10-27,4,13,88,154.52132
2023-10-27,4,14,70,120.68232
2023-10-27,4,15,76,68.901146
2023-10-27,4,16,70,131.3354
2023-10-27,4,17,50,31.251919
2023-10-27,4,18,65,128.57327
2023-10-27,4,19,22,94.075356
2023-10-27,4,20,161,171.16666
2023-10-27,5,1,53,33.412548
2023-10-27,5,2,47,18.816362
2023-10-27,5,3,21,39.663292
2023-10-27,5,4,60,47.84713
2023-10-27,5,5,153,96.93521
2023-10-27,5,6,207,184.19238
2023-10-27,5,7,278,239.65761
2023-10-27,5,8,34,47.338173
2023-10-27,5,9,46,24.078407
2023-10-27,5,10,118,77.4369
2023-10-27,5,11,191,154.20923
2023-10-27,5,12,250,251.86794
2023-10-27,5,13,48,39.904808
2023-10-27,5,14,125,141.0746
2023-10-27,5,15,138,102.69565
2023-10-27,5,16,158,160.3255
2023-10-27,5,17,174,159.40747
2023-10-27,5,18,13,46.416313
2023-10-27,5,19,106,133.74252
2023-10-27,5,20,52,36.181488
2023-10-28,1,1,255,234.33716
2023-10-28,1,2,11,30.143091
2023-10-28,1,3,133,84.66376
2023-10-28,1,4,139,158.15427
2023-10-28,1,5,169,165.82603
2023-10-28,1,6,44,32.377636
2023-10-28,1,7,180,160.9668
2023-10-28,1,8,410,342.8162
2023-10-28,1,9,19,33.690342
2023-10-28,1,10,200,192.9964
2023-10-28,1,11,89,44.30841
2023-10-28,1,12,98,178.93102
2023-10-28,1,13,57,51.279533
2023-10-28,1,14,278,240.58862
2023-10-28,1,15,46,57.280853
2023-10-28,1,16,142,165.37381
2023-10-28,1,17,388,338.26505
2023-10-28,1,18,21,44.69832
2023-10-28,1,19,249,208.12149
2023-10-28,1,20,96,120.43637
2023-10-28,2,1,100,142.48149
2023-10-28,2,2,72,47.754612
2023-10-28,2,3,1,44.16523
2023-10-28,2,4,130,94.160225
2023-10-28,2,5,313,272.30057
2023-10-28,2,6,132,142.22458
2023-10-28,2,7,64,124.25547
2023-10-28,2,8,142,191.68918
2023-10-28,2,9,26,18.058565
2023-10-28,2,10,180,174.00276
2023-10-28,2,11,406,342.3899
2023-10-28,2,12,446,373.34338
2023-10-28,2,13,170,184.93706
2023-10-28,2,14,182,158.77496
2023-10-28,2,15,199,203.29579
2023-10-28,2,16,310,259.44263
2023-10-28,2,17,15,34.89434
2023-10-28,2,18,394,342.79907
2023-10-28,2,19,19,109.45078
2023-10-28,2,20,25,25.36539
2023-10-28,3,1,2,26.931467
2023-10-28,3,2,106,65.21881
2023-10-28,3,3,237,234.97797
2023-10-28,3,4,13,45.89115
2023-10-28,3,5,7,34.738346
2023-10-28,3,6,270,247.88315
2023-10-28,3,7,43,57.2165
2023-10-28,3,8,41,45.923447
2023-10-28,3,9,263,236.97368
2023-10-28,3,10,103,70.79512
2023-10-28,3,11,10,39.188118
2023-10-28,3,12,198,205.35124
2023-10-28,3,13,306,273.02106
2023-10-28,3,14,30,46.21738
2023-10-28,3,15,337,312.15756
2023-10-28,3,16,179,151.68132
2023-10-28,3,17,145,96.02403
2023-10-28,3,18,44,112.07705
2023-10-28,3,19,103,57.625153
2023-10-28,3,20,38,24.816238
2023-10-28,4,1,172,163.94269
2023-10-28,4,2,1,36.10938
2023-10-28,4,3,51,67.1339
2023-10-28,4,4,274,226.20964
2023-10-28,4,5,70,61.96471
2023-10-28,4,6,266,253.28548
2023-10-28,4,7,117,69.46635
2023-10-28,4,8,14,54.88379
2023-10-28,4,9,129,149.9737
2023-10-28,4,10,165,156.83458
2023-10-28,4,11,76,71.36933
2023-10-28,4,12,182,193.05783
2023-10-28,4,13,181,174.22871
2023-10-28,4,14,327,303.0481
2023-10-28,4,15,75,151.75282
2023-10-28,4,16,117,75.5896
2023-10-28,4,17,294,274.98584
2023-10-28,4,18,108,92.681015
2023-10-28,4,19,21,31.625937
2023-10-28,4,20,355,320.97128
2023-10-28,5,1,136,75.65325
2023-10-28,5,2,86,124.40337
2023-10-28,5,3,7,40.162746
2023-10-28,5,4,417,344.446
2023-10-28,5,5,275,258.298
2023-10-28,5,6,89,63.59212
2023-10-28,5,7,6,41.00783
2023-10-28,5,8,379,334.84457
2023-10-28,5,9,26,34.471653
2023-10-28,5,10,63,110.80636
2023-10-28,5,11,9,49.159393
2023-10-28,5,12,300,288.265
2023-10-28,5,13,11,50.636524
2023-10-28,5,14,281,239.9526
2023-10-28,5,15,14,42.633312
2023-10-28,5,16,22,41.548435
2023-10-28,5,17,413,332.6023
2023-10-28,5,18,24,50.74658
2023-10-28,5,19,123,153.69225
2023-10-28,5,20,389,331.86142
2023-10-29,1,1,218,203.56108
2023-10-29,1,2,268,235.18768
2023-10-29,1,3,105,154.26692
2023-10-29,1,4,19,41.36941
2023-10-29,1,5,27,31.926567
2023-10-29,1,6,60,143.96567
2023-10-29,1,7,147,166.49013
2023-10-29,1,8,398,338.24387
2023-10-29,1,9,228,212.64551
2023-10-29,1,10,154,78.00798
2023-10-29,1,11,183,180.91602
2023-10-29,1,12,355,317.3202
2023-10-29,1,13,107,82.59173
2023-10-29,1,14,5,48.770157
2023-10-29,1,15,90,63.174774
2023-10-29,1,16,100,144.39188
2023-10-29,1,17,173,186.2436
2023-10-29,1,18,9,54.549774
2023-10-29,1,19,103,133.05511
2023-10-29,1,20,96,64.95189
2023-10-29,2,1,69,52.194218
2023-10-29,2,2,125,73.83411
2023-10-29,2,3,144,162.4115
2023-10-29,2,4,72,72.129585
2023-10-29,2,5,104,99.57509
2023-10-29,2,6,39,43.060036
2023-10-29,2,7,22,28.418459
2023-10-29,2,8,250,254.70103
2023-10-29,2,9,248,227.83745
2023-10-29,2,10,79,102.17018
2023-10-29,2,11,143,180.20364
2023-10-29,2,12,245,251.08783
2023-10-29,2,13,77,68.90971
2023-10-29,2,14,78,75.34973
2023-10-29,2,15,286,256.0156
2023-10-29,2,16,130,88.90192
2023-10-29,2,17,105,179.24828
2023-10-29,2,18,61,52.49231
2023-10-29,2,19,20,37.01533
2023-10-29,2,20,128,102.56462
2023-10-29,3,1,34,38.2029
2023-10-29,3,2,131,136.70807
2023-10-29,3,3,40,37.603252
2023-10-29,3,4,153,194.65802
2023-10-29,3,5,287,281.9524
2023-10-29,3,6,2,37.341988
2023-10-29,3,7,216,194.66159
2023-10-29,3,8,95,95.06592
2023-10-29,3,9,79,64.395355
2023-10-29,3,10,110,65.07618
2023-10-29,3,11,99,161.90242
2023-10-29,3,12,137,193.64844
2023-10-29,3,13,5,62.322266
2023-10-29,3,14,43,45.98532
2023-10-29,3,15,34,44.820854
2023-10-29,3,16,323,298.73865
2023-10-29,3,17,88,73.344284
2023-10-29,3,18,38,48.56793
2023-10-29,3,19,186,147.77908
2023-10-29,3,20,116,114.688126
2023-10-29,4,1,17,31.867449
2023-10-29,4,2,224,203.6504
2023-10-29,4,3,362,312.4133
2023-10-29,4,4,225,248.26096
2023-10-29,4,5,53,55.502663
2023-10-29,4,6,227,219.70297
2023-10-29,4,7,103,71.75894
2023-10-29,4,8,72,98.202736
2023-10-29,4,9,1,47.44718
2023-10-29,4,10,71,38.50707
2023-10-29,4,11,93,64.5062
2023-10-29,4,12,59,52.277416
2023-10-29,4,13,384,359.86505
2023-10-29,4,14,289,276.12286
2023-10-29,4,15,108,97.24095
2023-10-29,4,16,207,188.90009
2023-10-29,4,17,59,146.70801
2023-10-29,4,18,321,289.25742
2023-10-29,4,19,190,151.05583
2023-10-29,4,20,257,262.3545
2023-10-29,5,1,142,79.80022
2023-10-29,5,2,139,164.68721
2023-10-29,5,3,185,158.50519
2023-10-29,5,4,283,263.59256
2023-10-29,5,5,50,46.40128
2023-10-29,5,6,135,156.23196
2023-10-29,5,7,223,202.47705
2023-10-29,5,8,236,247.43411
2023-10-29,5,9,8,36.140446
2023-10-29,5,10,80,51.35885
2023-10-29,5,11,153,160.94609
2023-10-29,5,12,197,200.4031
2023-10-29,5,13,284,254.95949
2023-10-29,5,14,296,281.09503
2023-10-29,5,15,77,130.0719
2023-10-29,5,16,165,101.92744
2023-10-29,5,17,416,363.9094
2023-10-29,5,18,82,53.570206
2023-10-29,5,19,169,156.81557
2023-10-29,5,20,37,57.68171
2023-10-30,1,1,362,319.91058
2023-10-30,1,2,42,107.677246
2023-10-30,1,3,52,56.704704
2023-10-30,1,4,121,174.15347
2023-10-30,1,5,372,319.5038
2023-10-30,1,6,24,35.24634
2023-10-30,1,7,10,48.162315
2023-10-30,1,8,38,61.250454
2023-10-30,1,9,363,320.8456
2023-10-30,1,10,7,21.852175
2023-10-30,1,11,224,190.93138
2023-10-30,1,12,57,60.58879
2023-10-30,1,13,122,163.44817
2023-10-30,1,14,71,62.71089
2023-10-30,1,15,19,113.74762
2023-10-30,1,16,180,179.61064
2023-10-30,1,17,0,55.277637
2023-10-30,1,18,136,151.60252
2023-10-30,1,19,310,261.38776
2023-10-30,1,20,52,62.886967
2023-10-30,2,1,448,345.69287
2023-10-30,2,2,53,36.216145
2023-10-30,2,3,143,94.02594
2023-10-30,2,4,208,186.7823
2023-10-30,2,5,51,124.079384
2023-10-30,2,6,190,155.62611
2023-10-30,2,7,92,129.96901
2023-10-30,2,8,333,316.1769
2023-10-30,2,9,199,196.61293
2023-10-30,2,10,65,97.28135
2023-10-30,2,11,245,214.97295
2023-10-30,2,12,216,238.41087
2023-10-30,2,13,226,230.20499
2023-10-30,2,14,63,144.49844
2023-10-30,2,15,16,40.836025
2023-10-30,2,16,202,194.32799
2023-10-30,2,17,47,49.89651
2023-10-30,2,18,123,80.522804
2023-10-30,2,19,151,84.91127
2023-10-30,2,20,73,47.399204
2023-10-30,3,1,183,191.24597
2023-10-30,3,2,56,110.389534
2023-10-30,3,3,7,47.05308
2023-10-30,3,4,329,309.79514
2023-10-30,3,5,318,305.1739
2023-10-30,3,6,136,154.74553
2023-10-30,3,7,140,97.557365
2023-10-30,3,8,65,45.05161
2023-10-30,3,9,127,83.976425
2023-10-30,3,10,5,34.779617
2023-10-30,3,11,118,153.19032
2023-10-30,3,12,169,168.32681
2023-10-30,3,13,294,284.77368
2023-10-30,3,14,133,86.06987
2023-10-30,3,15,55,122.737274
2023-10-30,3,16,12,53.95569
2023-10-30,3,17,37,53.389454
2023-10-30,3,18,158,181.88036
2023-10-30,3,19,164,176.26343
2023-10-30,3,20,77,124.55087
2023-10-30,4,1,88,78.185
2023-10-30,4,2,2,22.713657
2023-10-30,4,3,135,93.12914
2023-10-30,4,4,132,152.51494
2023-10-30,4,5,185,187.53827
2023-10-30,4,6,83,65.734856
2023-10-30,4,7,123,73.9479
2023-10-30,4,8,3,43.45025
2023-10-30,4,9,69,150.24834
2023-10-30,4,10,81,35.33834
2023-10-30,4,11,67,60.445023
2023-10-30,4,12,47,37.964405
2023-10-30,4,13,133,95.06617
2023-10-30,4,14,151,107.1199
2023-10-30,4,15,326,296.7657
2023-10-30,4,16,283,252.02727
2023-10-30,4,17,243,229.37671
2023-10-30,4,18,123,87.80801
2023-10-30,4,19,225,210.25665
2023-10-30,4,20,25,31.43055
2023-10-30,5,1,202,212.19757
2023-10-30,5,2,99,66.5311
2023-10-30,5,3,72,58.297543
2023-10-30,5,4,212,196.83037
2023-10-30,5,5,89,78.35194
2023-10-30,5,6,106,72.47264
2023-10-30,5,7,112,130.66403
2023-10-30,5,8,204,199.2551
2023-10-30,5,9,33,57.413963
2023-10-30,5,10,328,293.0131
2023-10-30,5,11,47,33.886597
2023-10-30,5,12,13,39.88325
2023-10-30,5,13,211,207.81871
2023-10-30,5,14,48,45.40156
2023-10-30,5,15,69,51.408123
2023-10-30,5,16,429,334.6497
2023-10-30,5,17,154,113.53199
2023-10-30,5,18,81,60.658897
2023-10-30,5,19,59,46.692772
2023-10-30,5,20,371,295.72186
2023-10-31,1,1,311,302.00916
2023-10-31,1,2,68,37.500755
2023-10-31,1,3,217,198.22658
2023-10-31,1,4,131,157.78787
2023-10-31,1,5,21,71.27211
2023-10-31,1,6,363,315.4175
2023-10-31,1,7,64,44.688488
2023-10-31,1,8,332,298.612
2023-10-31,1,9,162,179.98732
2023-10-31,1,10,68,134.99252
2023-10-31,1,11,151,153.30547
2023-10-31,1,12,22,39.038914
2023-10-31,1,13,149,172.95108
2023-10-31,1,14,168,164.30533
2023-10-31,1,15,9,42.10243
2023-10-31,1,16,153,93.00084
2023-10-31,1,17,171,189.47098
2023-10-31,1,18,162,149.82146
2023-10-31,1,19,35,125.29891
2023-10-31,1,20,1,39.67636
2023-10-31,2,1,80,150.3196
2023-10-31,2,2,89,38.561596
2023-10-31,2,3,68,40.39055
2023-10-31,2,4,5,41.404537
2023-10-31,2,5,79,68.63197
2023-10-31,2,6,35,24.487474
2023-10-31,2,7,189,71.781975
2023-10-31,2,8,25,48.27434
2023-10-31,2,9,104,167.49352
2023-10-31,2,10,37,52.908184
2023-10-31,2,11,122,144.28316
2023-10-31,2,12,99,142.595
2023-10-31,2,13,39,44.412457
2023-10-31,2,14,51,25.942616
2023-10-31,2,15,161,159.6291
2023-10-31,2,16,114,99.56289
2023-10-31,2,17,105,156.14911
2023-10-31,2,18,27,23.663136
2023-10-31,2,19,59,49.61751
2023-10-31,2,20,389,344.64203
2023-10-31,3,1,157,116.26028
2023-10-31,3,2,18,19.751461
2023-10-31,3,3,76,48.910595
2023-10-31,3,4,277,251.06947
2023-10-31,3,5,285,272.10547
2023-10-31,3,6,40,38.960487
2023-10-31,3,7,117,65.65967
2023-10-31,3,8,35,43.800083
2023-10-31,3,9,177,156.88939
2023-10-31,3,10,143,180.17343
2023-10-31,3,11,172,166.77898
2023-10-31,3,12,201,174.13902
2023-10-31,3,13,135,151.07765
2023-10-31,3,14,45,15.499999
2023-10-31,3,15,155,175.36728
2023-10-31,3,16,179,192.4756
2023-10-31,3,17,273,236.82964
2023-10-31,3,18,95,40.082314
2023-10-31,3,19,167,157.40366
2023-10-31,3,20,2,44.721706
2023-10-31,4,1,111,158.43861
2023-10-31,4,2,83,109.676735
2023-10-31,4,3,31,41.677746
2023-10-31,4,4,125,162.98553
2023-10-31,4,5,86,58.7389
2023-10-31,4,6,69,70.69073
2023-10-31,4,7,87,50.58296
2023-10-31,4,8,56,60.787273
2023-10-31,4,9,339,301.013
2023-10-31,4,10,34,124.37252
2023-10-31,4,11,233,196.14508
2023-10-31,4,12,45,28.150175
2023-10-31,4,13,209,183.4358
2023-10-31,4,14,89,36.729115
2023-10-31,4,15,87,63.867863
2023-10-31,4,16,323,305.89423
2023-10-31,4,17,50,44.80975
2023-10-31,4,18,20,34.224434
2023-10-31,4,19,169,167.02707
2023-10-31,4,20,140,118.43464
2023-10-31,5,1,50,32.95673
2023-10-31,5,2,49,21.730188
2023-10-31,5,3,244,198.6847
2023-10-31,5,4,55,46.080456
2023-10-31,5,5,405,338.8783
2023-10-31,5,6,119,81.44211
2023-10-31,5,7,66,101.995346
2023-10-31,5,8,9,49.00099
2023-10-31,5,9,91,58.209614
2023-10-31,5,10,50,51.672943
2023-10-31,5,11,256,230.8666
2023-10-31,5,12,173,86.302
2023-10-31,5,13,341,292.0613
2023-10-31,5,14,448,335.39798
2023-10-31,5,15,60,53.359
2023-10-31,5,16,315,279.83304
2023-10-31,5,17,62,44.1496
2023-10-31,5,18,28,21.054981
2023-10-31,5,19,70,48.344517
2023-10-31,5,20,119,194.76364
2023-11-01,1,1,15,39.68633
2023-11-01,1,2,58,33.778366
2023-11-01,1,3,58,34.513836
2023-11-01,1,4,15,35.571682
2023-11-01,1,5,52,54.34772
2023-11-01,1,6,479,338.86826
2023-11-01,1,7,218,185.90263
2023-11-01,1,8,317,293.1043
2023-11-01,1,9,132,81.91861
2023-11-01,1,10,49,35.74478
2023-11-01,1,11,49,32.537872
2023-11-01,1,12,121,69.44743
2023-11-01,1,13,148,169.64258
2023-11-01,1,14,40,31.333296
2023-11-01,1,15,74,115.34537
2023-11-01,1,16,409,341.76514
2023-11-01,1,17,77,47.626396
2023-11-01,1,18,193,166.86642
2023-11-01,1,19,87,42.54414
2023-11-01,1,20,257,271.43045
2023-11-01,2,1,130,83.2838
2023-11-01,2,2,55,101.03542
2023-11-01,2,3,272,234.28093
2023-11-01,2,4,36,37.91104
2023-11-01,2,5,256,261.3324
2023-11-01,2,6,37,41.097626
2023-11-01,2,7,116,55.31696
2023-11-01,2,8,43,29.150194
2023-11-01,2,9,37,40.04277
2023-11-01,2,10,38,33.48831
2023-11-01,2,11,66,37.383274
2023-11-01,2,12,96,39.817917
2023-11-01,2,13,48,41.62316
2023-11-01,2,14,338,311.0126
2023-11-01,2,15,20,23.899008
2023-11-01,2,16,1,49.447872
2023-11-01,2,17,73,49.117424
2023-11-01,2,18,454,342.32352
2023-11-01,2,19,194,166.06413
2023-11-01,2,20,240,225.28517
2023-11-01,3,1,297,263.78052
2023-11-01,3,2,91,49.587135
2023-11-01,3,3,172,175.9968
2023-11-01,3,4,13,43.089638
2023-11-01,3,5,249,239.5348
2023-11-01,3,6,267,257.3777
2023-11-01,3,7,39,23.921728
2023-11-01,3,8,310,268.00046
2023-11-01,3,9,42,129.3918
2023-11-01,3,10,42,23.99366
2023-11-01,3,11,153,172.44133
2023-11-01,3,12,181,155.45154
2023-11-01,3,13,8,47.01263
2023-11-01,3,14,238,235.61754
2023-11-01,3,15,15,25.007925
2023-11-01,3,16,72,177.64264
2023-11-01,3,17,54,29.926775
2023-11-01,3,18,137,166.49348
2023-11-01,3,19,117,147.69206
2023-11-01,3,20,31,55.17008
2023-11-01,4,1,45,27.795801
2023-11-01,4,2,208,166.43367
2023-11-01,4,3,166,173.79965
2023-11-01,4,4,2,31.669973
2023-11-01,4,5,83,158.94942
2023-11-01,4,6,56,63.027657
2023-11-01,4,7,219,197.10051
2023-11-01,4,8,16,45.777027
2023-11-01,4,9,50,46.05983
2023-11-01,4,10,198,104.08293
2023-11-01,4,11,164,169.63168
2023-11-01,4,12,305,253.16985
2023-11-01,4,13,106,157.41498
2023-11-01,4,14,295,294.2659
2023-11-01,4,15,318,302.51486
2023-11-01,4,16,150,111.22565
2023-11-01,4,17,58,36.766872
2023-11-01,4,18,167,108.29014
2023-11-01,4,19,292,256.93854
2023-11-01,4,20,145,110.41882
2023-11-01,5,1,220,220.0779
2023-11-01,5,2,241,199.49275
2023-11-01,5,3,162,180.28363
2023-11-01,5,4,402,331.1794
2023-11-01,5,5,35,61.17763
2023-11-01,5,6,124,181.59996
2023-11-01,5,7,103,139.49171
2023-11-01,5,8,266,247.95021
2023-11-01,5,9,49,44.868214
2023-11-01,5,10,10,24.158337
2023-11-01,5,11,33,44.75754
2023-11-01,5,12,80,133.13095
2023-11-01,5,13,32,38.689934
2023-11-01,5,14,118,90.48126
2023-11-01,5,15,16,39.522205
2023-11-01,5,16,192,189.90201
2023-11-01,5,17,164,150.91663
2023-11-01,5,18,220,229.81839
2023-11-01,5,19,233,217.78156
2023-11-01,5,20,10,39.158337
2023-11-02,1,1,139,173.06544
2023-11-02,1,2,4,34.461674
2023-11-02,1,3,322,306.97998
2023-11-02,1,4,17,36.505447
2023-11-02,1,5,41,42.84944
2023-11-02,1,6,26,66.912415
2023-11-02,1,7,48,42.68743
2023-11-02,1,8,191,179.0159
2023-11-02,1,9,112,137.13058
2023-11-02,1,10,73,34.539932
2023-11-02,1,11,34,45.195446
2023-11-02,1,12,106,71.21034
2023-11-02,1,13,183,164.82172
2023-11-02,1,14,355,335.49225
2023-11-02,1,15,39,41.859108
2023-11-02,1,16,259,257.72336
2023-11-02,1,17,316,259.82465
2023-11-02,1,18,135,91.00622
2023-11-02,1,19,5,44.049755
2023-11-02,1,20,383,332.3695
2023-11-02,2,1,343,308.6835
2023-11-02,2,2,203,190.61653
2023-11-02,2,3,37,28.308086
2023-11-02,2,4,131,89.12126
2023-11-02,2,5,21,40.480663
2023-11-02,2,6,358,339.90234
2023-11-02,2,7,62,31.641596
2023-11-02,2,8,83,79.42093
2023-11-02,2,9,232,201.0027
2023-11-02,2,10,19,23.146252
2023-11-02,2,11,92,115.37012
2023-11-02,2,12,459,345.71863
2023-11-02,2,13,105,79.06764
2023-11-02,2,14,265,271.96872
2023-11-02,2,15,17,38.4005
2023-11-02,2,16,196,214.3154
2023-11-02,2,17,338,292.42468
2023-11-02,2,18,38,65.30785
2023-11-02,2,19,94,68.97385
2023-11-02,2,20,21,33.430325
2023-11-02,3,1,85,145.58684
2023-11-02,3,2,99,71.44462
2023-11-02,3,3,57,51.403275
2023-11-02,3,4,39,47.29627
2023-11-02,3,5,243,231.14574
2023-11-02,3,6,180,175.6399
2023-11-02,3,7,27,37.837555
2023-11-02,3,8,188,180.7807
2023-11-02,3,9,29,34.617035
2023-11-02,3,10,65,105.32223
2023-11-02,3,11,113,140.59402
2023-11-02,3,12,27,54.284653
2023-11-02,3,13,74,48.037735
2023-11-02,3,14,257,255.26454
2023-11-02,3,15,32,44.8298
2023-11-02,3,16,269,239.81367
2023-11-02,3,17,193,182.03893
2023-11-02,3,18,122,100.83434
2023-11-02,3,19,304,272.41022
2023-11-02,3,20,167,193.66077
2023-11-02,4,1,116,172.74323
2023-11-02,4,2,150,163.37398
2023-11-02,4,3,70,66.909035
2023-11-02,4,4,306,267.86426
2023-11-02,4,5,3,36.861084
2023-11-02,4,6,397,353.68564
2023-11-02,4,7,155,169.50536
2023-11-02,4,8,190,188.46169
2023-11-02,4,9,107,140.70442
2023-11-02,4,10,52,109.26838
2023-11-02,4,11,193,177.28311
2023-11-02,4,12,8,67.71117
2023-11-02,4,13,10,36.023205
2023-11-02,4,14,67,140.57332
2023-11-02,4,15,104,164.97716
2023-11-02,4,16,240,214.15192
2023-11-02,4,17,36,57.564182
2023-11-02,4,18,72,52.39091
2023-11-02,4,19,93,69.42137
2023-11-02,4,20,60,60.632725
2023-11-02,5,1,74,70.897064
2023-11-02,5,2,172,171.9243
2023-11-02,5,3,116,161.5745
2023-11-02,5,4,223,214.5452
2023-11-02,5,5,318,277.52832
2023-11-02,5,6,0,44.28715
2023-11-02,5,7,233,202.65558
2023-11-02,5,8,46,37.7007
2023-11-02,5,9,97,144.34476
2023-11-02,5,10,39,15.594601
2023-11-02,5,11,164,164.38551
2023-11-02,5,12,29,51.528664
2023-11-02,5,13,377,327.32974
2023-11-02,5,14,170,186.70657
2023-11-02,5,15,235,219.24696
2023-11-02,5,16,155,171.36621
2023-11-02,5,17,86,146.6806
2023-11-02,5,18,164,150.82881
2023-11-02,5,19,217,231.60013
2023-11-02,5,20,68,68.31162
2023-11-03,1,1,136,81.52712
2023-11-03,1,2,115,154.16902
2023-11-03,1,3,291,262.63086
2023-11-03,1,4,115,99.542366
2023-11-03,1,5,193,187.44336
2023-11-03,1,6,56,145.0965
2023-11-03,1,7,92,123.79618
2023-11-03,1,8,101,153.36206
2023-11-03,1,9,339,307.13385
2023-11-03,1,10,108,132.43947
2023-11-03,1,11,30,30.716543
2023-11-03,1,12,37,132.55063
2023-11-03,1,13,134,67.2017
2023-11-03,1,14,102,166.35197
2023-11-03,1,15,232,208.71533
2023-11-03,1,16,209,197.573
2023-11-03,1,17,79,152.62425
2023-11-03,1,18,92,53.986084
2023-11-03,1,19,156,180.19278
2023-11-03,1,20,17,49.483963
2023-11-03,2,1,175,172.25311
2023-11-03,2,2,108,76.417984
2023-11-03,2,3,168,190.62247
2023-11-03,2,4,68,53.685787
2023-11-03,2,5,48,51.24501
2023-11-03,2,6,63,56.31988
2023-11-03,2,7,166,159.2609
2023-11-03,2,8,106,52.247
2023-11-03,2,9,379,343.13852
2023-11-03,2,10,273,221.23961
2023-11-03,2,11,341,293.45984
2023-11-03,2,12,16,57.67191
2023-11-03,2,13,20,43.202816
2023-11-03,2,14,188,198.90224
2023-11-03,2,15,87,120.44754
2023-11-03,2,16,157,160.35483
2023-11-03,2,17,19,50.17925
2023-11-03,2,18,36,19.872383
2023-11-03,2,19,171,188.75154
2023-11-03,2,20,39,51.04914
2023-11-03,3,1,290,286.33643
2023-11-03,3,2,262,231.07022
2023-11-03,3,3,18,44.548252
2023-11-03,3,4,87,70.56966
2023-11-03,3,5,173,167.1866
2023-11-03,3,6,15,58.016277
2023-11-03,3,7,79,121.87389
2023-11-03,3,8,445,348.87476
2023-11-03,3,9,66,46.49078
2023-11-03,3,10,22,34.243553
2023-11-03,3,11,215,189.27579
2023-11-03,3,12,55,68.28231
2023-11-03,3,13,120,94.44568
2023-11-03,3,14,302,266.5507
2023-11-03,3,15,258,240.45999
2023-11-03,3,16,60,47.626644
2023-11-03,3,17,67,63.69954
2023-11-03,3,18,12,22.499107
2023-11-03,3,19,37,49.70036
2023-11-03,3,20,221,199.51988
2023-11-03,4,1,2,21.48784
2023-11-03,4,2,28,103.69016
2023-11-03,4,3,157,159.86775
2023-11-03,4,4,59,135.04411
2023-11-03,4,5,51,50.2392
2023-11-03,4,6,36,51.617867
2023-11-03,4,7,256,229.18732
2023-11-03,4,8,5,45.872974
2023-11-03,4,9,401,360.86282
2023-11-03,4,10,205,190.89116
2023-11-03,4,11,45,42.76499
2023-11-03,4,12,208,177.73889
2023-11-03,4,13,106,168.78574
2023-11-03,4,14,98,158.84021
2023-11-03,4,15,90,48.434612
2023-11-03,4,16,32,44.99021
2023-11-03,4,17,33,112.82517
2023-11-03,4,18,184,151.18759
2023-11-03,4,19,280,254.75354
2023-11-03,4,20,10,30.310854
2023-11-03,5,1,292,267.7469
2023-11-03,5,2,233,214.78874
2023-11-03,5,3,19,40.90386
2023-11-03,5,4,25,125.90243
2023-11-03,5,5,22,51.525425
2023-11-03,5,6,143,182.51234
2023-11-03,5,7,93,46.950974
2023-11-03,5,8,26,52.652172
2023-11-03,5,9,304,289.0424
2023-11-03,5,10,79,144.7255
2023-11-03,5,11,339,318.68753
2023-11-03,5,12,37,29.501625
2023-11-03,5,13,119,174.74431
2023-11-03,5,14,75,138.63808
2023-11-03,5,15,71,58.59268
2023-11-03,5,16,4,41.71559
2023-11-03,5,17,219,205.38905
2023-11-03,5,18,94,125.35247
2023-11-03,5,19,306,262.96536
2023-11-03,5,20,125,139.4715
2023-11-04,1,1,180,165.02835
2023-11-04,1,2,74,49.101433
2023-11-04,1,3,196,181.7461
2023-11-04,1,4,153,155.6695
2023-11-04,1,5,99,162.91212
2023-11-04,1,6,48,21.190401
2023-11-04,1,7,90,52.750755
2023-11-04,1,8,249,236.253
2023-11-04,1,9,407,358.6571
2023-11-04,1,10,35,34.79807
2023-11-04,1,11,248,244.39487
2023-11-04,1,12,335,308.98343
2023-11-04,1,13,164,100.69949
2023-11-04,1,14,371,315.8895
2023-11-04,1,15,25,39.28309
2023-11-04,1,16,96,46.627926
2023-11-04,1,17,274,227.91315
2023-11-04,1,18,165,153.25117
2023-11-04,1,19,187,173.73308
2023-11-04,1,20,228,207.86436
2023-11-04,2,1,137,160.01588
2023-11-04,2,2,1,35.304913
2023-11-04,2,3,79,61.950924
2023-11-04,2,4,12,21.056158
2023-11-04,2,5,110,143.2334
2023-11-04,2,6,94,39.153038
2023-11-04,2,7,249,226.84789
2023-11-04,2,8,233,229.84822
2023-11-04,2,9,111,88.37762
2023-11-04,2,10,427,345.52267
2023-11-04,2,11,27,64.61184
2023-11-04,2,12,93,59.86259
2023-11-04,2,13,162,145.77068
2023-11-04,2,14,25,39.921066
2023-11-04,2,15,82,69.19456
2023-11-04,2,16,128,132.0868
2023-11-04,2,17,104,66.892075
2023-11-04,2,18,20,36.886856
2023-11-04,2,19,129,166.33131
2023-11-04,2,20,101,159.53253
2023-11-04,3,1,320,306.18442
2023-11-04,3,2,55,44.293022
2023-11-04,3,3,12,23.636017
2023-11-04,3,4,15,15.236934
2023-11-04,3,5,59,101.463486
2023-11-04,3,6,167,74.56917
2023-11-04,3,7,105,68.48811
2023-11-04,3,8,96,79.409904
2023-11-04,3,9,81,187.8099
2023-11-04,3,10,260,255.39085
2023-11-04,3,11,31,61.550117
2023-11-04,3,12,7,51.53771
2023-11-04,3,13,384,336.98853
2023-11-04,3,14,265,258.56183
2023-11-04,3,15,102,86.81651
2023-11-04,3,16,69,47.106815
2023-11-04,3,17,344,315.92957
2023-11-04,3,18,120,145.80194
2023-11-04,3,19,37,48.966152
2023-11-04,3,20,216,221.12074
2023-11-04,4,1,22,49.48784
2023-11-04,4,2,139,173.06476
2023-11-04,4,3,223,207.49545
2023-11-04,4,4,1,16.226276
2023-11-04,4,5,301,255.76637
2023-11-04,4,6,198,166.52692
2023-11-04,4,7,117,153.98753
2023-11-04,4,8,163,201.07771
2023-11-04,4,9,344,329.77014
2023-11-04,4,10,63,63.44254
2023-11-04,4,11,52,54.666824
2023-11-04,4,12,164,179.0604
2023-11-04,4,13,258,237.98842
2023-11-04,4,14,308,279.70547
2023-11-04,4,15,322,304.2884
2023-11-04,4,16,38,32.90865
2023-11-04,4,17,43,45.976727
2023-11-04,4,18,123,146.68315
2023-11-04,4,19,125,170.38773
2023-11-04,4,20,131,168.63678
2023-11-04,5,1,159,183.49983
2023-11-04,5,2,153,149.77072
2023-11-04,5,3,371,315.69247
2023-11-04,5,4,8,28.302528
2023-11-04,5,5,95,55.58661
2023-11-04,5,6,243,210.82336
2023-11-04,5,7,66,124.51659
2023-11-04,5,8,19,39.598835
2023-11-04,5,9,47,64.55016
2023-11-04,5,10,77,74.871056
2023-11-04,5,11,281,251.05646
2023-11-04,5,12,157,96.58784
2023-11-04,5,13,150,189.59554
2023-11-04,5,14,101,85.79311
2023-11-04,5,15,311,268.7133
2023-11-04,5,16,155,73.5202
2023-11-04,5,17,87,137.86955
2023-11-04,5,18,141,155.78145
2023-11-04,5,19,28,51.397015
2023-11-04,5,20,72,133.74762
2023-11-05,1,1,21,40.865173
2023-11-05,1,2,37,21.000082
2023-11-05,1,3,53,43.50296
2023-11-05,1,4,293,248.1606
2023-11-05,1,5,287,275.86618
2023-11-05,1,6,60,30.58009
2023-11-05,1,7,57,33.66517
2023-11-05,1,8,359,310.0922
2023-11-05,1,9,161,195.58046
2023-11-05,1,10,87,139.30751
2023-11-05,1,11,453,363.27655
2023-11-05,1,12,255,233.01701
2023-11-05,1,13,315,263.13885
2023-11-05,1,14,44,55.581455
2023-11-05,1,15,312,265.49747
2023-11-05,1,16,207,172.53218
2023-11-05,1,17,256,255.98509
2023-11-05,1,18,65,19.505335
2023-11-05,1,19,311,256.5263
2023-11-05,1,20,39,31.24704
2023-11-05,2,1,132,165.41315
2023-11-05,2,2,12,24.066723
2023-11-05,2,3,0,38.76819
2023-11-05,2,4,109,75.891785
2023-11-05,2,5,156,172.28807
2023-11-05,2,6,362,327.67126
2023-11-05,2,7,263,232.68445
2023-11-05,2,8,108,155.84547
2023-11-05,2,9,120,193.86682
2023-11-05,2,10,32,56.994514
2023-11-05,2,11,0,41.402386
2023-11-05,2,12,55,132.61902
2023-11-05,2,13,347,304.74002
2023-11-05,2,14,213,208.54291
2023-11-05,2,15,192,188.02353
2023-11-05,2,16,413,344.7087
2023-11-05,2,17,5,58.722687
2023-11-05,2,18,73,41.39207
2023-11-05,2,19,56,40.829845
2023-11-05,2,20,28,44.07992
2023-11-05,3,1,40,61.260544
2023-11-05,3,2,74,46.316055
2023-11-05,3,3,32,42.874165
2023-11-05,3,4,61,120.935745
2023-11-05,3,5,128,166.1249
2023-11-05,3,6,38,132.55124
2023-11-05,3,7,272,232.92712
2023-11-05,3,8,4,50.56456
2023-11-05,3,9,160,186.51146
2023-11-05,3,10,354,339.55527
2023-11-05,3,11,182,107.874504
2023-11-05,3,12,31,117.52354
2023-11-05,3,13,212,207.19739
2023-11-05,3,14,29,47.755894
2023-11-05,3,15,68,88.47769
2023-11-05,3,16,401,339.92197
2023-11-05,3,17,147,176.99413
2023-11-05,3,18,420,337.6638
2023-11-05,3,19,473,346.7448
2023-11-05,3,20,196,179.14406
2023-11-05,4,1,155,176.05418
2023-11-05,4,2,102,67.79283
2023-11-05,4,3,43,54.272152
2023-11-05,4,4,38,37.04302
2023-11-05,4,5,175,96.637184
2023-11-05,4,6,23,134.7869
2023-11-05,4,7,260,247.67473
2023-11-05,4,8,25,44.49185
2023-11-05,4,9,218,225.99998
2023-11-05,4,10,291,264.67014
2023-11-05,4,11,223,231.12161
2023-11-05,4,12,66,48.293827
2023-11-05,4,13,114,178.96039
2023-11-05,4,14,199,198.56357
2023-11-05,4,15,55,67.91224
2023-11-05,4,16,6,47.698967
2023-11-05,4,17,273,260.59265
2023-11-05,4,18,231,227.62022
2023-11-05,4,19,30,38.516342
2023-11-05,4,20,277,242.39209
2023-11-05,5,1,112,68.59242
2023-11-05,5,2,39,14.512475
2023-11-05,5,3,5,48.341637
2023-11-05,5,4,115,80.15226
2023-11-05,5,5,71,64.59105
2023-11-05,5,6,31,54.64318
2023-11-05,5,7,206,200.082
2023-11-05,5,8,154,174.52353
2023-11-05,5,9,208,201.68155
2023-11-05,5,10,82,60.43151
2023-11-05,5,11,199,234.43587
2023-11-05,5,12,40,38.39744
2023-11-05,5,13,94,72.23493
2023-11-05,5,14,137,162.04985
2023-11-05,5,15,14,56.15502
2023-11-05,5,16,88,173.9053
2023-11-05,5,17,67,52.915253
2023-11-05,5,18,24,57.12511
2023-11-05,5,19,191,174.24995
2023-11-05,5,20,49,115.45414
2023-11-06,1,1,49,13.663129
2023-11-06,1,2,144,145.978
2023-11-06,1,3,219,214.16777
2023-11-06,1,4,97,157.94
2023-11-06,1,5,115,57.441998
2023-11-06,1,6,13,51.332294
2023-11-06,1,7,417,336.8233
2023-11-06,1,8,189,180.2371
2023-11-06,1,9,93,125.60359
2023-11-06,1,10,223,222.23172
2023-11-06,1,11,180,191.681
2023-11-06,1,12,42,39.120007
2023-11-06,1,13,288,272.6117
2023-11-06,1,14,123,137.64554
2023-11-06,1,15,85,146.10023
2023-11-06,1,16,185,209.07965
2023-11-06,1,17,101,98.71459
2023-11-06,1,18,92,157.27852
2023-11-06,1,19,136,182.27899
2023-11-06,1,20,322,301.90652
2023-11-06,2,1,140,145.6177
2023-11-06,2,2,449,332.84222
2023-11-06,2,3,187,162.15974
2023-11-06,2,4,67,123.55477
2023-11-06,2,5,22,34.57448
2023-11-06,2,6,45,45.027363
2023-11-06,2,7,92,63.70105
2023-11-06,2,8,66,53.08853
2023-11-06,2,9,133,150.94104
2023-11-06,2,10,82,158.00679
2023-11-06,2,11,84,79.686195
2023-11-06,2,12,93,119.7111
2023-11-06,2,13,82,61.48486
2023-11-06,2,14,66,48.443188
2023-11-06,2,15,152,165.7821
2023-11-06,2,16,48,68.695625
2023-11-06,2,17,103,158.59686
2023-11-06,2,18,400,363.05792
2023-11-06,2,19,9,64.82088
2023-11-06,2,20,21,30.319876
2023-11-06,3,1,63,105.87507
2023-11-06,3,2,150,176.04915
2023-11-06,3,3,334,292.78186
2023-11-06,3,4,91,44.376755
2023-11-06,3,5,12,37.318005
2023-11-06,3,6,293,265.33307
2023-11-06,3,7,112,176.11098
2023-11-06,3,8,19,40.88473
2023-11-06,3,9,100,136.21057
2023-11-06,3,10,68,74.67562
2023-11-06,3,11,72,54.910164
2023-11-06,3,12,21,18.333971
2023-11-06,3,13,269,248.97453
2023-11-06,3,14,133,152.99115
2023-11-06,3,15,264,231.65977
2023-11-06,3,16,328,321.5363
2023-11-06,3,17,295,274.38913
2023-11-06,3,18,162,103.20238
2023-11-06,3,19,32,59.01622
2023-11-06,3,20,77,148.52031
2023-11-06,4,1,31,23.37635
2023-11-06,4,2,245,250.83829
2023-11-06,4,3,30,41.3432
2023-11-06,4,4,94,40.26686
2023-11-06,4,5,39,29.533411
2023-11-06,4,6,40,37.08516
2023-11-06,4,7,32,61.876842
2023-11-06,4,8,240,213.69647
2023-11-06,4,9,81,46.895
2023-11-06,4,10,19,51.391937
2023-11-06,4,11,366,326.4352
2023-11-06,4,12,202,174.09506
2023-11-06,4,13,23,34.34243
2023-11-06,4,14,3,32.935238
2023-11-06,4,15,193,188.62193
2023-11-06,4,16,57,68.62939
2023-11-06,4,17,36,119.75319
2023-11-06,4,18,380,361.7494
2023-11-06,4,19,158,184.04352
2023-11-06,4,20,322,315.21625
2023-11-06,5,1,89,40.420902
2023-11-06,5,2,269,258.88077
2023-11-06,5,3,281,256.67935
2023-11-06,5,4,77,50.666157
2023-11-06,5,5,85,51.328377
2023-11-06,5,6,198,190.96783
2023-11-06,5,7,38,54.16868
2023-11-06,5,8,401,337.78793
2023-11-06,5,9,238,211.23805
2023-11-06,5,10,48,46.78862
2023-11-06,5,11,7,32.588615
2023-11-06,5,12,114,62.52066
2023-11-06,5,13,28,53.22781
2023-11-06,5,14,33,31.902895
2023-11-06,5,15,19,47.17959
2023-11-06,5,16,66,132.99686
2023-11-06,5,17,149,184.6172
2023-11-06,5,18,143,187.25838
2023-11-06,5,19,53,50.87582
2023-11-06,5,20,47,41.07988
2023-11-07,1,1,22,8.550587
2023-11-07,1,2,353,317.35623
2023-11-07,1,3,60,54.66209
2023-11-07,1,4,286,244.66035
2023-11-07,1,5,63,30.58503
2023-11-07,1,6,152,158.37749
2023-11-07,1,7,148,99.133934
2023-11-07,1,8,186,183.27455
2023-11-07,1,9,245,231.95914
2023-11-07,1,10,81,35.37156
2023-11-07,1,11,15,46.754425
2023-11-07,1,12,45,101.21641
2023-11-07,1,13,56,137.55083
2023-11-07,1,14,24,22.425936
2023-11-07,1,15,164,167.58237
2023-11-07,1,16,69,141.6928
2023-11-07,1,17,404,345.7471
2023-11-07,1,18,241,232.83792
2023-11-07,1,19,83,53.568638
2023-11-07,1,20,32,53.351086
2023-11-07,2,1,58,27.68718
2023-11-07,2,2,160,92.515976
2023-11-07,2,3,93,156.24924
2023-11-07,2,4,11,46.891933
2023-11-07,2,5,168,152.00505
2023-11-07,2,6,263,238.38535
2023-11-07,2,7,190,186.77667
2023-11-07,2,8,170,107.1138
2023-11-07,2,9,109,75.20446
2023-11-07,2,10,45,28.03409
2023-11-07,2,11,30,53.260044
2023-11-07,2,12,26,33.374435
2023-11-07,2,13,191,179.73474
2023-11-07,2,14,193,162.96977
2023-11-07,2,15,6,45.353863
2023-11-07,2,16,71,137.17502
2023-11-07,2,17,257,248.215
2023-11-07,2,18,94,74.01704
2023-11-07,2,19,23,30.150654
2023-11-07,2,20,67,75.20965
2023-11-07,3,1,379,338.71973
2023-11-07,3,2,71,87.312904
2023-11-07,3,3,159,182.2822
2023-11-07,3,4,256,236.21423
2023-11-07,3,5,143,154.81711
2023-11-07,3,6,30,37.131817
2023-11-07,3,7,35,20.012968
2023-11-07,3,8,97,177.76242
2023-11-07,3,9,17,41.503506
2023-11-07,3,10,140,142.00204
2023-11-07,3,11,21,118.43094
2023-11-07,3,12,161,158.2723
2023-11-07,3,13,15,31.468914
2023-11-07,3,14,158,158.96877
2023-11-07,3,15,45,43.952724
2023-11-07,3,16,335,299.60043
2023-11-07,3,17,287,275.49048
2023-11-07,3,18,94,81.97584
2023-11-07,3,19,18,30.089733
2023-11-07,3,20,142,160.89798
2023-11-07,4,1,187,169.38364
2023-11-07,4,2,95,70.96741
2023-11-07,4,3,44,48.28537
2023-11-07,4,4,88,148.18279
2023-11-07,4,5,20,29.558208
2023-11-07,4,6,422,355.0005
2023-11-07,4,7,83,50.061172
2023-11-07,4,8,157,182.3382
2023-11-07,4,9,74,49.8117
2023-11-07,4,10,4,29.375286
2023-11-07,4,11,89,70.71294
2023-11-07,4,12,143,141.36331
2023-11-07,4,13,104,68.71721
2023-11-07,4,14,3,27.826801
2023-11-07,4,15,33,48.73677
2023-11-07,4,16,216,226.19408
2023-11-07,4,17,259,264.42502
2023-11-07,4,18,312,288.1425
2023-11-07,4,19,239,200.88803
2023-11-07,4,20,463,346.15143
2023-11-07,5,1,8,58.753685
2023-11-07,5,2,32,50.17946
2023-11-07,5,3,28,34.960552
2023-11-07,5,4,78,67.72042
2023-11-07,5,5,391,337.10178
2023-11-07,5,6,102,166.24751
2023-11-07,5,7,4,24.646902
2023-11-07,5,8,53,149.27548
2023-11-07,5,9,26,40.725536
2023-11-07,5,10,2,29.684467
2023-11-07,5,11,160,92.093094
2023-11-07,5,12,96,46.16691
2023-11-07,5,13,126,80.71173
2023-11-07,5,14,339,298.81158
2023-11-07,5,15,181,157.60805
2023-11-07,5,16,293,275.82138
2023-11-07,5,17,243,243.81229
2023-11-07,5,18,99,84.64654
2023-11-07,5,19,2,48.341267
2023-11-07,5,20,160,193.77255
2023-11-08,1,1,324,301.77124
2023-11-08,1,2,5,44.95692
2023-11-08,1,3,217,222.41887
2023-11-08,1,4,91,69.56098
2023-11-08,1,5,113,72.34608
2023-11-08,1,6,45,143.94887
2023-11-08,1,7,147,82.11949
2023-11-08,1,8,112,169.2582
2023-11-08,1,9,120,161.64728
2023-11-08,1,10,187,141.80551
2023-11-08,1,11,360,307.17117
2023-11-08,1,12,211,177.4474
2023-11-08,1,13,41,30.24031
2023-11-08,1,14,195,197.82767
2023-11-08,1,15,204,169.92476
2023-11-08,1,16,105,96.43472
2023-11-08,1,17,50,61.530598
2023-11-08,1,18,128,76.3854
2023-11-08,1,19,245,212.43045
2023-11-08,1,20,150,110.54828
2023-11-08,2,1,19,43.91448
2023-11-08,2,2,321,307.7137
2023-11-08,2,3,189,158.4445
2023-11-08,2,4,43,111.608376
2023-11-08,2,5,155,177.0468
2023-11-08,2,6,67,76.22356
2023-11-08,2,7,78,50.487835
2023-11-08,2,8,127,141.71742
2023-11-08,2,9,69,55.50853
2023-11-08,2,10,26,25.676983
2023-11-08,2,11,43,42.677708
2023-11-08,2,12,415,341.1158
2023-11-08,2,13,122,141.23058
2023-11-08,2,14,74,67.69444
2023-11-08,2,15,2,36.34422
2023-11-08,2,16,67,60.98425
2023-11-08,2,17,286,279.53116
2023-11-08,2,18,67,62.654354
2023-11-08,2,19,95,55.719364
2023-11-08,2,20,141,186.37021
2023-11-08,3,1,35,51.365192
2023-11-08,3,2,98,73.35659
2023-11-08,3,3,95,134.63292
2023-11-08,3,4,2,32.102192
2023-11-08,3,5,272,263.28143
2023-11-08,3,6,22,68.84384
2023-11-08,3,7,61,30.961845
2023-11-08,3,8,7,18.362663
2023-11-08,3,9,23,25.733696
2023-11-08,3,10,34,35.55435
2023-11-08,3,11,104,84.75533
2023-11-08,3,12,270,242.29562
2023-11-08,3,13,36,41.842007
2023-11-08,3,14,58,52.877293
2023-11-08,3,15,144,158.29796
2023-11-08,3,16,144,96.39804
2023-11-08,3,17,376,342.72144
2023-11-08,3,18,126,73.6431
2023-11-08,3,19,145,163.6353
2023-11-08,3,20,55,63.22694
2023-11-08,4,1,55,76.69339
2023-11-08,4,2,302,275.03445
2023-11-08,4,3,75,49.63645
2023-11-08,4,4,31,31.86054
2023-11-08,4,5,56,55.849464
2023-11-08,4,6,266,259.64932
2023-11-08,4,7,22,20.28061
2023-11-08,4,8,241,202.2163
2023-11-08,4,9,40,18.583755
2023-11-08,4,10,86,110.31677
2023-11-08,4,11,392,353.62076
2023-11-08,4,12,203,203.08588
2023-11-08,4,13,67,40.40278
2023-11-08,4,14,332,309.97592
2023-11-08,4,15,272,250.1842
2023-11-08,4,16,32,42.699463
2023-11-08,4,17,99,77.58961
2023-11-08,4,18,54,44.02633
2023-11-08,4,19,13,44.431488
2023-11-08,4,20,430,344.5361
2023-11-08,5,1,134,154.50247
2023-11-08,5,2,78,140.86615
2023-11-08,5,3,81,123.22301
2023-11-08,5,4,37,99.71911
2023-11-08,5,5,48,136.85052
2023-11-08,5,6,51,51.473606
2023-11-08,5,7,151,77.44951
2023-11-08,5,8,103,141.89684
2023-11-08,5,9,24,27.029425
2023-11-08,5,10,200,177.72154
2023-11-08,5,11,256,249.35425
2023-11-08,5,12,32,50.22034
2023-11-08,5,13,63,31.490152
2023-11-08,5,14,110,176.1706
2023-11-08,5,15,165,179.19865
2023-11-08,5,16,110,72.04904
2023-11-08,5,17,243,234.56694
2023-11-08,5,18,293,270.33902
2023-11-08,5,19,66,56.28471
2023-11-08,5,20,7,55.32487
2023-11-09,1,1,75,64.61454
2023-11-09,1,2,136,166.80759
2023-11-09,1,3,138,146.6104
2023-11-09,1,4,305,247.69019
2023-11-09,1,5,152,185.02016
2023-11-09,1,6,223,200.24501
2023-11-09,1,7,153,157.90335
2023-11-09,1,8,110,64.34648
2023-11-09,1,9,42,16.856918
2023-11-09,1,10,132,144.16454
2023-11-09,1,11,161,106.75106
2023-11-09,1,12,92,158.33281
2023-11-09,1,13,13,29.501448
2023-11-09,1,14,300,278.96707
2023-11-09,1,15,4,43.644493
2023-11-09,1,16,24,30.330248
2023-11-09,1,17,71,79.89649
2023-11-09,1,18,479,345.9976
2023-11-09,1,19,251,247.85275
2023-11-09,1,20,34,47.000156
2023-11-09,2,1,180,169.06891
2023-11-09,2,2,22,42.48558
2023-11-09,2,3,284,235.73866
2023-11-09,2,4,63,50.400574
2023-11-09,2,5,62,115.987976
2023-11-09,2,6,20,42.6207
2023-11-09,2,7,21,19.080875
2023-11-09,2,8,25,106.80828
2023-11-09,2,9,162,145.78809
2023-11-09,2,10,117,143.64737
2023-11-09,2,11,68,147.04726
2023-11-09,2,12,26,59.123917
2023-11-09,2,13,20,18.139101
2023-11-09,2,14,13,40.887386
2023-11-09,2,15,375,330.8971
2023-11-09,2,16,179,141.69638
2023-11-09,2,17,245,248.98976
2023-11-09,2,18,85,60.66024
2023-11-09,2,19,238,232.66736
2023-11-09,2,20,224,220.38078
2023-11-09,3,1,38,18.747667
2023-11-09,3,2,262,249.89279
2023-11-09,3,3,3,41.686985
2023-11-09,3,4,11,46.17219
2023-11-09,3,5,205,179.50035
2023-11-09,3,6,140,173.07837
2023-11-09,3,7,346,298.36615
2023-11-09,3,8,24,40.08433
2023-11-09,3,9,53,102.406876
2023-11-09,3,10,223,211.56041
2023-11-09,3,11,19,55.909218
2023-11-09,3,12,155,192.91992
2023-11-09,3,13,45,17.721964
2023-11-09,3,14,65,66.509315
2023-11-09,3,15,16,44.995037
2023-11-09,3,16,150,147.88902
2023-11-09,3,17,155,111.80922
2023-11-09,3,18,37,147.26906
2023-11-09,3,19,353,332.35123
2023-11-09,3,20,286,285.51065
2023-11-09,4,1,345,293.88104
2023-11-09,4,2,142,168.34879
2023-11-09,4,3,122,83.81663
2023-11-09,4,4,13,35.77993
2023-11-09,4,5,56,53.224552
2023-11-09,4,6,35,46.44144
2023-11-09,4,7,72,139.43202
2023-11-09,4,8,301,254.80199
2023-11-09,4,9,239,208.21176
2023-11-09,4,10,50,114.166885
2023-11-09,4,11,53,148.53638
2023-11-09,4,12,163,179.8033
2023-11-09,4,13,53,28.567528
2023-11-09,4,14,7,47.01992
2023-11-09,4,15,117,93.98642
2023-11-09,4,16,72,49.606182
2023-11-09,4,17,72,146.50647
2023-11-09,4,18,21,60.575794
2023-11-09,4,19,91,144.35535
2023-11-09,4,20,189,196.06769
2023-11-09,5,1,264,240.01572
2023-11-09,5,2,125,168.77382
2023-11-09,5,3,139,175.238
2023-11-09,5,4,18,36.101685
2023-11-09,5,5,193,173.22354
2023-11-09,5,6,342,293.80658
2023-11-09,5,7,267,256.62054
2023-11-09,5,8,115,154.54546
2023-11-09,5,9,10,47.915356
2023-11-09,5,10,27,25.95414
2023-11-09,5,11,141,186.03783
2023-11-09,5,12,128,63.416393
2023-11-09,5,13,105,149.95616
2023-11-09,5,14,51,69.49515
2023-11-09,5,15,97,175.63492
2023-11-09,5,16,229,202.79633
2023-11-09,5,17,77,43.82837
2023-11-09,5,18,132,185.13083
2023-11-09,5,19,193,193.33337
2023-11-09,5,20,30,63.11183
2023-11-10,1,1,234,231.91173
2023-11-10,1,2,47,42.79082
2023-11-10,1,3,25,40.78655
2023-11-10,1,4,40,48.09742
2023-11-10,1,5,2,30.51304
2023-11-10,1,6,167,86.398224
2023-11-10,1,7,18,45.52212
2023-11-10,1,8,102,151.79504
2023-11-10,1,9,170,160.16516
2023-11-10,1,10,49,34.55073
2023-11-10,1,11,220,213.02628
2023-11-10,1,12,0,21.966011
2023-11-10,1,13,203,171.8962
2023-11-10,1,14,350,291.1332
2023-11-10,1,15,72,137.98547
2023-11-10,1,16,139,147.93553
2023-11-10,1,17,43,103.126816
2023-11-10,1,18,63,63.050095
2023-11-10,1,19,42,51.982357
2023-11-10,1,20,98,157.10355
2023-11-10,2,1,172,194.28627
2023-11-10,2,2,73,63.667286
2023-11-10,2,3,142,165.00584
2023-11-10,2,4,256,227.23077
2023-11-10,2,5,15,26.055962
2023-11-10,2,6,74,156.01512
2023-11-10,2,7,44,48.740368
2023-11-10,2,8,190,169.87892
2023-11-10,2,9,13,33.09087
2023-11-10,2,10,147,148.25581
2023-11-10,2,11,37,16.010664
2023-11-10,2,12,288,257.16943
2023-11-10,2,13,25,30.680779
2023-11-10,2,14,7,116.946526
2023-11-10,2,15,243,227.90079
2023-11-10,2,16,20,28.095503
2023-11-10,2,17,302,261.32806
2023-11-10,2,18,42,53.890827
2023-11-10,2,19,324,306.99136
2023-11-10,2,20,64,50.898327
2023-11-10,3,1,43,55.97775
2023-11-10,3,2,58,44.559235
2023-11-10,3,3,218,222.65755
2023-11-10,3,4,275,233.20949
2023-11-10,3,5,48,103.6634
2023-11-10,3,6,112,178.07532
2023-11-10,3,7,53,70.5443
2023-11-10,3,8,80,63.023537
2023-11-10,3,9,61,123.01929
2023-11-10,3,10,323,306.30548
2023-11-10,3,11,27,20.431591
2023-11-10,3,12,2,35.38744
2023-11-10,3,13,285,253.1635
2023-11-10,3,14,117,169.52899
2023-11-10,3,15,337,304.45804
2023-11-10,3,16,296,269.13983
2023-11-10,3,17,346,296.68793
2023-11-10,3,18,131,138.86765
2023-11-10,3,19,136,162.85832
2023-11-10,3,20,31,43.708817
2023-11-10,4,1,68,65.365814
2023-11-10,4,2,63,42.67061
2023-11-10,4,3,136,143.51381
2023-11-10,4,4,435,326.82022
2023-11-10,4,5,54,32.665756
2023-11-10,4,6,231,224.0531
2023-11-10,4,7,320,320.10556
2023-11-10,4,8,126,144.79971
2023-11-10,4,9,417,349.58826
2023-11-10,4,10,3,38.79238
2023-11-10,4,11,148,148.07724
2023-11-10,4,12,25,40.810455
2023-11-10,4,13,34,25.334475
2023-11-10,4,14,101,92.30661
2023-11-10,4,15,27,39.29803
2023-11-10,4,16,279,241.12129
2023-11-10,4,17,313,280.13196
2023-11-10,4,18,62,99.7073
2023-11-10,4,19,394,364.29944
2023-11-10,4,20,163,172.3584
2023-11-10,5,1,86,153.35847
2023-11-10,5,2,158,155.68974
2023-11-10,5,3,20,35.722057
2023-11-10,5,4,117,164.4395
2023-11-10,5,5,128,58.351315
2023-11-10,5,6,266,254.74344
2023-11-10,5,7,86,53.05768
2023-11-10,5,8,257,232.63742
2023-11-10,5,9,300,275.79178
2023-11-10,5,10,296,266.8158
2023-11-10,5,11,333,279.61337
2023-11-10,5,12,119,152.16177
2023-11-10,5,13,194,180.72737
2023-11-10,5,14,82,65.57155
2023-11-10,5,15,363,316.7214
2023-11-10,5,16,199,188.40704
2023-11-10,5,17,71,61.90389
2023-11-10,5,18,87,117.57243
2023-11-10,5,19,285,273.26437
2023-11-10,5,20,180,80.679436
2023-11-11,1,1,59,44.976467
2023-11-11,1,2,246,210.56598
2023-11-11,1,3,36,36.566055
2023-11-11,1,4,283,267.93875
2023-11-11,1,5,14,28.643803
2023-11-11,1,6,204,185.79524
2023-11-11,1,7,102,93.59208
2023-11-11,1,8,83,48.194218
2023-11-11,1,9,76,68.71071
2023-11-11,1,10,71,63.57285
2023-11-11,1,11,297,264.99686
2023-11-11,1,12,130,154.14175
2023-11-11,1,13,111,74.31588
2023-11-11,1,14,119,83.334435
2023-11-11,1,15,230,229.67099
2023-11-11,1,16,90,139.53621
2023-11-11,1,17,385,369.643
2023-11-11,1,18,64,104.31062
2023-11-11,1,19,19,55.77549
2023-11-11,1,20,269,230.95848
2023-11-11,2,1,118,144.78769
2023-11-11,2,2,35,16.175596
2023-11-11,2,3,9,28.080688
2023-11-11,2,4,36,57.534107
2023-11-11,2,5,255,222.01816
2023-11-11,2,6,93,48.115444
2023-11-11,2,7,458,353.54626
2023-11-11,2,8,158,79.03094
2023-11-11,2,9,68,145.7939
2023-11-11,2,10,90,76.66582
2023-11-11,2,11,12,39.01405
2023-11-11,2,12,98,152.17143
2023-11-11,2,13,125,163.10141
2023-11-11,2,14,45,59.004433
2023-11-11,2,15,148,197.34035
2023-11-11,2,16,269,253.84929
2023-11-11,2,17,29,51.67446
2023-11-11,2,18,146,137.43169
2023-11-11,2,19,271,262.11978
2023-11-11,2,20,155,164.82466
2023-11-11,3,1,219,194.40778
2023-11-11,3,2,259,237.43214
2023-11-11,3,3,34,34.484867
2023-11-11,3,4,45,72.618866
2023-11-11,3,5,50,41.431282
2023-11-11,3,6,225,214.54572
2023-11-11,3,7,129,166.10777
2023-11-11,3,8,115,67.51227
2023-11-11,3,9,119,185.56532
2023-11-11,3,10,198,204.54247
2023-11-11,3,11,26,55.987846
2023-11-11,3,12,134,77.045586
2023-11-11,3,13,83,140.06866
2023-11-11,3,14,42,16.553772
2023-11-11,3,15,134,192.19528
2023-11-11,3,16,143,105.04332
2023-11-11,3,17,103,197.02904
2023-11-11,3,18,11,22.329071
2023-11-11,3,19,48,55.99982
2023-11-11,3,20,30,29.158825
2023-11-11,4,1,59,30.695826
2023-11-11,4,2,116,153.89613
2023-11-11,4,3,99,147.57967
2023-11-11,4,4,47,73.98423
2023-11-11,4,5,113,68.50145
2023-11-11,4,6,414,341.32513
2023-11-11,4,7,297,283.4112
2023-11-11,4,8,63,31.463951
2023-11-11,4,9,48,128.99194
2023-11-11,4,10,43,48.29074
2023-11-11,4,11,70,151.44176
2023-11-11,4,12,308,260.1785
2023-11-11,4,13,168,164.05762
2023-11-11,4,14,434,342.43063
2023-11-11,4,15,301,294.03714
2023-11-11,4,16,87,148.8592
2023-11-11,4,17,230,238.39958
2023-11-11,4,18,28,20.925056
2023-11-11,4,19,189,203.16983
2023-11-11,4,20,73,66.613144
2023-11-11,5,1,74,118.75205
2023-11-11,5,2,139,84.19152
2023-11-11,5,3,106,62.03748
2023-11-11,5,4,172,198.65068
2023-11-11,5,5,17,31.476233
2023-11-11,5,6,159,181.5073
2023-11-11,5,7,324,315.00928
2023-11-11,5,8,24,31.032473
2023-11-11,5,9,3,51.73628
2023-11-11,5,10,386,336.63257
2023-11-11,5,11,160,188.33769
2023-11-11,5,12,93,51.282448
2023-11-11,5,13,175,148.49089
2023-11-11,5,14,310,279.5406
2023-11-11,5,15,324,307.11102
2023-11-11,5,16,69,63.201614
2023-11-11,5,17,296,274.44202
2023-11-11,5,18,151,75.83222
2023-11-11,5,19,470,360.9281
2023-11-11,5,20,341,299.0811
2023-11-12,1,1,136,150.21141
2023-11-12,1,2,43,35.38639
2023-11-12,1,3,2,23.378784
2023-11-12,1,4,90,63.686096
2023-11-12,1,5,248,232.58069
2023-11-12,1,6,352,322.62445
2023-11-12,1,7,7,55.133595
2023-11-12,1,8,201,179.54878
2023-11-12,1,9,73,62.286682
2023-11-12,1,10,173,91.308846
2023-11-12,1,11,0,50.372375
2023-11-12,1,12,64,122.26741
2023-11-12,1,13,185,162.65073
2023-11-12,1,14,28,46.909424
2023-11-12,1,15,198,199.45398
2023-11-12,1,16,1,35.867477
2023-11-12,1,17,97,87.78239
2023-11-12,1,18,264,234.60509
2023-11-12,1,19,11,54.42914
2023-11-12,1,20,90,52.444733
2023-11-12,2,1,25,33.372566
2023-11-12,2,2,108,154.78625
2023-11-12,2,3,47,17.64217
2023-11-12,2,4,16,46.452698
2023-11-12,2,5,68,59.058582
2023-11-12,2,6,298,275.39648
2023-11-12,2,7,55,77.187935
2023-11-12,2,8,24,30.619757
2023-11-12,2,9,130,60.067245
2023-11-12,2,10,428,341.73587
2023-11-12,2,11,142,147.70602
2023-11-12,2,12,258,243.78645
2023-11-12,2,13,23,8.848764
2023-11-12,2,14,65,66.87185
2023-11-12,2,15,155,88.314156
2023-11-12,2,16,107,67.80621
2023-11-12,2,17,233,230.64041
2023-11-12,2,18,52,37.185898
2023-11-12,2,19,8,63.563328
2023-11-12,2,20,44,45.69998
2023-11-12,3,1,110,140.28084
2023-11-12,3,2,416,347.2903
2023-11-12,3,3,14,18.80669
2023-11-12,3,4,174,150.70778
2023-11-12,3,5,302,286.68253
2023-11-12,3,6,205,225.83813
2023-11-12,3,7,296,300.1053
2023-11-12,3,8,68,116.58352
2023-11-12,3,9,18,24.104986
2023-11-12,3,10,247,247.73595
2023-11-12,3,11,88,121.149475
2023-11-12,3,12,122,85.78459
2023-11-12,3,13,426,342.44168
2023-11-12,3,14,49,53.77894
2023-11-12,3,15,454,364.9693
2023-11-12,3,16,127,80.44543
2023-11-12,3,17,147,178.9524
2023-11-12,3,18,74,128.72235
2023-11-12,3,19,148,122.27568
2023-11-12,3,20,285,271.31757
2023-11-12,4,1,1,25.616549
2023-11-12,4,2,35,38.472553
2023-11-12,4,3,106,66.5417
2023-11-12,4,4,219,207.29285
2023-11-12,4,5,14,41.39788
2023-11-12,4,6,37,145.8806
2023-11-12,4,7,76,149.47234
2023-11-12,4,8,151,121.207375
2023-11-12,4,9,11,21.509607
2023-11-12,4,10,16,54.963215
2023-11-12,4,11,99,58.057003
2023-11-12,4,12,68,70.379135
2023-11-12,4,13,206,192.54288
2023-11-12,4,14,71,77.11293
2023-11-12,4,15,70,152.15915
2023-11-12,4,16,62,33.700684
2023-11-12,4,17,199,196.54156
2023-11-12,4,18,58,47.652004
2023-11-12,4,19,93,81.68035
2023-11-12,4,20,92,72.539505
2023-11-12,5,1,296,253.58249
2023-11-12,5,2,42,117.920906
2023-11-12,5,3,299,256.31522
2023-11-12,5,4,207,177.94182
2023-11-12,5,5,284,248.96112
2023-11-12,5,6,334,327.39972
2023-11-12,5,7,272,255.5166
2023-11-12,5,8,66,109.91945
2023-11-12,5,9,12,23.286303
2023-11-12,5,10,166,207.65178
2023-11-12,5,11,139,142.24825
2023-11-12,5,12,263,254.40776
2023-11-12,5,13,136,93.57645
2023-11-12,5,14,386,357.96182
2023-11-12,5,15,168,114.391975
2023-11-12,5,16,48,18.401413
2023-11-12,5,17,5,49.760128
2023-11-12,5,18,23,40.23788
2023-11-12,5,19,15,67.395615
2023-11-12,5,20,421,360.1453
2023-11-13,1,1,24,30.204481
2023-11-13,1,2,38,56.106094
2023-11-13,1,3,62,40.499485
2023-11-13,1,4,9,41.57384
2023-11-13,1,5,151,96.98356
2023-11-13,1,6,104,173.93088
2023-11-13,1,7,301,278.9804
2023-11-13,1,8,93,51.542213
2023-11-13,1,9,39,21.35173
2023-11-13,1,10,96,160.67307
2023-11-13,1,11,55,32.609356
2023-11-13,1,12,299,265.84058
2023-11-13,1,13,20,62.286312
2023-11-13,1,14,30,49.053204
2023-11-13,1,15,33,60.649944
2023-11-13,1,16,369,300.0828
2023-11-13,1,17,13,54.645584
2023-11-13,1,18,2,31.08904
2023-11-13,1,19,333,313.0975
2023-11-13,1,20,50,57.741673
2023-11-13,2,1,66,44.974514
2023-11-13,2,2,69,78.197655
2023-11-13,2,3,40,38.397846
2023-11-13,2,4,55,119.631424
2023-11-13,2,5,128,91.432076
2023-11-13,2,6,283,245.29507
2023-11-13,2,7,6,38.204044
2023-11-13,2,8,224,198.71344
2023-11-13,2,9,61,26.522345
2023-11-13,2,10,296,273.6511
2023-11-13,2,11,21,21.880306
2023-11-13,2,12,45,118.46683
2023-11-13,2,13,201,188.49942
2023-11-13,2,14,110,162.72437
2023-11-13,2,15,27,53.624912
2023-11-13,2,16,94,66.74303
2023-11-13,2,17,6,39.1633
2023-11-13,2,18,68,60.72814
2023-11-13,2,19,116,149.0432
2023-11-13,2,20,254,251.97708
2023-11-13,3,1,103,87.17434
2023-11-13,3,2,33,49.66879
2023-11-13,3,3,179,160.24805
2023-11-13,3,4,261,242.71239
2023-11-13,3,5,2,40.431408
2023-11-13,3,6,109,95.624954
2023-11-13,3,7,141,191.78595
2023-11-13,3,8,250,221.37863
2023-11-13,3,9,0,28.116207
2023-11-13,3,10,146,193.19908
2023-11-13,3,11,96,44.041187
2023-11-13,3,12,108,170.34076
2023-11-13,3,13,319,324.7685
2023-11-13,3,14,26,39.25139
2023-11-13,3,15,68,81.91122
2023-11-13,3,16,76,71.0982
2023-11-13,3,17,141,171.7225
2023-11-13,3,18,108,140.92743
2023-11-13,3,19,73,58.29044
2023-11-13,3,20,84,73.68432
2023-11-13,4,1,320,301.54025
2023-11-13,4,2,80,77.30955
2023-11-13,4,3,343,294.62805
2023-11-13,4,4,85,141.6185
2023-11-13,4,5,178,193.02162
2023-11-13,4,6,33,55.45549
2023-11-13,4,7,50,134.46413
2023-11-13,4,8,267,246.4004
2023-11-13,4,9,159,143.64859
2023-11-13,4,10,135,88.13855
2023-11-13,4,11,146,144.03645
2023-11-13,4,12,166,178.6857
2023-11-13,4,13,79,64.24809
2023-11-13,4,14,56,66.65508
2023-11-13,4,15,148,191.47084
2023-11-13,4,16,18,42.01743
2023-11-13,4,17,155,164.70334
2023-11-13,4,18,433,345.66022
2023-11-13,4,19,348,317.26917
2023-11-13,4,20,386,359.46893
2023-11-13,5,1,122,73.82581
2023-11-13,5,2,109,145.99586
2023-11-13,5,3,165,173.86382
2023-11-13,5,4,380,365.93576
2023-11-13,5,5,84,66.43154
2023-11-13,5,6,368,340.14206
2023-11-13,5,7,152,93.95656
2023-11-13,5,8,5,49.82628
2023-11-13,5,9,270,223.23447
2023-11-13,5,10,130,153.69102
2023-11-13,5,11,242,197.47485
2023-11-13,5,12,118,88.91567
2023-11-13,5,13,27,56.257847
2023-11-13,5,14,266,236.59476
2023-11-13,5,15,228,194.0194
2023-11-13,5,16,63,61.661823
2023-11-13,5,17,298,263.00696
2023-11-13,5,18,246,240.84692
2023-11-13,5,19,53,48.15759
2023-11-13,5,20,65,67.2297
2023-11-14,1,1,56,47.74116
2023-11-14,1,2,345,278.7454
2023-11-14,1,3,9,59.315033
2023-11-14,1,4,28,47.546413
2023-11-14,1,5,55,46.335487
2023-11-14,1,6,171,187.1058
2023-11-14,1,7,17,48.89672
2023-11-14,1,8,59,55.845566
2023-11-14,1,9,49,33.894356
2023-11-14,1,10,116,74.32501
2023-11-14,1,11,7,33.211357
2023-11-14,1,12,144,177.06003
2023-11-14,1,13,234,221.74388
2023-11-14,1,14,425,349.61142
2023-11-14,1,15,0,34.417736
2023-11-14,1,16,19,46.429314
2023-11-14,1,17,95,64.190994
2023-11-14,1,18,112,189.61287
2023-11-14,1,19,10,58.64706
2023-11-14,1,20,104,102.8049
2023-11-14,2,1,108,150.60577
2023-11-14,2,2,204,172.76546
2023-11-14,2,3,5,59.76429
2023-11-14,2,4,411,348.50473
2023-11-14,2,5,34,26.352081
2023-11-14,2,6,15,49.345085
2023-11-14,2,7,72,59.42543
2023-11-14,2,8,197,183.96231
2023-11-14,2,9,48,109.67007
2023-11-14,2,10,214,179.39188
2023-11-14,2,11,256,236.46574
2023-11-14,2,12,86,126.685104
2023-11-14,2,13,7,43.802128
2023-11-14,2,14,85,155.8605
2023-11-14,2,15,173,157.20612
2023-11-14,2,16,344,308.1036
2023-11-14,2,17,113,91.19954
2023-11-14,2,18,1,59.52744
2023-11-14,2,19,137,166.83737
2023-11-14,2,20,439,366.7516
2023-11-14,3,1,71,65.320305
2023-11-14,3,2,226,221.70363
2023-11-14,3,3,315,277.47604
2023-11-14,3,4,202,208.54726
2023-11-14,3,5,133,134.28119
2023-11-14,3,6,89,80.71463
2023-11-14,3,7,421,328.02313
2023-11-14,3,8,322,315.03244
2023-11-14,3,9,254,238.84195
2023-11-14,3,10,24,37.800167
2023-11-14,3,11,200,188.8153
2023-11-14,3,12,172,162.11678
2023-11-14,3,13,185,172.9008
2023-11-14,3,14,384,354.9312
2023-11-14,3,15,232,203.9407
2023-11-14,3,16,36,99.89212
2023-11-14,3,17,49,36.579967
2023-11-14,3,18,177,174.09518
2023-11-14,3,19,76,55.98626
2023-11-14,3,20,106,90.70687
2023-11-14,4,1,186,169.5205
2023-11-14,4,2,1,38.115456
2023-11-14,4,3,28,42.059776
2023-11-14,4,4,274,277.36542
2023-11-14,4,5,63,105.55771
2023-11-14,4,6,101,164.11191
2023-11-14,4,7,11,42.90618
2023-11-14,4,8,118,156.26103
2023-11-14,4,9,228,219.68208
2023-11-14,4,10,58,42.61529
2023-11-14,4,11,290,281.88727
2023-11-14,4,12,85,128.59816
2023-11-14,4,13,69,140.43782
2023-11-14,4,14,35,58.381588
2023-11-14,4,15,54,51.882416
2023-11-14,4,16,184,174.41553
2023-11-14,4,17,191,156.21017
2023-11-14,4,18,16,69.96558
2023-11-14,4,19,29,113.240425
2023-11-14,4,20,283,258.28204
2023-11-14,5,1,187,175.86852
2023-11-14,5,2,96,69.73457
2023-11-14,5,3,123,101.41049
2023-11-14,5,4,46,54.74652
2023-11-14,5,5,38,18.904545
2023-11-14,5,6,40,62.532455
2023-11-14,5,7,84,71.28243
2023-11-14,5,8,211,199.10196
2023-11-14,5,9,346,305.1169
2023-11-14,5,10,17,27.52693
2023-11-14,5,11,3,46.075283
2023-11-14,5,12,56,116.334015
2023-11-14,5,13,112,153.10738
2023-11-14,5,14,48,72.892395
2023-11-14,5,15,350,307.10358
2023-11-14,5,16,77,70.48547
2023-11-14,5,17,201,178.65184
2023-11-14,5,18,215,205.9692
2023-11-14,5,19,35,52.646893
2023-11-14,5,20,417,361.2445
2023-11-15,1,1,55,35.48805
2023-11-15,1,2,362,313.51627
2023-11-15,1,3,135,166.58276
2023-11-15,1,4,32,68.04598
2023-11-15,1,5,392,336.71088
2023-11-15,1,6,14,46.721153
2023-11-15,1,7,148,183.29729
2023-11-15,1,8,176,173.38216
2023-11-15,1,9,281,247.99759
2023-11-15,1,10,7,35.567314
2023-11-15,1,11,46,135.13506
2023-11-15,1,12,6,26.60295
2023-11-15,1,13,179,163.56909
2023-11-15,1,14,115,112.696075
2023-11-15,1,15,76,64.24865
2023-11-15,1,16,42,41.624542
2023-11-15,1,17,192,168.52995
2023-11-15,1,18,102,73.81664
2023-11-15,1,19,145,146.82275
2023-11-15,1,20,94,81.8853
2023-11-15,2,1,143,144.3744
2023-11-15,2,2,236,233.68506
2023-11-15,2,3,144,165.23053
2023-11-15,2,4,194,206.54591
2023-11-15,2,5,127,69.09821
2023-11-15,2,6,63,98.480064
2023-11-15,2,7,437,346.0699
2023-11-15,2,8,85,69.03514
2023-11-15,2,9,81,144.56291
2023-11-15,2,10,58,36.101852
2023-11-15,2,11,110,91.2803
2023-11-15,2,12,99,60.135384
2023-11-15,2,13,243,226.29553
2023-11-15,2,14,259,268.0294
2023-11-15,2,15,217,225.89679
2023-11-15,2,16,118,159.91127
2023-11-15,2,17,183,164.45398
2023-11-15,2,18,354,331.08044
2023-11-15,2,19,105,134.56271
2023-11-15,2,20,270,263.80182
2023-11-15,3,1,228,208.27695
2023-11-15,3,2,71,69.12022
2023-11-15,3,3,118,172.85863
2023-11-15,3,4,12,67.96653
2023-11-15,3,5,178,189.19887
2023-11-15,3,6,151,78.275604
2023-11-15,3,7,267,248.71059
2023-11-15,3,8,275,241.49829
2023-11-15,3,9,131,93.366135
2023-11-15,3,10,45,29.64088
2023-11-15,3,11,326,305.80612
2023-11-15,3,12,193,173.44101
2023-11-15,3,13,84,132.80261
2023-11-15,3,14,27,42.58912
2023-11-15,3,15,58,55.46771
2023-11-15,3,16,193,197.7419
2023-11-15,3,17,259,230.9637
2023-11-15,3,18,49,28.918394
2023-11-15,3,19,38,23.63833
2023-11-15,3,20,98,110.12786
2023-11-15,4,1,96,47.76825
2023-11-15,4,2,220,228.04576
2023-11-15,4,3,34,45.09348
2023-11-15,4,4,89,66.32183
2023-11-15,4,5,99,83.29969
2023-11-15,4,6,224,204.50603
2023-11-15,4,7,68,165.92949
2023-11-15,4,8,159,185.29369
2023-11-15,4,9,128,172.79306
2023-11-15,4,10,75,51.410583
2023-11-15,4,11,10,46.30414
2023-11-15,4,12,53,39.963253
2023-11-15,4,13,62,114.35597
2023-11-15,4,14,55,139.81923
2023-11-15,4,15,252,252.91426
2023-11-15,4,16,263,238.83455
2023-11-15,4,17,44,39.56392
2023-11-15,4,18,209,195.74036
2023-11-15,4,19,106,62.04936
2023-11-15,4,20,48,62.673935
2023-11-15,5,1,17,27.600998
2023-11-15,5,2,92,75.56886
2023-11-15,5,3,296,258.4825
2023-11-15,5,4,258,252.09381
2023-11-15,5,5,227,228.33759
2023-11-15,5,6,29,22.592419
2023-11-15,5,7,404,367.9394
2023-11-15,5,8,61,45.493492
2023-11-15,5,9,67,157.05116
2023-11-15,5,10,115,128.29268
2023-11-15,5,11,340,316.5027
2023-11-15,5,12,83,122.1923
2023-11-15,5,13,268,231.13263
2023-11-15,5,14,110,74.7641
2023-11-15,5,15,33,42.689445
2023-11-15,5,16,10,28.54126
2023-11-15,5,17,25,42.139053
2023-11-15,5,18,204,192.04677
2023-11-15,5,19,44,95.92225
2023-11-15,5,20,181,201.30127
2023-11-16,1,1,49,27.841064
2023-11-16,1,2,62,150.22107
2023-11-16,1,3,27,26.12268
2023-11-16,1,4,286,268.8303
2023-11-16,1,5,125,77.64974
2023-11-16,1,6,26,113.68189
2023-11-16,1,7,17,55.35201
2023-11-16,1,8,215,182.0969
2023-11-16,1,9,39,47.631454
2023-11-16,1,10,237,199.4493
2023-11-16,1,11,35,41.36572
2023-11-16,1,12,67,44.081394
2023-11-16,1,13,285,269.5705
2023-11-16,1,14,62,41.323536
2023-11-16,1,15,79,76.17671
2023-11-16,1,16,269,248.9297
2023-11-16,1,17,132,154.93906
2023-11-16,1,18,5,54.847313
2023-11-16,1,19,25,22.461239
2023-11-16,1,20,32,50.312347
2023-11-16,2,1,22,25.465921
2023-11-16,2,2,97,78.55083
2023-11-16,2,3,190,88.65176
2023-11-16,2,4,73,48.766563
2023-11-16,2,5,381,353.08075
2023-11-16,2,6,338,293.69547
2023-11-16,2,7,32,62.85307
2023-11-16,2,8,237,203.23773
2023-11-16,2,9,94,131.73956
2023-11-16,2,10,1,29.741257
2023-11-16,2,11,46,51.676273
2023-11-16,2,12,67,119.55124
2023-11-16,2,13,131,171.72412
2023-11-16,2,14,263,230.1199
2023-11-16,2,15,133,141.60095
2023-11-16,2,16,332,292.94452
2023-11-16,2,17,130,82.54516
2023-11-16,2,18,123,82.96591
2023-11-16,2,19,339,291.11484
2023-11-16,2,20,7,40.53433
2023-11-16,3,1,172,155.74721
2023-11-16,3,2,5,46.306614
2023-11-16,3,3,324,294.56482
2023-11-16,3,4,32,43.07981
2023-11-16,3,5,55,41.305416
2023-11-16,3,6,154,174.2635
2023-11-16,3,7,44,66.099266
2023-11-16,3,8,312,271.8117
2023-11-16,3,9,87,43.242313
2023-11-16,3,10,245,218.79356
2023-11-16,3,11,65,56.754635
2023-11-16,3,12,53,32.58339
2023-11-16,3,13,236,227.32599
2023-11-16,3,14,6,36.833485
2023-11-16,3,15,12,48.524643
2023-11-16,3,16,238,215.99968
2023-11-16,3,17,396,348.09833
2023-11-16,3,18,121,169.27074
2023-11-16,3,19,299,275.47232
2023-11-16,3,20,327,286.9051
2023-11-16,4,1,243,219.15843
2023-11-16,4,2,161,84.84663
2023-11-16,4,3,1,36.341866
2023-11-16,4,4,180,189.96713
2023-11-16,4,5,14,59.656425
2023-11-16,4,6,36,37.16546
2023-11-16,4,7,107,97.541954
2023-11-16,4,8,215,193.41985
2023-11-16,4,9,6,26.85108
2023-11-16,4,10,6,35.36795
2023-11-16,4,11,245,240.17194
2023-11-16,4,12,18,21.420797
2023-11-16,4,13,269,247.50844
2023-11-16,4,14,91,59.78385
2023-11-16,4,15,28,43.736057
2023-11-16,4,16,149,105.65031
2023-11-16,4,17,116,168.47942
2023-11-16,4,18,194,191.98798
2023-11-16,4,19,135,172.65112
2023-11-16,4,20,74,49.96521
2023-11-16,5,1,28,30.714275
2023-11-16,5,2,19,30.240433
2023-11-16,5,3,244,238.47083
2023-11-16,5,4,420,363.7864
2023-11-16,5,5,310,288.09158
2023-11-16,5,6,18,59.3911
2023-11-16,5,7,5,63.8772
2023-11-16,5,8,97,87.425995
2023-11-16,5,9,31,20.511372
2023-11-16,5,10,120,162.54263
2023-11-16,5,11,254,248.10042
2023-11-16,5,12,115,53.02994
2023-11-16,5,13,45,35.65282
2023-11-16,5,14,172,81.224365
2023-11-16,5,15,166,179.32217
2023-11-16,5,16,145,188.83601
2023-11-16,5,17,272,252.3129
2023-11-16,5,18,89,49.6038
2023-11-16,5,19,239,227.76993
2023-11-16,5,20,414,350.0311
2023-11-17,1,1,416,351.97055
2023-11-17,1,2,53,29.195011
2023-11-17,1,3,126,89.32104
2023-11-17,1,4,444,350.5927
2023-11-17,1,5,24,47.678665
2023-11-17,1,6,142,171.25224
2023-11-17,1,7,179,188.83905
2023-11-17,1,8,158,100.731094
2023-11-17,1,9,152,136.50781
2023-11-17,1,10,97,81.51372
2023-11-17,1,11,35,128.35555
2023-11-17,1,12,126,62.491714
2023-11-17,1,13,130,164.288
2023-11-17,1,14,36,37.16021
2023-11-17,1,15,78,107.20934
2023-11-17,1,16,46,37.123264
2023-11-17,1,17,216,228.97823
2023-11-17,1,18,227,196.64325
2023-11-17,1,19,92,70.73397
2023-11-17,1,20,85,65.99347
2023-11-17,2,1,189,182.45775
2023-11-17,2,2,88,42.04971
2023-11-17,2,3,21,42.504753
2023-11-17,2,4,15,55.853275
2023-11-17,2,5,77,148.7454
2023-11-17,2,6,154,181.96875
2023-11-17,2,7,94,122.939156
2023-11-17,2,8,69,68.87493
2023-11-17,2,9,93,52.312084
2023-11-17,2,10,270,246.90402
2023-11-17,2,11,74,59.756527
2023-11-17,2,12,47,22.378386
2023-11-17,2,13,104,82.805786
2023-11-17,2,14,167,173.25363
2023-11-17,2,15,103,57.73113
2023-11-17,2,16,344,300.76813
2023-11-17,2,17,74,68.40778
2023-11-17,2,18,38,104.61504
2023-11-17,2,19,43,61.46844
2023-11-17,2,20,30,53.61821
2023-11-17,3,1,220,248.37518
2023-11-17,3,2,237,210.34686
2023-11-17,3,3,120,174.37524
2023-11-17,3,4,47,62.907284
2023-11-17,3,5,96,75.14775
2023-11-17,3,6,150,97.51347
2023-11-17,3,7,109,59.745487
2023-11-17,3,8,67,70.08681
2023-11-17,3,9,141,73.55614
2023-11-17,3,10,22,28.9614
2023-11-17,3,11,218,216.62102
2023-11-17,3,12,138,131.90436
2023-11-17,3,13,96,51.71539
2023-11-17,3,14,152,162.43362
2023-11-17,3,15,310,260.5254
2023-11-17,3,16,54,64.86044
2023-11-17,3,17,69,84.85857
2023-11-17,3,18,130,81.78934
2023-11-17,3,19,221,231.35648
2023-11-17,3,20,295,285.3901
2023-11-17,4,1,14,61.63631
2023-11-17,4,2,102,143.68399
2023-11-17,4,3,68,69.04026
2023-11-17,4,4,407,372.7932
2023-11-17,4,5,101,166.15942
2023-11-17,4,6,276,235.0636
2023-11-17,4,7,52,42.595795
2023-11-17,4,8,34,47.047585
2023-11-17,4,9,89,120.78988
2023-11-17,4,10,186,174.2375
2023-11-17,4,11,249,236.44151
2023-11-17,4,12,40,14.78756
2023-11-17,4,13,9,38.778328
2023-11-17,4,14,119,151.66408
2023-11-17,4,15,205,177.14005
2023-11-17,4,16,40,44.571095
2023-11-17,4,17,22,129.99094
2023-11-17,4,18,71,42.24834
2023-11-17,4,19,165,176.0252
2023-11-17,4,20,127,101.03836
2023-11-17,5,1,91,77.23635
2023-11-17,5,2,202,185.78284
2023-11-17,5,3,64,51.327995
2023-11-17,5,4,82,69.70418
2023-11-17,5,5,61,51.910225
2023-11-17,5,6,21,32.7474
2023-11-17,5,7,264,224.9145
2023-11-17,5,8,30,22.726292
2023-11-17,5,9,19,16.864666
2023-11-17,5,10,107,158.00613
2023-11-17,5,11,24,44.085567
2023-11-17,5,12,43,28.095943
2023-11-17,5,13,54,48.69819
2023-11-17,5,14,252,220.79343
2023-11-17,5,15,311,281.13635
2023-11-17,5,16,21,47.092445
2023-11-17,5,17,115,155.76698
2023-11-17,5,18,219,206.74606
2023-11-17,5,19,185,164.39888
2023-11-17,5,20,252,270.62955
2023-11-18,1,1,223,230.10788
2023-11-18,1,2,253,243.19536
2023-11-18,1,3,201,170.37589
2023-11-18,1,4,81,94.66094
2023-11-18,1,5,35,36.936405
2023-11-18,1,6,253,238.94865
2023-11-18,1,7,68,50.860386
2023-11-18,1,8,60,33.267376
2023-11-18,1,9,145,142.90752
2023-11-18,1,10,70,62.33115
2023-11-18,1,11,194,204.69087
2023-11-18,1,12,68,40.84331
2023-11-18,1,13,0,29.374203
2023-11-18,1,14,136,156.87558
2023-11-18,1,15,92,57.596596
2023-11-18,1,16,79,58.618317
2023-11-18,1,17,69,65.23917
2023-11-18,1,18,5,27.133242
2023-11-18,1,19,59,44.71418
2023-11-18,1,20,56,64.41609
2023-11-18,2,1,363,332.6405
2023-11-18,2,2,186,179.26138
2023-11-18,2,3,101,127.2578
2023-11-18,2,4,410,361.02704
2023-11-18,2,5,126,55.914318
2023-11-18,2,6,200,184.717
2023-11-18,2,7,97,145.87616
2023-11-18,2,8,55,25.306585
2023-11-18,2,9,10,30.082825
2023-11-18,2,10,57,44.07051
2023-11-18,2,11,113,159.93402
2023-11-18,2,12,370,299.30853
2023-11-18,2,13,261,223.1502
2023-11-18,2,14,201,192.7273
2023-11-18,2,15,2,55.531372
2023-11-18,2,16,219,215.64035
2023-11-18,2,17,21,19.541878
2023-11-18,2,18,186,168.32681
2023-11-18,2,19,66,118.56829
2023-11-18,2,20,56,49.32855
2023-11-18,3,1,40,38.39535
2023-11-18,3,2,296,254.77667
2023-11-18,3,3,16,24.503033
2023-11-18,3,4,42,57.160778
2023-11-18,3,5,152,147.05153
2023-11-18,3,6,408,350.16806
2023-11-18,3,7,112,68.88939
2023-11-18,3,8,114,131.97517
2023-11-18,3,9,360,302.61484
2023-11-18,3,10,71,60.71667
2023-11-18,3,11,352,318.7816
2023-11-18,3,12,119,81.293365
2023-11-18,3,13,264,243.45734
2023-11-18,3,14,73,130.47797
2023-11-18,3,15,298,293.1892
2023-11-18,3,16,222,219.43103
2023-11-18,3,17,58,96.400566
2023-11-18,3,18,336,303.85242
2023-11-18,3,19,74,42.422634
2023-11-18,3,20,84,149.29208
2023-11-18,4,1,66,59.041183
2023-11-18,4,2,16,41.25825
2023-11-18,4,3,102,60.0905
2023-11-18,4,4,273,245.52863
2023-11-18,4,5,196,168.43169
2023-11-18,4,6,391,344.24298
2023-11-18,4,7,18,32.342506
2023-11-18,4,8,407,320.4806
2023-11-18,4,9,44,31.353046
2023-11-18,4,10,27,23.474146
2023-11-18,4,11,71,56.435795
2023-11-18,4,12,52,53.700153
2023-11-18,4,13,123,151.24966
2023-11-18,4,14,158,160.4675
2023-11-18,4,15,69,70.46936
2023-11-18,4,16,274,243.10606
2023-11-18,4,17,140,73.95713
2023-11-18,4,18,293,266.7163
2023-11-18,4,19,32,28.485853
2023-11-18,4,20,395,349.2306
2023-11-18,5,1,329,313.93164
2023-11-18,5,2,12,51.22627
2023-11-18,5,3,102,133.26997
2023-11-18,5,4,292,282.64285
2023-11-18,5,5,44,29.755833
2023-11-18,5,6,83,144.43753
2023-11-18,5,7,3,31.75937
2023-11-18,5,8,52,120.32775
2023-11-18,5,9,130,165.36618
2023-11-18,5,10,98,141.98825
2023-11-18,5,11,3,48.437508
2023-11-18,5,12,426,354.3576
2023-11-18,5,13,112,170.26668
2023-11-18,5,14,93,51.418022
2023-11-18,5,15,137,183.01503
2023-11-18,5,16,147,181.93472
2023-11-18,5,17,193,180.34691
2023-11-18,5,18,4,51.86102
2023-11-18,5,19,210,168.92111
2023-11-18,5,20,199,197.69604
2023-11-19,1,1,105,170.06311
2023-11-19,1,2,135,163.91595
2023-11-19,1,3,135,131.31615
2023-11-19,1,4,219,245.10655
2023-11-19,1,5,96,116.98515
2023-11-19,1,6,103,113.23281
2023-11-19,1,7,157,159.01898
2023-11-19,1,8,92,71.3456
2023-11-19,1,9,255,252.4927
2023-11-19,1,10,423,338.96973
2023-11-19,1,11,34,39.141434
2023-11-19,1,12,60,57.564087
2023-11-19,1,13,71,69.18136
2023-11-19,1,14,217,215.93723
2023-11-19,1,15,76,67.28125
2023-11-19,1,16,47,40.733295
2023-11-19,1,17,12,23.44958
2023-11-19,1,18,319,306.81146
2023-11-19,1,19,164,156.76022
2023-11-19,1,20,96,158.13649
2023-11-19,2,1,171,191.3132
2023-11-19,2,2,11,42.07881
2023-11-19,2,3,74,111.96682
2023-11-19,2,4,20,68.70417
2023-11-19,2,5,38,21.85372
2023-11-19,2,6,96,80.668465
2023-11-19,2,7,53,27.112398
2023-11-19,2,8,68,135.90936
2023-11-19,2,9,431,379.34393
2023-11-19,2,10,50,112.47459
2023-11-19,2,11,97,82.41101
2023-11-19,2,12,215,208.3437
2023-11-19,2,13,72,67.21856
2023-11-19,2,14,207,179.3851
2023-11-19,2,15,106,149.52576
2023-11-19,2,16,86,137.3641
2023-11-19,2,17,37,22.510355
2023-11-19,2,18,158,102.8869
2023-11-19,2,19,129,66.07368
2023-11-19,2,20,354,315.82947
2023-11-19,3,1,15,52.436584
2023-11-19,3,2,176,104.67583
2023-11-19,3,3,217,203.69652
2023-11-19,3,4,173,101.451035
2023-11-19,3,5,169,162.48947
2023-11-19,3,6,78,167.34921
2023-11-19,3,7,286,250.7636
2023-11-19,3,8,33,49.732243
2023-11-19,3,9,274,262.46945
2023-11-19,3,10,29,53.05949
2023-11-19,3,11,88,69.388985
2023-11-19,3,12,55,79.273155
2023-11-19,3,13,169,96.41557
2023-11-19,3,14,115,168.06738
2023-11-19,3,15,38,38.959816
2023-11-19,3,16,31,36.669388
2023-11-19,3,17,361,317.87674
2023-11-19,3,18,30,76.319275
2023-11-19,3,19,251,230.40065
2023-11-19,3,20,226,219.02016
2023-11-19,4,1,335,307.874
2023-11-19,4,2,197,201.59358
2023-11-19,4,3,146,150.89752
2023-11-19,4,4,353,317.9709
2023-11-19,4,5,38,21.40946
2023-11-19,4,6,287,283.69803
2023-11-19,4,7,212,180.95453
2023-11-19,4,8,12,45.4272
2023-11-19,4,9,329,304.86575
2023-11-19,4,10,150,190.12991
2023-11-19,4,11,29,47.063316
2023-11-19,4,12,25,50.172626
2023-11-19,4,13,245,222.53719
2023-11-19,4,14,39,25.746351
2023-11-19,4,15,55,118.38035
2023-11-19,4,16,18,46.221634
2023-11-19,4,17,110,71.42636
2023-11-19,4,18,24,66.1103
2023-11-19,4,19,177,184.16298
2023-11-19,4,20,15,71.5395
2023-11-19,5,1,300,269.4922
2023-11-19,5,2,88,46.849663
2023-11-19,5,3,55,112.772446
2023-11-19,5,4,13,46.338
2023-11-19,5,5,40,108.86635
2023-11-19,5,6,28,36.092106
2023-11-19,5,7,110,150.58012
2023-11-19,5,8,143,168.93875
2023-11-19,5,9,7,62.0608
2023-11-19,5,10,253,259.98575
2023-11-19,5,11,5,28.399033
2023-11-19,5,12,188,185.08493
2023-11-19,5,13,102,138.3619
2023-11-19,5,14,184,159.69069
2023-11-19,5,15,63,31.805962
2023-11-19,5,16,117,79.74688
2023-11-19,5,17,105,161.39174
2023-11-19,5,18,100,89.79532
2023-11-19,5,19,67,61.55386
2023-11-19,5,20,82,149.60764
2023-11-20,1,1,365,318.2141
2023-11-20,1,2,349,288.57562
2023-11-20,1,3,144,155.07393
2023-11-20,1,4,54,68.19995
2023-11-20,1,5,82,115.244644
2023-11-20,1,6,147,149.4959
2023-11-20,1,7,246,231.3794
2023-11-20,1,8,144,145.8771
2023-11-20,1,9,21,64.07194
2023-11-20,1,10,61,65.54912
2023-11-20,1,11,331,285.25238
2023-11-20,1,12,26,60.72029
2023-11-20,1,13,106,63.45583
2023-11-20,1,14,257,241.68246
2023-11-20,1,15,71,39.225372
2023-11-20,1,16,114,59.694233
2023-11-20,1,17,387,360.5634
2023-11-20,1,18,115,81.95447
2023-11-20,1,19,235,218.86118
2023-11-20,1,20,7,50.019234
2023-11-20,2,1,15,50.174534
2023-11-20,2,2,91,55.946297
2023-11-20,2,3,69,41.720284
2023-11-20,2,4,70,69.804474
2023-11-20,2,5,128,52.65911
2023-11-20,2,6,68,132.1462
2023-11-20,2,7,288,256.03406
2023-11-20,2,8,25,19.464533
2023-11-20,2,9,246,254.3966
2023-11-20,2,10,70,83.01739
2023-11-20,2,11,25,25.956682
2023-11-20,2,12,21,34.451927
2023-11-20,2,13,466,360.59232
2023-11-20,2,14,158,165.66309
2023-11-20,2,15,147,147.1313
2023-11-20,2,16,154,139.43765
2023-11-20,2,17,75,149.58658
2023-11-20,2,18,215,194.12933
2023-11-20,2,19,63,43.913273
2023-11-20,2,20,331,293.7846
2023-11-20,3,1,92,104.1243
2023-11-20,3,2,132,154.9993
2023-11-20,3,3,286,264.1356
2023-11-20,3,4,107,82.14753
2023-11-20,3,5,53,26.8618
2023-11-20,3,6,23,46.234642
2023-11-20,3,7,154,168.12964
2023-11-20,3,8,42,21.332678
2023-11-20,3,9,78,175.30748
2023-11-20,3,10,317,303.0567
2023-11-20,3,11,15,37.12449
2023-11-20,3,12,197,191.63701
2023-11-20,3,13,136,168.16138
2023-11-20,3,14,163,85.58894
2023-11-20,3,15,77,47.21778
2023-11-20,3,16,130,128.10721
2023-11-20,3,17,211,216.57704
2023-11-20,3,18,81,113.66633
2023-11-20,3,19,425,343.41284
2023-11-20,3,20,32,43.471363
2023-11-20,4,1,128,189.46968
2023-11-20,4,2,45,46.054615
2023-11-20,4,3,40,44.361076
2023-11-20,4,4,376,334.74536
2023-11-20,4,5,20,23.851143
2023-11-20,4,6,49,36.392223
2023-11-20,4,7,39,125.20179
2023-11-20,4,8,120,138.79794
2023-11-20,4,9,254,257.66003
2023-11-20,4,10,256,249.52902
2023-11-20,4,11,118,88.59796
2023-11-20,4,12,171,159.9984
2023-11-20,4,13,17,48.801346
2023-11-20,4,14,94,50.556896
2023-11-20,4,15,325,298.7862
2023-11-20,4,16,187,161.76845
2023-11-20,4,17,263,259.5717
2023-11-20,4,18,223,193.49515
2023-11-20,4,19,97,85.64219
2023-11-20,4,20,246,233.06499
2023-11-20,5,1,144,117.14893
2023-11-20,5,2,64,135.00822
2023-11-20,5,3,169,173.40247
2023-11-20,5,4,179,183.8807
2023-11-20,5,5,347,278.32303
2023-11-20,5,6,74,57.598568
2023-11-20,5,7,35,44.240288
2023-11-20,5,8,268,226.0378
2023-11-20,5,9,256,248.87845
2023-11-20,5,10,178,190.28133
2023-11-20,5,11,108,159.16467
2023-11-20,5,12,281,244.71918
2023-11-20,5,13,43,61.120445
2023-11-20,5,14,175,170.75827
2023-11-20,5,15,6,35.772285
2023-11-20,5,16,0,29.055962
2023-11-20,5,17,163,100.373405
2023-11-20,5,18,180,158.33984
2023-11-20,5,19,94,82.35179
2023-11-20,5,20,113,88.44561
2023-11-21,1,1,21,50.048252
2023-11-21,1,2,330,302.9492
2023-11-21,1,3,20,33.235825
2023-11-21,1,4,79,74.17495
2023-11-21,1,5,169,163.59673
2023-11-21,1,6,70,46.205067
2023-11-21,1,7,45,43.124107
2023-11-21,1,8,23,33.241814
2023-11-21,1,9,8,44.57951
2023-11-21,1,10,67,65.64879
2023-11-21,1,11,32,48.108345
2023-11-21,1,12,81,140.01125
2023-11-21,1,13,92,73.72889
2023-11-21,1,14,39,36.244568
2023-11-21,1,15,293,259.42896
2023-11-21,1,16,199,166.92207
2023-11-21,1,17,85,154.80023
2023-11-21,1,18,347,300.09497
2023-11-21,1,19,80,83.511475
2023-11-21,1,20,189,97.18259
2023-11-21,2,1,145,184.3949
2023-11-21,2,2,36,43.049892
2023-11-21,2,3,17,43.63434
2023-11-21,2,4,317,301.16162
2023-11-21,2,5,93,148.4626
2023-11-21,2,6,101,143.94064
2023-11-21,2,7,31,48.071114
2023-11-21,2,8,190,167.67145
2023-11-21,2,9,208,204.32278
2023-11-21,2,10,26,49.980865
2023-11-21,2,11,14,42.53467
2023-11-21,2,12,271,242.02138
2023-11-21,2,13,59,61.290607
2023-11-21,2,14,275,234.31715
2023-11-21,2,15,8,32.618954
2023-11-21,2,16,77,46.39748
2023-11-21,2,17,8,54.744873
2023-11-21,2,18,272,239.4907
2023-11-21,2,19,29,136.83385
2023-11-21,2,20,340,299.70728
2023-11-21,3,1,220,191.79605
2023-11-21,3,2,246,226.97984
2023-11-21,3,3,311,255.9243
2023-11-21,3,4,28,37.467823
2023-11-21,3,5,145,182.44382
2023-11-21,3,6,172,80.83636
2023-11-21,3,7,130,158.49396
2023-11-21,3,8,92,140.27487
2023-11-21,3,9,39,47.673126
2023-11-21,3,10,52,65.15239
2023-11-21,3,11,282,235.6403
2023-11-21,3,12,241,224.58327
2023-11-21,3,13,285,289.95554
2023-11-21,3,14,197,188.66478
2023-11-21,3,15,79,141.09846
2023-11-21,3,16,260,239.12083
2023-11-21,3,17,147,172.8333
2023-11-21,3,18,40,48.685528
2023-11-21,3,19,158,172.55293
2023-11-21,3,20,55,57.190964
2023-11-21,4,1,98,71.98921
2023-11-21,4,2,126,89.55987
2023-11-21,4,3,72,60.284805
2023-11-21,4,4,65,62.252712
2023-11-21,4,5,289,282.96866
2023-11-21,4,6,299,262.02454
2023-11-21,4,7,13,18.144108
2023-11-21,4,8,156,172.75056
2023-11-21,4,9,193,124.69104
2023-11-21,4,10,17,47.71141
2023-11-21,4,11,390,326.719
2023-11-21,4,12,68,63.321907
2023-11-21,4,13,38,21.668217
2023-11-21,4,14,17,36.371048
2023-11-21,4,15,35,55.463978
2023-11-21,4,16,282,246.62242
2023-11-21,4,17,152,164.55223
2023-11-21,4,18,331,304.78723
2023-11-21,4,19,8,53.305138
2023-11-21,4,20,31,60.38653
2023-11-21,5,1,119,64.69792
2023-11-21,5,2,42,43.041077
2023-11-21,5,3,64,56.38759
2023-11-21,5,4,249,246.34935
2023-11-21,5,5,121,159.08572
2023-11-21,5,6,196,184.53049
2023-11-21,5,7,1,19.392305
2023-11-21,5,8,347,310.9481
2023-11-21,5,9,110,162.64172
2023-11-21,5,10,76,61.107426
2023-11-21,5,11,100,167.13058
2023-11-21,5,12,78,139.36517
2023-11-21,5,13,75,54.516796
2023-11-21,5,14,8,54.78073
2023-11-21,5,15,191,179.67615
2023-11-21,5,16,379,335.24246
2023-11-21,5,17,179,171.61823
2023-11-21,5,18,199,191.28256
2023-11-21,5,19,62,38.01461
2023-11-21,5,20,142,177.63963
2023-11-22,1,1,132,142.82687
2023-11-22,1,2,162,169.91173
2023-11-22,1,3,111,87.48418
2023-11-22,1,4,256,245.77953
2023-11-22,1,5,113,168.8664
2023-11-22,1,6,111,74.45562
2023-11-22,1,7,150,140.94424
2023-11-22,1,8,189,181.68936
2023-11-22,1,9,222,228.09521
2023-11-22,1,10,7,34.33996
2023-11-22,1,11,130,92.46271
2023-11-22,1,12,363,318.0806
2023-11-22,1,13,80,59.29399
2023-11-22,1,14,228,220.67747
2023-11-22,1,15,30,114.31787
2023-11-22,1,16,184,196.61871
2023-11-22,1,17,75,47.947624
2023-11-22,1,18,144,175.37045
2023-11-22,1,19,124,134.16417
2023-11-22,1,20,94,146.97339
2023-11-22,2,1,234,201.64174
2023-11-22,2,2,220,225.29597
2023-11-22,2,3,193,188.11945
2023-11-22,2,4,46,40.061066
2023-11-22,2,5,128,156.02791
2023-11-22,2,6,79,141.83344
2023-11-22,2,7,2,22.064098
2023-11-22,2,8,153,186.09972
2023-11-22,2,9,136,138.98021
2023-11-22,2,10,70,116.5834
2023-11-22,2,11,2,61.419846
2023-11-22,2,12,199,202.20328
2023-11-22,2,13,93,129.72995
2023-11-22,2,14,67,127.118675
2023-11-22,2,15,69,132.72311
2023-11-22,2,16,83,76.2032
2023-11-22,2,17,463,350.6824
2023-11-22,2,18,160,191.29729
2023-11-22,2,19,84,121.31069
2023-11-22,2,20,15,43.11733
2023-11-22,3,1,4,19.398998
2023-11-22,3,2,2,45.35535
2023-11-22,3,3,199,178.66443
2023-11-22,3,4,123,97.48722
2023-11-22,3,5,59,34.359215
2023-11-22,3,6,190,164.73245
2023-11-22,3,7,132,137.02292
2023-11-22,3,8,301,271.04694
2023-11-22,3,9,152,88.15571
2023-11-22,3,10,387,341.508
2023-11-22,3,11,133,172.27875
2023-11-22,3,12,194,206.46774
2023-11-22,3,13,98,153.32994
2023-11-22,3,14,142,170.31808
2023-11-22,3,15,31,20.726646
2023-11-22,3,16,212,198.15718
2023-11-22,3,17,221,223.06331
2023-11-22,3,18,166,181.50452
2023-11-22,3,19,413,325.92212
2023-11-22,3,20,276,250.05424
2023-11-22,4,1,84,62.810974
2023-11-22,4,2,156,166.79594
2023-11-22,4,3,85,65.83726
2023-11-22,4,4,130,163.992
2023-11-22,4,5,70,49.287586
2023-11-22,4,6,6,43.23842
2023-11-22,4,7,41,31.3769
2023-11-22,4,8,210,184.34813
2023-11-22,4,9,2,39.09855
2023-11-22,4,10,401,347.45465
2023-11-22,4,11,156,104.54479
2023-11-22,4,12,232,238.40956
2023-11-22,4,13,10,45.772842
2023-11-22,4,14,132,80.11243
2023-11-22,4,15,225,194.01384
2023-11-22,4,16,22,69.041336
2023-11-22,4,17,3,64.070244
2023-11-22,4,18,236,230.8212
2023-11-22,4,19,76,56.224426
2023-11-22,4,20,315,252.27414
2023-11-22,5,1,16,32.725033
2023-11-22,5,2,28,31.390842
2023-11-22,5,3,175,158.89333
2023-11-22,5,4,28,49.741234
2023-11-22,5,5,141,167.81389
2023-11-22,5,6,292,263.1645
2023-11-22,5,7,301,263.19714
2023-11-22,5,8,106,81.60668
2023-11-22,5,9,205,171.11482
2023-11-22,5,10,44,48.4441
2023-11-22,5,11,213,196.6426
2023-11-22,5,12,326,310.08514
2023-11-22,5,13,287,258.63187
2023-11-22,5,14,31,40.104332
2023-11-22,5,15,88,49.690903
2023-11-22,5,16,320,313.3494
2023-11-22,5,17,50,57.8845
2023-11-22,5,18,43,57.38176
2023-11-22,5,19,134,88.44361
2023-11-22,5,20,156,96.498634
2023-11-23,1,1,226,206.55336
2023-11-23,1,2,205,181.63914
2023-11-23,1,3,193,177.08026
2023-11-23,1,4,236,207.14714
2023-11-23,1,5,135,142.8892
2023-11-23,1,6,80,50.30349
2023-11-23,1,7,235,193.58885
2023-11-23,1,8,206,185.41609
2023-11-23,1,9,121,138.38553
2023-11-23,1,10,118,102.344345
2023-11-23,1,11,224,209.26625
2023-11-23,1,12,239,226.32224
2023-11-23,1,13,26,36.290333
2023-11-23,1,14,17,43.20903
2023-11-23,1,15,37,28.715279
2023-11-23,1,16,94,151.08736
2023-11-23,1,17,143,192.44867
2023-11-23,1,18,256,232.92223
2023-11-23,1,19,281,259.30707
2023-11-23,1,20,83,156.22217
2023-11-23,2,1,218,212.27785
2023-11-23,2,2,6,33.838104
2023-11-23,2,3,12,24.18867
2023-11-23,2,4,77,147.38057
2023-11-23,2,5,149,76.844
2023-11-23,2,6,224,218.04588
2023-11-23,2,7,91,64.78051
2023-11-23,2,8,207,193.13841
2023-11-23,2,9,434,349.39688
2023-11-23,2,10,72,71.28863
2023-11-23,2,11,253,225.97954
2023-11-23,2,12,21,54.004898
2023-11-23,2,13,246,226.30669
2023-11-23,2,14,93,115.858765
2023-11-23,2,15,17,24.002176
2023-11-23,2,16,6,39.113506
2023-11-23,2,17,260,257.91733
2023-11-23,2,18,14,121.54674
2023-11-23,2,19,99,174.18257
2023-11-23,2,20,70,79.53403
2023-11-23,3,1,256,256.33652
2023-11-23,3,2,122,75.8854
2023-11-23,3,3,3,37.051743
2023-11-23,3,4,62,106.957985
2023-11-23,3,5,144,147.51564
2023-11-23,3,6,219,227.10936
2023-11-23,3,7,120,158.18427
2023-11-23,3,8,203,114.14116
2023-11-23,3,9,21,53.331715
2023-11-23,3,10,120,177.8595
2023-11-23,3,11,158,167.80222
2023-11-23,3,12,427,344.14154
2023-11-23,3,13,298,269.3088
2023-11-23,3,14,399,345.3894
2023-11-23,3,15,104,137.20264
2023-11-23,3,16,17,61.90719
2023-11-23,3,17,139,110.6796
2023-11-23,3,18,283,245.44304
2023-11-23,3,19,22,63.03146
2023-11-23,3,20,99,171.58377
2023-11-23,4,1,7,31.333233
2023-11-23,4,2,61,42.639923
2023-11-23,4,3,119,158.61324
2023-11-23,4,4,2,31.411386
2023-11-23,4,5,162,153.69368
2023-11-23,4,6,118,162.18173
2023-11-23,4,7,128,170.25821
2023-11-23,4,8,261,237.65211
2023-11-23,4,9,11,53.621445
2023-11-23,4,10,31,140.4763
2023-11-23,4,11,192,167.73329
2023-11-23,4,12,204,197.58148
2023-11-23,4,13,30,50.07111
2023-11-23,4,14,230,223.99248
2023-11-23,4,15,293,250.9263
2023-11-23,4,16,106,87.20712
2023-11-23,4,17,28,36.06759
2023-11-23,4,18,128,167.72519
2023-11-23,4,19,173,104.90387
2023-11-23,4,20,24,61.577297
2023-11-23,5,1,161,169.3589
2023-11-23,5,2,141,80.772514
2023-11-23,5,3,353,318.34402
2023-11-23,5,4,210,178.70685
2023-11-23,5,5,45,30.44579
2023-11-23,5,6,167,182.12871
2023-11-23,5,7,56,51.24199
2023-11-23,5,8,127,71.24226
2023-11-23,5,9,130,101.452515
2023-11-23,5,10,209,201.07263
2023-11-23,5,11,173,166.59094
2023-11-23,5,12,0,65.49517
2023-11-23,5,13,230,219.16852
2023-11-23,5,14,57,139.98225
2023-11-23,5,15,235,209.63806
2023-11-23,5,16,139,170.41194
2023-11-23,5,17,88,71.16073
2023-11-23,5,18,71,68.83972
2023-11-23,5,19,21,46.895092
2023-11-23,5,20,100,167.75795
2023-11-24,1,1,16,51.655743
2023-11-24,1,2,199,181.1942
2023-11-24,1,3,281,238.63284
2023-11-24,1,4,219,210.26457
2023-11-24,1,5,12,33.168476
2023-11-24,1,6,7,47.05694
2023-11-24,1,7,291,265.0749
2023-11-24,1,8,41,31.660875
2023-11-24,1,9,70,82.65196
2023-11-24,1,10,72,116.66017
2023-11-24,1,11,372,308.07535
2023-11-24,1,12,127,103.88152
2023-11-24,1,13,27,51.04909
2023-11-24,1,14,13,53.81838
2023-11-24,1,15,271,250.58908
2023-11-24,1,16,434,348.428
2023-11-24,1,17,49,37.007202
2023-11-24,1,18,44,41.03954
2023-11-24,1,19,20,36.28599
2023-11-24,1,20,114,121.23517
2023-11-24,2,1,319,305.00766
2023-11-24,2,2,145,161.66098
2023-11-24,2,3,309,272.00748
2023-11-24,2,4,29,39.197666
2023-11-24,2,5,158,156.5725
2023-11-24,2,6,78,132.95206
2023-11-24,2,7,120,66.15215
2023-11-24,2,8,111,82.634415
2023-11-24,2,9,280,259.7676
2023-11-24,2,10,151,144.71881
2023-11-24,2,11,307,261.2822
2023-11-24,2,12,49,140.80548
2023-11-24,2,13,40,49.34373
2023-11-24,2,14,57,63.02612
2023-11-24,2,15,80,147.01689
2023-11-24,2,16,362,320.9822
2023-11-24,2,17,325,291.9859
2023-11-24,2,18,163,93.79036
2023-11-24,2,19,24,35.183086
2023-11-24,2,20,105,137.32076
2023-11-24,3,1,16,35.660614
2023-11-24,3,2,81,123.80698
2023-11-24,3,3,43,48.614784
2023-11-24,3,4,123,158.65112
2023-11-24,3,5,215,172.42897
2023-11-24,3,6,79,55.3914
2023-11-24,3,7,229,209.79341
2023-11-24,3,8,81,129.10527
2023-11-24,3,9,28,55.104073
2023-11-24,3,10,7,31.129812
2023-11-24,3,11,256,239.03827
2023-11-24,3,12,15,58.022594
2023-11-24,3,13,34,48.66951
2023-11-24,3,14,105,164.23723
2023-11-24,3,15,83,65.02772
2023-11-24,3,16,134,91.68784
2023-11-24,3,17,216,221.37267
2023-11-24,3,18,35,41.882793
2023-11-24,3,19,142,157.11436
2023-11-24,3,20,65,20.078238
2023-11-24,4,1,323,310.6729
2023-11-24,4,2,102,62.08526
2023-11-24,4,3,3,63.187817
2023-11-24,4,4,112,156.61989
2023-11-24,4,5,29,109.04976
2023-11-24,4,6,108,140.41232
2023-11-24,4,7,27,32.886032
2023-11-24,4,8,27,36.57331
2023-11-24,4,9,81,54.451874
2023-11-24,4,10,27,30.986368
2023-11-24,4,11,118,87.81694
2023-11-24,4,12,103,102.77027
2023-11-24,4,13,80,55.126923
2023-11-24,4,14,25,50.619656
2023-11-24,4,15,342,305.27106
2023-11-24,4,16,130,200.77296
2023-11-24,4,17,305,294.62512
2023-11-24,4,18,63,123.05649
2023-11-24,4,19,79,124.057724
2023-11-24,4,20,330,302.56943
2023-11-24,5,1,65,136.20798
2023-11-24,5,2,183,159.63469
2023-11-24,5,3,99,102.76729
2023-11-24,5,4,398,337.82977
2023-11-24,5,5,145,159.16083
2023-11-24,5,6,69,37.73186
2023-11-24,5,7,29,44.513363
2023-11-24,5,8,78,52.310894
2023-11-24,5,9,54,52.817616
2023-11-24,5,10,83,115.93129
2023-11-24,5,11,17,53.755943
2023-11-24,5,12,5,27.293058
2023-11-24,5,13,349,300.86716
2023-11-24,5,14,283,235.34702
2023-11-24,5,15,39,45.035213
2023-11-24,5,16,412,379.40784
2023-11-24,5,17,33,43.81479
2023-11-24,5,18,50,15.966938
2023-11-24,5,19,83,132.04124
2023-11-24,5,20,278,237.19081
2023-11-25,1,1,371,333.0986
2023-11-25,1,2,51,26.589733
2023-11-25,1,3,124,94.22947
2023-11-25,1,4,319,306.25638
2023-11-25,1,5,282,241.62524
2023-11-25,1,6,136,71.99844
2023-11-25,1,7,50,45.67571
2023-11-25,1,8,10,29.649418
2023-11-25,1,9,376,342.5117
2023-11-25,1,10,53,33.283474
2023-11-25,1,11,84,76.492775
2023-11-25,1,12,103,134.82977
2023-11-25,1,13,69,130.45709
2023-11-25,1,14,212,183.79735
2023-11-25,1,15,32,53.6308
2023-11-25,1,16,26,50.52995
2023-11-25,1,17,182,185.78026
2023-11-25,1,18,121,54.812042
2023-11-25,1,19,18,16.999956
2023-11-25,1,20,172,96.27323
2023-11-25,2,1,83,67.78713
2023-11-25,2,2,104,111.827225
2023-11-25,2,3,124,165.42032
2023-11-25,2,4,20,41.04668
2023-11-25,2,5,98,74.033
2023-11-25,2,6,134,132.58263
2023-11-25,2,7,182,166.39981
2023-11-25,2,8,315,263.1235
2023-11-25,2,9,175,161.4155
2023-11-25,2,10,293,256.64047
2023-11-25,2,11,65,64.716034
2023-11-25,2,12,276,230.97563
2023-11-25,2,13,141,178.45613
2023-11-25,2,14,26,44.213093
2023-11-25,2,15,284,249.52443
2023-11-25,2,16,35,68.962364
2023-11-25,2,17,35,44.773834
2023-11-25,2,18,89,43.61541
2023-11-25,2,19,55,101.71528
2023-11-25,2,20,38,43.004353
2023-11-25,3,1,119,112.877266
2023-11-25,3,2,161,152.79242
2023-11-25,3,3,185,178.73935
2023-11-25,3,4,19,50.690258
2023-11-25,3,5,81,152.35477
2023-11-25,3,6,368,315.5359
2023-11-25,3,7,229,208.52618
2023-11-25,3,8,60,32.0208
2023-11-25,3,9,272,261.76794
2023-11-25,3,10,245,214.45407
2023-11-25,3,11,145,94.11849
2023-11-25,3,12,437,347.1302
2023-11-25,3,13,116,89.88743
2023-11-25,3,14,67,61.012527
2023-11-25,3,15,231,226.41486
2023-11-25,3,16,28,65.06703
2023-11-25,3,17,229,231.36563
2023-11-25,3,18,162,154.1046
2023-11-25,3,19,11,28.809511
2023-11-25,3,20,198,203.97556
2023-11-25,4,1,333,326.8668
2023-11-25,4,2,102,145.39691
2023-11-25,4,3,291,269.60162
2023-11-25,4,4,146,181.24608
2023-11-25,4,5,112,76.52843
2023-11-25,4,6,74,51.58408
2023-11-25,4,7,186,170.77634
2023-11-25,4,8,272,240.80077
2023-11-25,4,9,69,144.4334
2023-11-25,4,10,98,162.6301
2023-11-25,4,11,283,236.93866
2023-11-25,4,12,145,187.34613
2023-11-25,4,13,384,336.4757
2023-11-25,4,14,58,50.22667
2023-11-25,4,15,163,102.93201
2023-11-25,4,16,382,361.63736
2023-11-25,4,17,281,262.55475
2023-11-25,4,18,90,122.91887
2023-11-25,4,19,279,232.24644
2023-11-25,4,20,69,68.44208
2023-11-25,5,1,38,58.007317
2023-11-25,5,2,29,17.67441
2023-11-25,5,3,79,49.924263
2023-11-25,5,4,53,77.22881
2023-11-25,5,5,264,238.3267
2023-11-25,5,6,2,44.14313
2023-11-25,5,7,207,192.43932
2023-11-25,5,8,280,244.30157
2023-11-25,5,9,46,144.77634
2023-11-25,5,10,66,55.214703
2023-11-25,5,11,35,33.197483
2023-11-25,5,12,21,61.3155
2023-11-25,5,13,226,215.15358
2023-11-25,5,14,106,80.522316
2023-11-25,5,15,35,60.74439
2023-11-25,5,16,158,100.46165
2023-11-25,5,17,136,84.187126
2023-11-25,5,18,14,18.233528
2023-11-25,5,19,209,186.37888
2023-11-25,5,20,289,280.1091
2023-11-26,1,1,52,63.857437
2023-11-26,1,2,332,290.42624
2023-11-26,1,3,184,164.0489
2023-11-26,1,4,82,157.83893
2023-11-26,1,5,93,50.276432
2023-11-26,1,6,54,123.75703
2023-11-26,1,7,213,183.23473
2023-11-26,1,8,113,173.29085
2023-11-26,1,9,102,170.41301
2023-11-26,1,10,241,231.3355
2023-11-26,1,11,29,41.00804
2023-11-26,1,12,12,59.74262
2023-11-26,1,13,108,104.13931
2023-11-26,1,14,237,227.78412
2023-11-26,1,15,36,50.574562
2023-11-26,1,16,35,138.15546
2023-11-26,1,17,285,270.70908
2023-11-26,1,18,47,13.680866
2023-11-26,1,19,312,268.7952
2023-11-26,1,20,127,153.95087
2023-11-26,2,1,81,153.62953
2023-11-26,2,2,354,309.31
2023-11-26,2,3,249,211.51674
2023-11-26,2,4,232,212.38405
2023-11-26,2,5,16,35.887608
2023-11-26,2,6,79,73.422356
2023-11-26,2,7,54,37.582108
2023-11-26,2,8,225,235.36821
2023-11-26,2,9,24,59.454784
2023-11-26,2,10,19,36.579033
2023-11-26,2,11,115,75.35692
2023-11-26,2,12,299,277.84918
2023-11-26,2,13,178,185.52223
2023-11-26,2,14,336,300.45508
2023-11-26,2,15,6,44.77246
2023-11-26,2,16,45,129.508
2023-11-26,2,17,91,59.18044
2023-11-26,2,18,57,32.801
2023-11-26,2,19,21,37.567974
2023-11-26,2,20,174,174.14891
2023-11-26,3,1,4,49.700474
2023-11-26,3,2,69,61.596573
2023-11-26,3,3,51,125.772415
2023-11-26,3,4,33,24.665749
2023-11-26,3,5,5,23.40488
2023-11-26,3,6,303,275.1822
2023-11-26,3,7,426,336.12457
2023-11-26,3,8,199,204.16806
2023-11-26,3,9,415,345.99536
2023-11-26,3,10,232,222.8489
2023-11-26,3,11,336,289.57983
2023-11-26,3,12,17,43.857727
2023-11-26,3,13,146,189.15562
2023-11-26,3,14,144,180.89293
2023-11-26,3,15,161,178.43977
2023-11-26,3,16,37,60.459595
2023-11-26,3,17,104,83.83031
2023-11-26,3,18,165,83.3242
2023-11-26,3,19,230,230.55975
2023-11-26,3,20,167,185.85631
2023-11-26,4,1,65,134.48311
2023-11-26,4,2,111,112.76421
2023-11-26,4,3,334,309.884
2023-11-26,4,4,340,304.97366
2023-11-26,4,5,116,154.003
2023-11-26,4,6,167,167.0868
2023-11-26,4,7,158,177.83748
2023-11-26,4,8,92,67.629684
2023-11-26,4,9,56,46.19926
2023-11-26,4,10,340,320.68964
2023-11-26,4,11,292,258.75687
2023-11-26,4,12,75,155.25244
2023-11-26,4,13,33,53.08648
2023-11-26,4,14,72,67.42257
2023-11-26,4,15,151,167.30345
2023-11-26,4,16,293,274.23828
2023-11-26,4,17,181,174.74623
2023-11-26,4,18,160,156.92593
2023-11-26,4,19,317,312.6935
2023-11-26,4,20,135,143.46895
2023-11-26,5,1,160,92.89177
2023-11-26,5,2,151,121.786896
2023-11-26,5,3,2,34.69521
2023-11-26,5,4,258,251.86066
2023-11-26,5,5,313,269.23886
2023-11-26,5,6,57,56.775158
2023-11-26,5,7,41,61.961323
2023-11-26,5,8,5,54.655468
2023-11-26,5,9,284,251.78238
2023-11-26,5,10,89,55.04129
2023-11-26,5,11,153,93.91133
2023-11-26,5,12,152,166.24112
2023-11-26,5,13,101,173.18085
2023-11-26,5,14,22,53.556168
2023-11-26,5,15,85,48.532776
2023-11-26,5,16,122,174.41074
2023-11-26,5,17,94,152.45364
2023-11-26,5,18,67,53.522247
2023-11-26,5,19,66,48.9493
2023-11-26,5,20,255,239.4165
2023-11-27,1,1,187,160.11609
2023-11-27,1,2,36,50.497856
2023-11-27,1,3,103,161.10083
2023-11-27,1,4,28,125.16423
2023-11-27,1,5,18,33.868862
2023-11-27,1,6,121,156.99597
2023-11-27,1,7,29,134.54425
2023-11-27,1,8,410,354.65466
2023-11-27,1,9,8,50.255013
2023-11-27,1,10,407,358.41226
2023-11-27,1,11,385,356.6685
2023-11-27,1,12,11,46.149063
2023-11-27,1,13,139,76.9399
2023-11-27,1,14,13,42.06967
2023-11-27,1,15,166,145.98172
2023-11-27,1,16,38,41.290043
2023-11-27,1,17,137,148.73148
2023-11-27,1,18,80,60.43789
2023-11-27,1,19,89,146.15436
2023-11-27,1,20,22,40.163326
2023-11-27,2,1,34,21.889769
2023-11-27,2,2,40,47.08234
2023-11-27,2,3,142,184.58159
2023-11-27,2,4,50,39.53836
2023-11-27,2,5,35,40.39798
2023-11-27,2,6,115,163.73203
2023-11-27,2,7,152,106.59497
2023-11-27,2,8,318,312.83362
2023-11-27,2,9,105,165.56476
2023-11-27,2,10,33,53.470924
2023-11-27,2,11,237,218.16873
2023-11-27,2,12,143,165.50931
2023-11-27,2,13,261,215.682
2023-11-27,2,14,172,175.15738
2023-11-27,2,15,40,27.378942
2023-11-27,2,16,40,40.569214
2023-11-27,2,17,103,67.3581
2023-11-27,2,18,54,32.993374
2023-11-27,2,19,79,76.07865
2023-11-27,2,20,47,39.001797
2023-11-27,3,1,182,152.72903
2023-11-27,3,2,113,91.99021
2023-11-27,3,3,65,127.72373
2023-11-27,3,4,344,323.58835
2023-11-27,3,5,343,306.72113
2023-11-27,3,6,86,52.58452
2023-11-27,3,7,7,51.618008
2023-11-27,3,8,119,89.26019
2023-11-27,3,9,404,339.8516
2023-11-27,3,10,13,62.01023
2023-11-27,3,11,124,181.61761
2023-11-27,3,12,2,58.70581
2023-11-27,3,13,182,165.6904
2023-11-27,3,14,87,71.56008
2023-11-27,3,15,261,230.77014
2023-11-27,3,16,127,145.01689
2023-11-27,3,17,144,71.743744
2023-11-27,3,18,85,120.2761
2023-11-27,3,19,93,140.58728
2023-11-27,3,20,228,218.60727
2023-11-27,4,1,192,159.2428
2023-11-27,4,2,83,39.969078
2023-11-27,4,3,75,74.4292
2023-11-27,4,4,266,244.36975
2023-11-27,4,5,293,292.0149
2023-11-27,4,6,474,347.41483
2023-11-27,4,7,40,53.73536
2023-11-27,4,8,99,184.92863
2023-11-27,4,9,59,72.6189
2023-11-27,4,10,134,110.85221
2023-11-27,4,11,261,252.22356
2023-11-27,4,12,22,17.876406
2023-11-27,4,13,86,50.609722
2023-11-27,4,14,13,27.223186
2023-11-27,4,15,233,211.69112
2023-11-27,4,16,25,42.5938
2023-11-27,4,17,295,267.44955
2023-11-27,4,18,69,44.813965
2023-11-27,4,19,39,119.46284
2023-11-27,4,20,83,56.194477
2023-11-27,5,1,239,210.79489
2023-11-27,5,2,88,43.959923
2023-11-27,5,3,333,294.75266
2023-11-27,5,4,36,63.88206
2023-11-27,5,5,103,89.16001
2023-11-27,5,6,39,38.752346
2023-11-27,5,7,127,128.48851
2023-11-27,5,8,180,194.7388
2023-11-27,5,9,445,363.59753
2023-11-27,5,10,30,53.099113
2023-11-27,5,11,439,351.39282
2023-11-27,5,12,291,250.69035
2023-11-27,5,13,250,218.98479
2023-11-27,5,14,87,108.421936
2023-11-27,5,15,37,118.67231
2023-11-27,5,16,27,31.817924
2023-11-27,5,17,92,45.227394
2023-11-27,5,18,312,261.3971
2023-11-27,5,19,79,71.158676
2023-11-27,5,20,11,43.430058
2023-11-28,1,1,89,49.014805
2023-11-28,1,2,40,97.5833
2023-11-28,1,3,169,166.50192
2023-11-28,1,4,81,73.72263
2023-11-28,1,5,4,56.426765
2023-11-28,1,6,81,75.67715
2023-11-28,1,7,219,196.24931
2023-11-28,1,8,71,95.56456
2023-11-28,1,9,270,257.85287
2023-11-28,1,10,185,175.5281
2023-11-28,1,11,96,150.20374
2023-11-28,1,12,72,132.15083
2023-11-28,1,13,74,58.191788
2023-11-28,1,14,37,22.735043
2023-11-28,1,15,104,80.06051
2023-11-28,1,16,127,121.97062
2023-11-28,1,17,239,211.42595
2023-11-28,1,18,225,195.79071
2023-11-28,1,19,91,48.912067
2023-11-28,1,20,269,236.5015
2023-11-28,2,1,370,323.82385
2023-11-28,2,2,73,40.604
2023-11-28,2,3,289,270.06647
2023-11-28,2,4,59,58.136787
2023-11-28,2,5,180,173.17174
2023-11-28,2,6,101,178.56729
2023-11-28,2,7,94,122.37495
2023-11-28,2,8,329,311.92435
2023-11-28,2,9,29,71.33704
2023-11-28,2,10,18,61.88676
2023-11-28,2,11,132,191.5822
2023-11-28,2,12,113,82.20512
2023-11-28,2,13,154,161.00818
2023-11-28,2,14,108,135.46864
2023-11-28,2,15,21,51.39305
2023-11-28,2,16,64,24.53329
2023-11-28,2,17,90,137.72755
2023-11-28,2,18,112,75.95614
2023-11-28,2,19,63,30.831198
2023-11-28,2,20,173,162.14978
2023-11-28,3,1,165,180.85541
2023-11-28,3,2,9,15.205918
2023-11-28,3,3,161,94.16921
2023-11-28,3,4,100,171.23047
2023-11-28,3,5,204,204.47627
2023-11-28,3,6,112,96.055466
2023-11-28,3,7,463,342.81567
2023-11-28,3,8,63,126.21856
2023-11-28,3,9,170,201.44872
2023-11-28,3,10,404,340.1165
2023-11-28,3,11,300,277.3829
2023-11-28,3,12,155,167.97858
2023-11-28,3,13,178,165.22284
2023-11-28,3,14,34,16.475296
2023-11-28,3,15,1,45.816315
2023-11-28,3,16,377,340.02274
2023-11-28,3,17,2,39.25525
2023-11-28,3,18,198,195.1706
2023-11-28,3,19,469,342.72397
2023-11-28,3,20,296,276.6665
2023-11-28,4,1,212,200.5159
2023-11-28,4,2,64,96.62008
2023-11-28,4,3,279,253.10445
2023-11-28,4,4,150,183.93004
2023-11-28,4,5,117,88.785385
2023-11-28,4,6,130,97.95924
2023-11-28,4,7,26,36.585567
2023-11-28,4,8,77,147.62968
2023-11-28,4,9,64,85.76342
2023-11-28,4,10,103,165.62299
2023-11-28,4,11,4,61.195744
2023-11-28,4,12,164,176.26433
2023-11-28,4,13,34,35.343716
2023-11-28,4,14,63,27.547977
2023-11-28,4,15,86,70.50851
2023-11-28,4,16,176,174.16425
2023-11-28,4,17,122,152.29713
2023-11-28,4,18,51,52.158596
2023-11-28,4,19,227,229.85852
2023-11-28,4,20,92,147.46368
2023-11-28,5,1,40,53.664154
2023-11-28,5,2,69,122.58589
2023-11-28,5,3,259,250.75583
2023-11-28,5,4,17,44.343468
2023-11-28,5,5,99,164.71977
2023-11-28,5,6,89,73.71317
2023-11-28,5,7,290,291.79047
2023-11-28,5,8,152,180.57976
2023-11-28,5,9,3,65.12567
2023-11-28,5,10,180,196.7599
2023-11-28,5,11,218,230.0875
2023-11-28,5,12,372,321.10895
2023-11-28,5,13,350,292.4159
2023-11-28,5,14,89,115.93149
2023-11-28,5,15,164,160.64328
2023-11-28,5,16,228,231.02162
2023-11-28,5,17,445,359.2854
2023-11-28,5,18,392,341.04456
2023-11-28,5,19,9,54.55985
2023-11-28,5,20,28,34.58558
2023-11-29,1,1,110,163.16019
2023-11-29,1,2,292,261.24692
2023-11-29,1,3,8,40.6864
2023-11-29,1,4,23,12.989831
2023-11-29,1,5,57,113.761856
2023-11-29,1,6,223,191.06383
2023-11-29,1,7,64,67.73017
2023-11-29,1,8,239,228.38673
2023-11-29,1,9,12,56.48033
2023-11-29,1,10,313,289.1102
2023-11-29,1,11,69,83.75918
2023-11-29,1,12,35,36.90852
2023-11-29,1,13,53,47.282692
2023-11-29,1,14,59,35.542957
2023-11-29,1,15,107,143.87822
2023-11-29,1,16,52,48.915855
2023-11-29,1,17,54,141.79092
2023-11-29,1,18,14,37.798687
2023-11-29,1,19,187,194.0433
2023-11-29,1,20,9,44.98646
2023-11-29,2,1,21,54.42959
2023-11-29,2,2,170,82.07579
2023-11-29,2,3,57,140.3811
2023-11-29,2,4,26,32.96354
2023-11-29,2,5,13,25.441916
2023-11-29,2,6,202,168.22836
2023-11-29,2,7,95,80.91101
2023-11-29,2,8,224,208.31255
2023-11-29,2,9,280,225.70938
2023-11-29,2,10,266,254.79857
2023-11-29,2,11,128,160.19258
2023-11-29,2,12,262,226.24245
2023-11-29,2,13,414,362.5477
2023-11-29,2,14,91,115.85308
2023-11-29,2,15,277,227.91737
2023-11-29,2,16,36,47.267536
2023-11-29,2,17,261,258.30417
2023-11-29,2,18,149,194.15865
2023-11-29,2,19,71,150.76523
2023-11-29,2,20,149,175.04312
2023-11-29,3,1,150,113.17858
2023-11-29,3,2,451,345.213
2023-11-29,3,3,68,153.59155
2023-11-29,3,4,221,193.27643
2023-11-29,3,5,26,39.813976
2023-11-29,3,6,131,146.55122
2023-11-29,3,7,213,207.6034
2023-11-29,3,8,94,71.16295
2023-11-29,3,9,201,178.92337
2023-11-29,3,10,310,286.96875
2023-11-29,3,11,1,42.62538
2023-11-29,3,12,85,159.10408
2023-11-29,3,13,7,54.647377
2023-11-29,3,14,112,59.957897
2023-11-29,3,15,223,209.81384
2023-11-29,3,16,362,326.06934
2023-11-29,3,17,95,80.87615
2023-11-29,3,18,79,160.7968
2023-11-29,3,19,317,329.02673
2023-11-29,3,20,193,190.3135
2023-11-29,4,1,309,263.9311
2023-11-29,4,2,38,37.399662
2023-11-29,4,3,53,52.494907
2023-11-29,4,4,268,243.8887
2023-11-29,4,5,303,253.71272
2023-11-29,4,6,135,149.00102
2023-11-29,4,7,160,194.84393
2023-11-29,4,8,103,145.37567
2023-11-29,4,9,8,49.99736
2023-11-29,4,10,111,168.36267
2023-11-29,4,11,411,345.19766
2023-11-29,4,12,149,98.657585
2023-11-29,4,13,278,262.6944
2023-11-29,4,14,43,20.303682
2023-11-29,4,15,16,45.59875
2023-11-29,4,16,229,234.55225
2023-11-29,4,17,242,235.86482
2023-11-29,4,18,76,61.296223
2023-11-29,4,19,47,59.476032
2023-11-29,4,20,99,82.55724
2023-11-29,5,1,237,220.28993
2023-11-29,5,2,175,202.92352
2023-11-29,5,3,215,191.6808
2023-11-29,5,4,212,194.72821
2023-11-29,5,5,152,165.96515
2023-11-29,5,6,19,27.961777
2023-11-29,5,7,1,45.36157
2023-11-29,5,8,26,31.136168
2023-11-29,5,9,43,38.617237
2023-11-29,5,10,154,189.64075
2023-11-29,5,11,119,164.60242
2023-11-29,5,12,435,352.07632
2023-11-29,5,13,249,252.84207
2023-11-29,5,14,83,41.7769
2023-11-29,5,15,263,249.05148
2023-11-29,5,16,84,144.93643
2023-11-29,5,17,276,256.8279
2023-11-29,5,18,46,49.884686
2023-11-29,5,19,34,47.666492
2023-11-29,5,20,183,160.43533
2023-11-30,1,1,244,238.613
2023-11-30,1,2,27,63.183266
2023-11-30,1,3,376,321.71155
2023-11-30,1,4,46,37.070007
2023-11-30,1,5,134,148.40433
2023-11-30,1,6,44,26.459091
2023-11-30,1,7,66,42.617542
2023-11-30,1,8,68,50.249725
2023-11-30,1,9,204,180.74553
2023-11-30,1,10,364,324.1031
2023-11-30,1,11,136,176.90907
2023-11-30,1,12,55,59.863243
2023-11-30,1,13,75,84.804245
2023-11-30,1,14,340,280.2454
2023-11-30,1,15,212,201.01532
2023-11-30,1,16,43,45.88524
2023-11-30,1,17,5,56.697765
2023-11-30,1,18,116,92.76833
2023-11-30,1,19,82,135.26302
2023-11-30,1,20,91,45.23244
2023-11-30,2,1,291,268.32678
2023-11-30,2,2,369,335.44217
2023-11-30,2,3,250,221.82605
2023-11-30,2,4,222,207.79251
2023-11-30,2,5,211,187.74927
2023-11-30,2,6,26,33.02497
2023-11-30,2,7,59,35.34768
2023-11-30,2,8,110,136.93452
2023-11-30,2,9,184,173.31416
2023-11-30,2,10,64,45.032444
2023-11-30,2,11,159,184.48253
2023-11-30,2,12,140,103.99257
2023-11-30,2,13,2,54.67648
2023-11-30,2,14,20,26.048824
2023-11-30,2,15,98,70.56086
2023-11-30,2,16,274,240.80498
2023-11-30,2,17,224,217.3942
2023-11-30,2,18,253,217.72447
2023-11-30,2,19,92,62.477283
2023-11-30,2,20,75,41.164074
2023-11-30,3,1,9,55.938896
2023-11-30,3,2,36,58.58847
2023-11-30,3,3,273,253.75179
2023-11-30,3,4,72,161.16019
2023-11-30,3,5,0,47.118187
2023-11-30,3,6,51,38.74146
2023-11-30,3,7,121,151.6466
2023-11-30,3,8,35,27.163475
2023-11-30,3,9,135,162.64087
2023-11-30,3,10,50,64.55678
2023-11-30,3,11,123,176.78969
2023-11-30,3,12,41,147.2673
2023-11-30,3,13,192,118.003044
2023-11-30,3,14,416,350.8197
2023-11-30,3,15,233,220.16081
2023-11-30,3,16,53,68.2836
2023-11-30,3,17,63,58.3697
2023-11-30,3,18,276,242.30031
2023-11-30,3,19,127,152.84575
2023-11-30,3,20,103,64.62262
2023-11-30,4,1,228,225.65828
2023-11-30,4,2,103,103.308495
2023-11-30,4,3,340,312.79288
2023-11-30,4,4,254,240.92401
2023-11-30,4,5,221,219.15561
2023-11-30,4,6,13,16.192997
2023-11-30,4,7,88,52.75025
2023-11-30,4,8,168,146.57361
2023-11-30,4,9,245,231.00317
2023-11-30,4,10,108,175.64406
2023-11-30,4,11,370,319.58328
2023-11-30,4,12,64,137.05684
2023-11-30,4,13,225,216.59741
2023-11-30,4,14,134,94.98251
2023-11-30,4,15,255,256.66602
2023-11-30,4,16,339,310.81747
2023-11-30,4,17,16,46.60074
2023-11-30,4,18,25,39.72591
2023-11-30,4,19,250,236.80121
2023-11-30,4,20,15,24.32404
2023-11-30,5,1,81,87.23111
2023-11-30,5,2,318,317.3998
2023-11-30,5,3,115,75.5605
2023-11-30,5,4,160,92.96629
2023-11-30,5,5,377,355.15958
2023-11-30,5,6,76,30.336426
2023-11-30,5,7,136,141.66191
2023-11-30,5,8,78,43.801945
2023-11-30,5,9,126,70.458015
2023-11-30,5,10,93,70.15218
2023-11-30,5,11,281,246.37383
2023-11-30,5,12,32,51.70999
2023-11-30,5,13,244,247.99156
2023-11-30,5,14,0,61.64039
2023-11-30,5,15,396,344.80566
2023-11-30,5,16,11,37.52175
2023-11-30,5,17,41,42.84883
2023-11-30,5,18,109,94.89844
2023-11-30,5,19,21,32.639977
2023-11-30,5,20,219,202.02899
2023-12-01,1,1,185,180.4155
2023-12-01,1,2,22,53.040874
2023-12-01,1,3,340,306.99536
2023-12-01,1,4,99,158.61803
2023-12-01,1,5,200,186.07547
2023-12-01,1,6,66,106.74626
2023-12-01,1,7,56,33.23836
2023-12-01,1,8,75,50.215042
2023-12-01,1,9,59,53.95991
2023-12-01,1,10,15,38.953056
2023-12-01,1,11,22,44.693634
2023-12-01,1,12,12,54.671074
2023-12-01,1,13,0,51.01587
2023-12-01,1,14,196,198.60977
2023-12-01,1,15,361,314.89877
2023-12-01,1,16,44,115.16678
2023-12-01,1,17,337,299.75183
2023-12-01,1,18,126,79.23691
2023-12-01,1,19,35,36.551304
2023-12-01,1,20,75,116.96854
2023-12-01,2,1,8,43.88607
2023-12-01,2,2,12,51.072056
2023-12-01,2,3,78,160.8677
2023-12-01,2,4,27,40.954895
2023-12-01,2,5,9,54.154488
2023-12-01,2,6,26,19.812277
2023-12-01,2,7,310,267.70184
2023-12-01,2,8,316,262.22076
2023-12-01,2,9,59,35.45136
2023-12-01,2,10,206,199.05612
2023-12-01,2,11,40,49.371952
2023-12-01,2,12,25,12.060117
2023-12-01,2,13,41,45.737072
2023-12-01,2,14,37,61.810127
2023-12-01,2,15,15,51.272243
2023-12-01,2,16,157,191.14323
2023-12-01,2,17,193,188.82942
2023-12-01,2,18,33,44.67623
2023-12-01,2,19,112,143.36833
2023-12-01,2,20,159,161.2328
2023-12-01,3,1,8,47.241436
2023-12-01,3,2,178,188.41289
2023-12-01,3,3,76,72.57857
2023-12-01,3,4,79,63.129665
2023-12-01,3,5,28,60.334835
2023-12-01,3,6,319,283.3119
2023-12-01,3,7,137,155.07536
2023-12-01,3,8,195,184.53644
2023-12-01,3,9,81,52.981735
2023-12-01,3,10,139,83.970764
2023-12-01,3,11,32,49.618114
2023-12-01,3,12,238,183.61792
2023-12-01,3,13,3,44.79433
2023-12-01,3,14,113,169.77444
2023-12-01,3,15,192,192.49333
2023-12-01,3,16,252,254.11873
2023-12-01,3,17,45,59.1694
2023-12-01,3,18,100,88.93638
2023-12-01,3,19,106,142.49986
2023-12-01,3,20,17,23.480322
2023-12-01,4,1,316,256.53442
2023-12-01,4,2,2,43.17868
2023-12-01,4,3,242,228.49762
2023-12-01,4,4,0,26.525173
2023-12-01,4,5,34,44.01161
2023-12-01,4,6,83,52.71827
2023-12-01,4,7,81,54.954826
2023-12-01,4,8,93,142.36449
2023-12-01,4,9,223,203.28542
2023-12-01,4,10,60,44.59254
2023-12-01,4,11,53,63.62954
2023-12-01,4,12,131,146.37161
2023-12-01,4,13,272,244.38303
2023-12-01,4,14,274,263.3247
2023-12-01,4,15,113,185.26811
2023-12-01,4,16,179,185.68683
2023-12-01,4,17,60,119.67143
2023-12-01,4,18,4,40.233685
2023-12-01,4,19,23,36.131775
2023-12-01,4,20,167,142.89278
2023-12-01,5,1,25,43.013428
2023-12-01,5,2,74,71.62851
2023-12-01,5,3,56,61.752155
2023-12-01,5,4,29,37.939487
2023-12-01,5,5,29,53.731277
2023-12-01,5,6,388,337.90582
2023-12-01,5,7,62,126.26493
2023-12-01,5,8,78,51.53576
2023-12-01,5,9,3,39.852055
2023-12-01,5,10,256,235.6273
2023-12-01,5,11,118,145.47966
2023-12-01,5,12,259,236.07114
2023-12-01,5,13,100,89.14041
2023-12-01,5,14,255,234.18613
2023-12-01,5,15,255,263.86765
2023-12-01,5,16,102,104.259766
2023-12-01,5,17,24,45.59678
2023-12-01,5,18,265,237.56532
2023-12-01,5,19,433,348.3115
2023-12-01,5,20,151,160.1181
2023-12-02,1,1,200,182.22725
2023-12-02,1,2,222,219.56242
2023-12-02,1,3,65,50.462887
2023-12-02,1,4,272,223.5324
2023-12-02,1,5,209,193.40215
2023-12-02,1,6,31,45.591984
2023-12-02,1,7,241,206.518
2023-12-02,1,8,1,49.26977
2023-12-02,1,9,108,136.48956
2023-12-02,1,10,212,181.94125
2023-12-02,1,11,136,151.14323
2023-12-02,1,12,36,110.70077
2023-12-02,1,13,9,52.455837
2023-12-02,1,14,107,150.61562
2023-12-02,1,15,223,237.5288
2023-12-02,1,16,127,75.931526
2023-12-02,1,17,245,239.10466
2023-12-02,1,18,33,26.937033
2023-12-02,1,19,217,210.18219
2023-12-02,1,20,191,162.68916
2023-12-02,2,1,37,125.88469
2023-12-02,2,2,20,47.11548
2023-12-02,2,3,177,175.68271
2023-12-02,2,4,75,143.27739
2023-12-02,2,5,152,166.00375
2023-12-02,2,6,71,75.57792
2023-12-02,2,7,71,54.803078
2023-12-02,2,8,140,166.98851
2023-12-02,2,9,53,102.620415
2023-12-02,2,10,223,215.59119
2023-12-02,2,11,137,62.473545
2023-12-02,2,12,4,39.38845
2023-12-02,2,13,292,258.7876
2023-12-02,2,14,179,172.07167
2023-12-02,2,15,349,307.60193
2023-12-02,2,16,29,33.387398
2023-12-02,2,17,229,232.72774
2023-12-02,2,18,176,89.91856
2023-12-02,2,19,167,191.05461
2023-12-02,2,20,63,104.53235
2023-12-02,3,1,73,65.81814
2023-12-02,3,2,19,46.737576
2023-12-02,3,3,34,35.44008
2023-12-02,3,4,78,61.650448
2023-12-02,3,5,53,35.56561
2023-12-02,3,6,98,173.48917
2023-12-02,3,7,97,83.558174
2023-12-02,3,8,0,51.988644
2023-12-02,3,9,291,262.29605
2023-12-02,3,10,20,48.264915
2023-12-02,3,11,308,257.36676
2023-12-02,3,12,215,190.52315
2023-12-02,3,13,45,49.68557
2023-12-02,3,14,241,205.50273
2023-12-02,3,15,42,120.029884
2023-12-02,3,16,255,241.82307
2023-12-02,3,17,23,47.159267
2023-12-02,3,18,55,45.855762
2023-12-02,3,19,124,182.71373
2023-12-02,3,20,333,294.04965
2023-12-02,4,1,30,31.687414
2023-12-02,4,2,42,56.004063
2023-12-02,4,3,16,34.906124
2023-12-02,4,4,94,64.99892
2023-12-02,4,5,251,226.89952
2023-12-02,4,6,73,85.328514
2023-12-02,4,7,264,235.75414
2023-12-02,4,8,239,208.22804
2023-12-02,4,9,64,52.017284
2023-12-02,4,10,258,254.62239
2023-12-02,4,11,103,78.88606
2023-12-02,4,12,28,39.243404
2023-12-02,4,13,88,149.58179
2023-12-02,4,14,142,92.43861
2023-12-02,4,15,40,43.905888
2023-12-02,4,16,17,111.77784
2023-12-02,4,17,199,197.515
2023-12-02,4,18,9,40.90165
2023-12-02,4,19,55,147.58826
2023-12-02,4,20,55,55.220394
2023-12-02,5,1,134,82.46981
2023-12-02,5,2,61,114.02434
2023-12-02,5,3,474,340.44098
2023-12-02,5,4,40,32.90378
2023-12-02,5,5,13,24.994455
2023-12-02,5,6,60,54.97412
2023-12-02,5,7,215,184.7201
2023-12-02,5,8,101,151.62056
2023-12-02,5,9,40,123.00805
2023-12-02,5,10,328,310.22794
2023-12-02,5,11,33,121.29937
2023-12-02,5,12,1,46.386787
2023-12-02,5,13,236,213.59637
2023-12-02,5,14,270,233.39726
2023-12-02,5,15,200,189.55157
2023-12-02,5,16,340,304.35944
2023-12-02,5,17,205,192.15552
2023-12-02,5,18,65,56.59831
2023-12-02,5,19,214,204.81961
2023-12-02,5,20,170,177.464
2023-12-03,1,1,122,143.26439
2023-12-03,1,2,265,242.73862
2023-12-03,1,3,4,43.37896
2023-12-03,1,4,258,245.14798
2023-12-03,1,5,287,269.89377
2023-12-03,1,6,50,49.333393
2023-12-03,1,7,122,73.69222
2023-12-03,1,8,189,171.7205
2023-12-03,1,9,119,66.2182
2023-12-03,1,10,311,275.0217
2023-12-03,1,11,2,42.308285
2023-12-03,1,12,57,50.517593
2023-12-03,1,13,208,184.93263
2023-12-03,1,14,24,33.244938
2023-12-03,1,15,361,334.65225
2023-12-03,1,16,52,42.997864
2023-12-03,1,17,284,245.74405
2023-12-03,1,18,71,140.27528
2023-12-03,1,19,52,62.756706
2023-12-03,1,20,147,173.36566
2023-12-03,2,1,7,31.210623
2023-12-03,2,2,59,134.02461
2023-12-03,2,3,458,347.2592
2023-12-03,2,4,12,44.046516
2023-12-03,2,5,221,213.68614
2023-12-03,2,6,99,131.4963
2023-12-03,2,7,398,342.35013
2023-12-03,2,8,340,318.25067
2023-12-03,2,9,150,153.35878
2023-12-03,2,10,112,77.02171
2023-12-03,2,11,88,133.70831
2023-12-03,2,12,80,51.729744
2023-12-03,2,13,227,228.754
2023-12-03,2,14,78,62.82243
2023-12-03,2,15,121,90.27621
2023-12-03,2,16,123,164.373
2023-12-03,2,17,77,49.832706
2023-12-03,2,18,114,142.82082
2023-12-03,2,19,221,218.72874
2023-12-03,2,20,17,40.041122
2023-12-03,3,1,250,217.42563
2023-12-03,3,2,255,235.52644
2023-12-03,3,3,76,64.39315
2023-12-03,3,4,418,327.74863
2023-12-03,3,5,266,247.00607
2023-12-03,3,6,83,115.637596
2023-12-03,3,7,333,294.30164
2023-12-03,3,8,95,41.18789
2023-12-03,3,9,1,34.204227
2023-12-03,3,10,12,60.647793
2023-12-03,3,11,21,43.01695
2023-12-03,3,12,9,36.312946
2023-12-03,3,13,18,52.393635
2023-12-03,3,14,169,189.06789
2023-12-03,3,15,151,189.74573
2023-12-03,3,16,135,163.15782
2023-12-03,3,17,395,340.42566
2023-12-03,3,18,310,266.67807
2023-12-03,3,19,214,184.60027
2023-12-03,3,20,1,43.014614
2023-12-03,4,1,170,81.122955
2023-12-03,4,2,220,219.15103
2023-12-03,4,3,31,53.83166
2023-12-03,4,4,50,114.815094
2023-12-03,4,5,61,52.61907
2023-12-03,4,6,21,24.200499
2023-12-03,4,7,66,66.83846
2023-12-03,4,8,186,182.10083
2023-12-03,4,9,120,80.98272
2023-12-03,4,10,78,82.64888
2023-12-03,4,11,66,61.310986
2023-12-03,4,12,52,47.390038
2023-12-03,4,13,39,51.978424
2023-12-03,4,14,22,121.45335
2023-12-03,4,15,40,45.740314
2023-12-03,4,16,159,185.79117
2023-12-03,4,17,363,324.7428
2023-12-03,4,18,202,180.06229
2023-12-03,4,19,45,32.62999
2023-12-03,4,20,161,173.51128
2023-12-03,5,1,37,43.3455
2023-12-03,5,2,225,224.67923
2023-12-03,5,3,23,70.117455
2023-12-03,5,4,69,148.64644
2023-12-03,5,5,186,190.11072
2023-12-03,5,6,55,26.462574
2023-12-03,5,7,27,59.95537
2023-12-03,5,8,55,54.992615
2023-12-03,5,9,86,114.62297
2023-12-03,5,10,3,50.8182
2023-12-03,5,11,66,20.049063
2023-12-03,5,12,162,146.51308
2023-12-03,5,13,30,124.64106
2023-12-03,5,14,231,215.82254
2023-12-03,5,15,7,51.927338
2023-12-03,5,16,22,52.837685
2023-12-03,5,17,101,91.99205
2023-12-03,5,18,182,181.12611
2023-12-03,5,19,131,88.8598
2023-12-03,5,20,67,125.155174
2023-12-04,1,1,49,112.25326
2023-12-04,1,2,251,241.78127
2023-12-04,1,3,329,331.0193
2023-12-04,1,4,112,163.57162
2023-12-04,1,5,259,254.69685
2023-12-04,1,6,243,203.91087
2023-12-04,1,7,255,260.25003
2023-12-04,1,8,88,126.32991
2023-12-04,1,9,22,26.313997
2023-12-04,1,10,206,190.6504
2023-12-04,1,11,28,15.547641
2023-12-04,1,12,130,146.8936
2023-12-04,1,13,417,336.27124
2023-12-04,1,14,43,38.003902
2023-12-04,1,15,30,51.67491
2023-12-04,1,16,160,183.57224
2023-12-04,1,17,145,194.63324
2023-12-04,1,18,442,344.89526
2023-12-04,1,19,138,77.02483
2023-12-04,1,20,131,65.22222
2023-12-04,2,1,127,151.96529
2023-12-04,2,2,33,56.38219
2023-12-04,2,3,106,163.89613
2023-12-04,2,4,219,227.49382
2023-12-04,2,5,202,187.11536
2023-12-04,2,6,29,112.37945
2023-12-04,2,7,42,53.217426
2023-12-04,2,8,68,60.32962
2023-12-04,2,9,120,57.473156
2023-12-04,2,10,113,168.10416
2023-12-04,2,11,167,141.70552
2023-12-04,2,12,347,296.59634
2023-12-04,2,13,87,145.75232
2023-12-04,2,14,213,175.78242
2023-12-04,2,15,67,71.5264
2023-12-04,2,16,59,97.844604
2023-12-04,2,17,51,66.073616
2023-12-04,2,18,390,344.38907
2023-12-04,2,19,364,319.68622
2023-12-04,2,20,20,30.379858
2023-12-04,3,1,50,122.11066
2023-12-04,3,2,306,281.2015
2023-12-04,3,3,304,280.09222
2023-12-04,3,4,53,138.64316
2023-12-04,3,5,313,253.01152
2023-12-04,3,6,47,102.68391
2023-12-04,3,7,334,317.23398
2023-12-04,3,8,4,39.591278
2023-12-04,3,9,291,259.20547
2023-12-04,3,10,111,73.63199
2023-12-04,3,11,87,38.861324
2023-12-04,3,12,105,69.793625
2023-12-04,3,13,99,178.057
2023-12-04,3,14,18,46.554314
2023-12-04,3,15,249,219.88667
2023-12-04,3,16,135,141.31023
2023-12-04,3,17,75,157.82089
2023-12-04,3,18,120,174.90079
2023-12-04,3,19,105,79.21738
2023-12-04,3,20,70,45.96321
2023-12-04,4,1,30,36.346546
2023-12-04,4,2,43,42.7282
2023-12-04,4,3,29,37.896782
2023-12-04,4,4,31,38.645763
2023-12-04,4,5,225,209.4374
2023-12-04,4,6,56,97.74052
2023-12-04,4,7,60,58.179413
2023-12-04,4,8,27,22.063377
2023-12-04,4,9,345,303.59998
2023-12-04,4,10,74,135.73738
2023-12-04,4,11,85,40.78961
2023-12-04,4,12,87,142.70505
2023-12-04,4,13,350,311.79984
2023-12-04,4,14,234,210.7084
2023-12-04,4,15,169,157.18936
2023-12-04,4,16,245,214.87375
2023-12-04,4,17,320,327.3837
2023-12-04,4,18,85,100.315125
2023-12-04,4,19,256,247.04095
2023-12-04,4,20,195,173.32877
2023-12-04,5,1,357,306.88608
2023-12-04,5,2,18,54.57578
2023-12-04,5,3,35,62.58051
2023-12-04,5,4,212,178.73541
2023-12-04,5,5,164,171.17657
2023-12-04,5,6,419,333.57828
2023-12-04,5,7,150,171.90181
2023-12-04,5,8,115,133.17468
2023-12-04,5,9,92,141.91154
2023-12-04,5,10,170,150.72322
2023-12-04,5,11,239,189.95337
2023-12-04,5,12,43,45.496758
2023-12-04,5,13,119,180.67012
2023-12-04,5,14,45,49.822018
2023-12-04,5,15,76,135.8115
2023-12-04,5,16,63,35.292446
2023-12-04,5,17,3,48.474056
2023-12-04,5,18,43,61.426636
2023-12-04,5,19,379,362.32465
2023-12-04,5,20,420,342.1818
2023-12-05,1,1,66,33.702038
2023-12-05,1,2,82,70.74454
2023-12-05,1,3,39,46.44258
2023-12-05,1,4,296,271.19666
2023-12-05,1,5,45,131.84105
2023-12-05,1,6,163,162.58229
2023-12-05,1,7,88,68.20453
2023-12-05,1,8,106,136.12706
2023-12-05,1,9,188,179.63622
2023-12-05,1,10,144,162.62497
2023-12-05,1,11,354,316.48972
2023-12-05,1,12,282,241.624
2023-12-05,1,13,65,76.52514
2023-12-05,1,14,49,38.675426
2023-12-05,1,15,115,71.35403
2023-12-05,1,16,109,142.4826
2023-12-05,1,17,0,32.349506
2023-12-05,1,18,185,211.9329
2023-12-05,1,19,117,86.77401
2023-12-05,1,20,50,122.30078
2023-12-05,2,1,256,246.54219
2023-12-05,2,2,167,173.07744
2023-12-05,2,3,345,316.4751
2023-12-05,2,4,61,110.69738
2023-12-05,2,5,242,234.5712
2023-12-05,2,6,101,87.46729
2023-12-05,2,7,4,36.49674
2023-12-05,2,8,57,33.795246
2023-12-05,2,9,49,44.814304
2023-12-05,2,10,93,45.19405
2023-12-05,2,11,198,190.7571
2023-12-05,2,12,60,126.95911
2023-12-05,2,13,413,357.37527
2023-12-05,2,14,46,114.68721
2023-12-05,2,15,122,148.06688
2023-12-05,2,16,91,133.03476
2023-12-05,2,17,228,209.73126
2023-12-05,2,18,128,110.98757
2023-12-05,2,19,4,75.36505
2023-12-05,2,20,203,199.95534
2023-12-05,3,1,12,53.05297
2023-12-05,3,2,90,148.74123
2023-12-05,3,3,75,72.821686
2023-12-05,3,4,32,45.008682
2023-12-05,3,5,16,55.474285
2023-12-05,3,6,160,188.49295
2023-12-05,3,7,50,52.547897
2023-12-05,3,8,183,141.24934
2023-12-05,3,9,25,41.61257
2023-12-05,3,10,396,342.7656
2023-12-05,3,11,373,321.11124
2023-12-05,3,12,9,43.634808
2023-12-05,3,13,82,72.8839
2023-12-05,3,14,119,71.23728
2023-12-05,3,15,129,144.1869
2023-12-05,3,16,132,141.72066
2023-12-05,3,17,72,58.845238
2023-12-05,3,18,12,54.447166
2023-12-05,3,19,63,83.95061
2023-12-05,3,20,92,77.38758
2023-12-05,4,1,74,70.74377
2023-12-05,4,2,278,248.81084
2023-12-05,4,3,79,148.10675
2023-12-05,4,4,74,63.47352
2023-12-05,4,5,14,47.84068
2023-12-05,4,6,138,174.40814
2023-12-05,4,7,335,294.74402
2023-12-05,4,8,121,135.44441
2023-12-05,4,9,25,52.111416
2023-12-05,4,10,340,321.64578
2023-12-05,4,11,61,138.34279
2023-12-05,4,12,82,62.513206
2023-12-05,4,13,469,355.69684
2023-12-05,4,14,80,128.84816
2023-12-05,4,15,196,178.76509
2023-12-05,4,16,159,160.84207
2023-12-05,4,17,239,235.95872
2023-12-05,4,18,288,265.97098
2023-12-05,4,19,151,187.16084
2023-12-05,4,20,0,53.19038
2023-12-05,5,1,8,46.23521
2023-12-05,5,2,9,33.775097
2023-12-05,5,3,387,332.93085
2023-12-05,5,4,454,363.87314
2023-12-05,5,5,166,163.83342
2023-12-05,5,6,400,363.85437
2023-12-05,5,7,196,187.86787
2023-12-05,5,8,67,44.94788
2023-12-05,5,9,60,136.32805
2023-12-05,5,10,249,250.28128
2023-12-05,5,11,59,72.21105
2023-12-05,5,12,139,89.069496
2023-12-05,5,13,123,183.4471
2023-12-05,5,14,250,224.6416
2023-12-05,5,15,64,111.69443
2023-12-05,5,16,148,83.24336
2023-12-05,5,17,107,181.42616
2023-12-05,5,18,86,137.00066
2023-12-05,5,19,40,61.55212
2023-12-05,5,20,81,76.82925
2023-12-06,1,1,67,144.06616
2023-12-06,1,2,28,110.64746
2023-12-06,1,3,315,284.99945
2023-12-06,1,4,26,44.93725
2023-12-06,1,5,191,171.87859
2023-12-06,1,6,11,58.290157
2023-12-06,1,7,121,81.0711
2023-12-06,1,8,29,20.62201
2023-12-06,1,9,143,159.30806
2023-12-06,1,10,0,60.851307
2023-12-06,1,11,352,318.6804
2023-12-06,1,12,92,57.494358
2023-12-06,1,13,162,192.10394
2023-12-06,1,14,272,236.93883
2023-12-06,1,15,134,139.56255
2023-12-06,1,16,203,164.10623
2023-12-06,1,17,110,68.71988
2023-12-06,1,18,304,267.8891
2023-12-06,1,19,48,59.652294
2023-12-06,1,20,291,275.76306
2023-12-06,2,1,101,74.47702
2023-12-06,2,2,57,45.231274
2023-12-06,2,3,242,209.13806
2023-12-06,2,4,319,322.38187
2023-12-06,2,5,5,32.64866
2023-12-06,2,6,389,358.03143
2023-12-06,2,7,10,48.97389
2023-12-06,2,8,48,23.522135
2023-12-06,2,9,62,36.869442
2023-12-06,2,10,239,230.35788
2023-12-06,2,11,165,183.59016
2023-12-06,2,12,79,60.351013
2023-12-06,2,13,326,321.62552
2023-12-06,2,14,0,39.59246
2023-12-06,2,15,20,27.359612
2023-12-06,2,16,206,164.78902
2023-12-06,2,17,176,92.20579
2023-12-06,2,18,11,30.066002
2023-12-06,2,19,6,19.412191
2023-12-06,2,20,169,164.89052
2023-12-06,3,1,17,39.79759
2023-12-06,3,2,24,45.54684
2023-12-06,3,3,60,161.15417
2023-12-06,3,4,86,161.58728
2023-12-06,3,5,49,33.10041
2023-12-06,3,6,30,53.89812
2023-12-06,3,7,164,93.88698
2023-12-06,3,8,46,27.855486
2023-12-06,3,9,109,142.44858
2023-12-06,3,10,101,182.83482
2023-12-06,3,11,232,240.24934
2023-12-06,3,12,300,257.24274
2023-12-06,3,13,102,177.97081
2023-12-06,3,14,119,81.79239
2023-12-06,3,15,178,152.14583
2023-12-06,3,16,43,22.071098
2023-12-06,3,17,5,36.05692
2023-12-06,3,18,101,87.769615
2023-12-06,3,19,158,153.4108
2023-12-06,3,20,31,47.653454
2023-12-06,4,1,43,17.223808
2023-12-06,4,2,23,42.539066
2023-12-06,4,3,0,51.46638
2023-12-06,4,4,297,294.23862
2023-12-06,4,5,111,65.24003
2023-12-06,4,6,249,256.66498
2023-12-06,4,7,168,181.62462
2023-12-06,4,8,330,298.97076
2023-12-06,4,9,441,334.60406
2023-12-06,4,10,36,71.16606
2023-12-06,4,11,266,255.35455
2023-12-06,4,12,126,69.237816
2023-12-06,4,13,39,73.79968
2023-12-06,4,14,362,321.26004
2023-12-06,4,15,193,166.07169
2023-12-06,4,16,206,174.85574
2023-12-06,4,17,1,40.111103
2023-12-06,4,18,49,51.81844
2023-12-06,4,19,296,273.59064
2023-12-06,4,20,210,185.2974
2023-12-06,5,1,35,15.96849
2023-12-06,5,2,420,328.23492
2023-12-06,5,3,218,241.20314
2023-12-06,5,4,130,105.46058
2023-12-06,5,5,16,24.751234
2023-12-06,5,6,56,65.34802
2023-12-06,5,7,366,316.8302
2023-12-06,5,8,451,331.44635
2023-12-06,5,9,360,306.75815
2023-12-06,5,10,16,53.825993
2023-12-06,5,11,21,53.19609
2023-12-06,5,12,46,40.302464
2023-12-06,5,13,216,250.27588
2023-12-06,5,14,216,229.81549
2023-12-06,5,15,52,35.985256
2023-12-06,5,16,75,47.386314
2023-12-06,5,17,355,319.96762
2023-12-06,5,18,90,147.52132
2023-12-06,5,19,75,58.331696
2023-12-06,5,20,50,111.94823
2023-12-07,1,1,2,10.288842
2023-12-07,1,2,73,58.746246
2023-12-07,1,3,85,75.01078
2023-12-07,1,4,303,291.76743
2023-12-07,1,5,91,114.6785
2023-12-07,1,6,162,195.70644
2023-12-07,1,7,211,186.30392
2023-12-07,1,8,3,41.198757
2023-12-07,1,9,22,47.011223
2023-12-07,1,10,66,53.949127
2023-12-07,1,11,260,245.90771
2023-12-07,1,12,118,84.298584
2023-12-07,1,13,137,160.95111
2023-12-07,1,14,78,165.74677
2023-12-07,1,15,111,149.17107
2023-12-07,1,16,112,65.536385
2023-12-07,1,17,75,69.30037
2023-12-07,1,18,126,157.06172
2023-12-07,1,19,179,170.87024
2023-12-07,1,20,12,49.62651
2023-12-07,2,1,168,141.8911
2023-12-07,2,2,113,159.5455
2023-12-07,2,3,197,191.96967
2023-12-07,2,4,202,204.20613
2023-12-07,2,5,150,78.228714
2023-12-07,2,6,34,49.947758
2023-12-07,2,7,194,196.70833
2023-12-07,2,8,78,161.22928
2023-12-07,2,9,15,55.39176
2023-12-07,2,10,158,168.76215
2023-12-07,2,11,141,194.52477
2023-12-07,2,12,248,232.51553
2023-12-07,2,13,147,171.88617
2023-12-07,2,14,104,166.73192
2023-12-07,2,15,224,195.09816
2023-12-07,2,16,309,265.7009
2023-12-07,2,17,435,349.22696
2023-12-07,2,18,138,161.84033
2023-12-07,2,19,116,146.95181
2023-12-07,2,20,167,172.9739
2023-12-07,3,1,202,162.95496
2023-12-07,3,2,105,163.38254
2023-12-07,3,3,18,42.891735
2023-12-07,3,4,231,229.57062
2023-12-07,3,5,119,141.23001
2023-12-07,3,6,178,188.80243
2023-12-07,3,7,152,178.73502
2023-12-07,3,8,61,70.14681
2023-12-07,3,9,43,134.57776
2023-12-07,3,10,34,41.15676
2023-12-07,3,11,30,121.97945
2023-12-07,3,12,74,59.738388
2023-12-07,3,13,105,161.77449
2023-12-07,3,14,25,47.38327
2023-12-07,3,15,42,20.716434
2023-12-07,3,16,328,307.95297
2023-12-07,3,17,4,50.306225
2023-12-07,3,18,79,38.240334
2023-12-07,3,19,152,180.24059
2023-12-07,3,20,187,169.25836
2023-12-07,4,1,145,83.694664
2023-12-07,4,2,180,111.76538
2023-12-07,4,3,15,41.87456
2023-12-07,4,4,45,41.586067
2023-12-07,4,5,83,37.79649
2023-12-07,4,6,18,40.145752
2023-12-07,4,7,187,172.44095
2023-12-07,4,8,426,363.46536
2023-12-07,4,9,133,102.10316
2023-12-07,4,10,59,34.071587
2023-12-07,4,11,18,41.263783
2023-12-07,4,12,72,64.06605
2023-12-07,4,13,94,51.93164
2023-12-07,4,14,47,46.14545
2023-12-07,4,15,25,39.08317
2023-12-07,4,16,27,42.05704
2023-12-07,4,17,53,71.02304
2023-12-07,4,18,108,71.041145
2023-12-07,4,19,69,138.30054
2023-12-07,4,20,79,119.142784
2023-12-07,5,1,13,31.524584
2023-12-07,5,2,71,154.0784
2023-12-07,5,3,165,163.92131
2023-12-07,5,4,107,174.74466
2023-12-07,5,5,65,29.147972
2023-12-07,5,6,87,61.538555
2023-12-07,5,7,100,160.48853
2023-12-07,5,8,131,101.91064
2023-12-07,5,9,180,193.52296
2023-12-07,5,10,87,125.55118
2023-12-07,5,11,59,51.822933
2023-12-07,5,12,55,36.03681
2023-12-07,5,13,160,152.3649
2023-12-07,5,14,197,187.47377
2023-12-07,5,15,72,52.953697
2023-12-07,5,16,206,198.78433
2023-12-07,5,17,123,181.13168
2023-12-07,5,18,54,24.93624
2023-12-07,5,19,149,88.771255
2023-12-07,5,20,250,241.08693
2023-12-08,1,1,263,241.53758
2023-12-08,1,2,54,68.440895
2023-12-08,1,3,52,44.697144
2023-12-08,1,4,219,209.0393
2023-12-08,1,5,352,306.32608
2023-12-08,1,6,34,27.668053
2023-12-08,1,7,207,190.27878
2023-12-08,1,8,69,83.21066
2023-12-08,1,9,203,190.46211
2023-12-08,1,10,70,40.68696
2023-12-08,1,11,92,124.393364
2023-12-08,1,12,1,19.335495
2023-12-08,1,13,218,196.50412
2023-12-08,1,14,34,22.709326
2023-12-08,1,15,1,26.8416
2023-12-08,1,16,49,50.492516
2023-12-08,1,17,60,72.51968
2023-12-08,1,18,48,24.09464
2023-12-08,1,19,17,14.134027
2023-12-08,1,20,191,169.3399
2023-12-08,2,1,0,36.86212
2023-12-08,2,2,28,19.008907
2023-12-08,2,3,100,71.87149
2023-12-08,2,4,211,178.8782
2023-12-08,2,5,24,28.871618
2023-12-08,2,6,304,265.19638
2023-12-08,2,7,257,231.69057
2023-12-08,2,8,322,321.0334
2023-12-08,2,9,212,171.1491
2023-12-08,2,10,361,304.5558
2023-12-08,2,11,73,49.219276
2023-12-08,2,12,70,49.956966
2023-12-08,2,13,39,15.700834
2023-12-08,2,14,88,123.35389
2023-12-08,2,15,10,22.409294
2023-12-08,2,16,81,156.63072
2023-12-08,2,17,380,347.95142
2023-12-08,2,18,179,140.98761
2023-12-08,2,19,146,150.84004
2023-12-08,2,20,236,218.20665
2023-12-08,3,1,149,92.434364
2023-12-08,3,2,283,229.43806
2023-12-08,3,3,11,28.007683
2023-12-08,3,4,31,48.691696
2023-12-08,3,5,261,240.06192
2023-12-08,3,6,266,243.02644
2023-12-08,3,7,80,60.090096
2023-12-08,3,8,26,39.29026
2023-12-08,3,9,297,272.01297
2023-12-08,3,10,77,49.930416
2023-12-08,3,11,80,121.979576
2023-12-08,3,12,111,62.72022
2023-12-08,3,13,93,44.33418
2023-12-08,3,14,481,350.90295
2023-12-08,3,15,133,129.16364
2023-12-08,3,16,45,66.090195
2023-12-08,3,17,103,173.70633
2023-12-08,3,18,59,32.167908
2023-12-08,3,19,103,137.79454
2023-12-08,3,20,106,146.92882
2023-12-08,4,1,72,68.145775
2023-12-08,4,2,171,159.91336
2023-12-08,4,3,218,202.44385
2023-12-08,4,4,128,67.2287
2023-12-08,4,5,162,99.61937
2023-12-08,4,6,42,35.24657
2023-12-08,4,7,38,39.953148
2023-12-08,4,8,378,353.2829
2023-12-08,4,9,377,340.2889
2023-12-08,4,10,182,168.5651
2023-12-08,4,11,201,167.07149
2023-12-08,4,12,5,15.974715
2023-12-08,4,13,30,38.616444
2023-12-08,4,14,23,49.004715
2023-12-08,4,15,218,202.56514
2023-12-08,4,16,116,85.29376
2023-12-08,4,17,30,127.092766
2023-12-08,4,18,229,191.52443
2023-12-08,4,19,113,144.93266
2023-12-08,4,20,150,162.43439
2023-12-08,5,1,127,80.27475
2023-12-08,5,2,54,122.81178
2023-12-08,5,3,184,162.29674
2023-12-08,5,4,8,56.106888
2023-12-08,5,5,72,144.31148
2023-12-08,5,6,322,308.0926
2023-12-08,5,7,273,244.49129
2023-12-08,5,8,239,230.94075
2023-12-08,5,9,66,61.11325
2023-12-08,5,10,37,49.7634
2023-12-08,5,11,21,22.907925
2023-12-08,5,12,68,43.639233
2023-12-08,5,13,27,32.82234
2023-12-08,5,14,69,153.54115
2023-12-08,5,15,80,41.630966
2023-12-08,5,16,306,250.61037
2023-12-08,5,17,308,282.9352
2023-12-08,5,18,0,26.36234
2023-12-08,5,19,155,160.17494
2023-12-08,5,20,13,31.537193
2023-12-09,1,1,174,159.06317
2023-12-09,1,2,27,37.990784
2023-12-09,1,3,323,305.27963
2023-12-09,1,4,293,261.3275
2023-12-09,1,5,125,163.98053
2023-12-09,1,6,16,44.94585
2023-12-09,1,7,20,41.19347
2023-12-09,1,8,18,52.901382
2023-12-09,1,9,89,73.16322
2023-12-09,1,10,128,166.90051
2023-12-09,1,11,204,156.39737
2023-12-09,1,12,162,159.0244
2023-12-09,1,13,87,48.93922
2023-12-09,1,14,222,238.1635
2023-12-09,1,15,96,44.618256
2023-12-09,1,16,61,113.51088
2023-12-09,1,17,138,168.66864
2023-12-09,1,18,44,23.558073
2023-12-09,1,19,133,136.53142
2023-12-09,1,20,179,164.83354
2023-12-09,2,1,124,70.35081
2023-12-09,2,2,129,145.30116
2023-12-09,2,3,138,69.61322
2023-12-09,2,4,101,159.90158
2023-12-09,2,5,62,57.719563
2023-12-09,2,6,407,345.3661
2023-12-09,2,7,74,61.83032
2023-12-09,2,8,55,68.673355
2023-12-09,2,9,198,205.1424
2023-12-09,2,10,399,335.44525
2023-12-09,2,11,51,33.397636
2023-12-09,2,12,199,174.5199
2023-12-09,2,13,1,31.754673
2023-12-09,2,14,27,49.388786
2023-12-09,2,15,215,181.96791
2023-12-09,2,16,147,156.52225
2023-12-09,2,17,80,143.60213
2023-12-09,2,18,9,38.722496
2023-12-09,2,19,49,100.67475
2023-12-09,2,20,148,163.7355
2023-12-09,3,1,32,106.34637
2023-12-09,3,2,103,77.79725
2023-12-09,3,3,27,45.94838
2023-12-09,3,4,29,49.25406
2023-12-09,3,5,162,155.66827
2023-12-09,3,6,132,188.09709
2023-12-09,3,7,18,59.367027
2023-12-09,3,8,317,319.82135
2023-12-09,3,9,4,53.94695
2023-12-09,3,10,2,54.872623
2023-12-09,3,11,314,257.48236
2023-12-09,3,12,107,65.01316
2023-12-09,3,13,49,14.605897
2023-12-09,3,14,71,75.38955
2023-12-09,3,15,93,45.09142
2023-12-09,3,16,326,307.07877
2023-12-09,3,17,6,53.022907
2023-12-09,3,18,40,34.49796
2023-12-09,3,19,60,109.18792
2023-12-09,3,20,150,162.47084
2023-12-09,4,1,158,154.84488
2023-12-09,4,2,71,62.64885
2023-12-09,4,3,284,248.16304
2023-12-09,4,4,7,40.994858
2023-12-09,4,5,13,35.792877
2023-12-09,4,6,86,84.79526
2023-12-09,4,7,65,114.21505
2023-12-09,4,8,94,69.10065
2023-12-09,4,9,4,60.239773
2023-12-09,4,10,309,278.26822
2023-12-09,4,11,101,72.14385
2023-12-09,4,12,37,100.09668
2023-12-09,4,13,145,143.25325
2023-12-09,4,14,74,86.2047
2023-12-09,4,15,99,146.79929
2023-12-09,4,16,110,68.21636
2023-12-09,4,17,203,178.72871
2023-12-09,4,18,94,128.95006
2023-12-09,4,19,121,134.93332
2023-12-09,4,20,10,28.240952
2023-12-09,5,1,20,17.872248
2023-12-09,5,2,70,55.345467
2023-12-09,5,3,96,149.28513
2023-12-09,5,4,39,53.166744
2023-12-09,5,5,178,158.3526
2023-12-09,5,6,10,60.824547
2023-12-09,5,7,73,57.552418
2023-12-09,5,8,383,365.13635
2023-12-09,5,9,156,181.71783
2023-12-09,5,10,477,349.60645
2023-12-09,5,11,54,53.043385
2023-12-09,5,12,34,30.090206
2023-12-09,5,13,108,137.81285
2023-12-09,5,14,28,33.11883
2023-12-09,5,15,167,159.89644
2023-12-09,5,16,206,216.65648
2023-12-09,5,17,2,43.64364
2023-12-09,5,18,28,24.438784
2023-12-09,5,19,317,293.1698
2023-12-09,5,20,222,217.79501
2023-12-10,1,1,283,229.72227
2023-12-10,1,2,332,280.79132
2023-12-10,1,3,29,47.536236
2023-12-10,1,4,229,206.51625
2023-12-10,1,5,36,35.733387
2023-12-10,1,6,224,232.8353
2023-12-10,1,7,139,170.64867
2023-12-10,1,8,106,162.96861
2023-12-10,1,9,153,162.26025
2023-12-10,1,10,209,208.9168
2023-12-10,1,11,147,166.73079
2023-12-10,1,12,223,206.49216
2023-12-10,1,13,190,157.89445
2023-12-10,1,14,373,299.24487
2023-12-10,1,15,52,109.32254
2023-12-10,1,16,239,227.14746
2023-12-10,1,17,159,162.8185
2023-12-10,1,18,56,28.456812
2023-12-10,1,19,102,155.70288
2023-12-10,1,20,149,85.12052
2023-12-10,2,1,98,155.09047
2023-12-10,2,2,97,141.05261
2023-12-10,2,3,125,158.16821
2023-12-10,2,4,15,46.676186
2023-12-10,2,5,88,120.46615
2023-12-10,2,6,30,129.33702
2023-12-10,2,7,262,239.59988
2023-12-10,2,8,49,48.465034
2023-12-10,2,9,62,46.17598
2023-12-10,2,10,73,102.57062
2023-12-10,2,11,161,187.7846
2023-12-10,2,12,89,119.312874
2023-12-10,2,13,156,149.93835
2023-12-10,2,14,11,30.815016
2023-12-10,2,15,104,137.03067
2023-12-10,2,16,88,58.462566
2023-12-10,2,17,180,92.67206
2023-12-10,2,18,29,22.453478
2023-12-10,2,19,192,165.73843
2023-12-10,2,20,76,56.10012
2023-12-10,3,1,236,209.90738
2023-12-10,3,2,71,61.18249
2023-12-10,3,3,7,52.733192
2023-12-10,3,4,341,292.46872
2023-12-10,3,5,37,32.737812
2023-12-10,3,6,30,55.185364
2023-12-10,3,7,172,153.58844
2023-12-10,3,8,22,44.362923
2023-12-10,3,9,69,47.1718
2023-12-10,3,10,148,202.80437
2023-12-10,3,11,44,43.477203
2023-12-10,3,12,42,30.995052
2023-12-10,3,13,228,214.97269
2023-12-10,3,14,179,175.35869
2023-12-10,3,15,85,59.92124
2023-12-10,3,16,183,185.41336
2023-12-10,3,17,267,239.42184
2023-12-10,3,18,352,308.32462
2023-12-10,3,19,38,40.580418
2023-12-10,3,20,140,155.08961
2023-12-10,4,1,443,347.06436
2023-12-10,4,2,38,46.806145
2023-12-10,4,3,27,43.62592
2023-12-10,4,4,5,34.70997
2023-12-10,4,5,12,23.99563
2023-12-10,4,6,19,33.272797
2023-12-10,4,7,60,39.617996
2023-12-10,4,8,31,54.813175
2023-12-10,4,9,31,34.873726
2023-12-10,4,10,77,87.29766
2023-12-10,4,11,22,41.90429
2023-12-10,4,12,268,239.91415
2023-12-10,4,13,1,35.80378
2023-12-10,4,14,192,178.78757
2023-12-10,4,15,188,150.31339
2023-12-10,4,16,14,47.69879
2023-12-10,4,17,216,202.79346
2023-12-10,4,18,262,234.40106
2023-12-10,4,19,65,52.23886
2023-12-10,4,20,61,50.348236
2023-12-10,5,1,3,43.89354
2023-12-10,5,2,228,215.75291
2023-12-10,5,3,23,45.720814
2023-12-10,5,4,172,170.78264
2023-12-10,5,5,25,30.94263
2023-12-10,5,6,52,113.56157
2023-12-10,5,7,225,205.73865
2023-12-10,5,8,43,58.07347
2023-12-10,5,9,92,59.689198
2023-12-10,5,10,358,333.3539
2023-12-10,5,11,85,111.809265
2023-12-10,5,12,146,85.318954
2023-12-10,5,13,55,39.564003
2023-12-10,5,14,167,178.64874
2023-12-10,5,15,84,114.144585
2023-12-10,5,16,192,163.80376
2023-12-10,5,17,33,131.94852
2023-12-10,5,18,142,177.51581
2023-12-10,5,19,118,167.123
2023-12-10,5,20,188,162.30792
2023-12-11,1,1,143,181.64052
2023-12-11,1,2,2,45.567955
2023-12-11,1,3,19,24.059507
2023-12-11,1,4,222,210.71828
2023-12-11,1,5,7,28.480478
2023-12-11,1,6,23,27.135988
2023-12-11,1,7,206,187.66838
2023-12-11,1,8,209,191.92867
2023-12-11,1,9,141,155.27501
2023-12-11,1,10,34,132.91159
2023-12-11,1,11,31,21.245024
2023-12-11,1,12,65,42.32151
2023-12-11,1,13,320,290.10797
2023-12-11,1,14,63,65.32357
2023-12-11,1,15,123,144.85278
2023-12-11,1,16,58,52.0588
2023-12-11,1,17,147,168.53534
2023-12-11,1,18,167,181.24759
2023-12-11,1,19,90,62.036736
2023-12-11,1,20,372,318.97565
2023-12-11,2,1,114,186.61594
2023-12-11,2,2,87,136.45654
2023-12-11,2,3,12,20.431543
2023-12-11,2,4,122,168.71085
2023-12-11,2,5,55,29.69226
2023-12-11,2,6,75,44.98928
2023-12-11,2,7,4,38.67935
2023-12-11,2,8,71,44.64752
2023-12-11,2,9,24,18.39133
2023-12-11,2,10,211,196.21916
2023-12-11,2,11,51,27.179628
2023-12-11,2,12,165,160.38599
2023-12-11,2,13,74,133.36644
2023-12-11,2,14,281,256.63547
2023-12-11,2,15,122,129.54283
2023-12-11,2,16,160,166.10364
2023-12-11,2,17,121,169.04309
2023-12-11,2,18,68,79.242195
2023-12-11,2,19,10,22.65727
2023-12-11,2,20,87,138.66835
2023-12-11,3,1,77,87.13395
2023-12-11,3,2,186,159.01454
2023-12-11,3,3,315,246.94824
2023-12-11,3,4,13,46.367203
2023-12-11,3,5,72,122.575424
2023-12-11,3,6,5,22.072882
2023-12-11,3,7,131,160.92557
2023-12-11,3,8,10,32.42513
2023-12-11,3,9,260,220.04462
2023-12-11,3,10,77,66.78984
2023-12-11,3,11,19,20.641531
2023-12-11,3,12,65,116.937706
2023-12-11,3,13,165,184.21329
2023-12-11,3,14,12,31.668865
2023-12-11,3,15,5,30.260729
2023-12-11,3,16,33,28.58895
2023-12-11,3,17,407,339.07574
2023-12-11,3,18,209,197.13286
2023-12-11,3,19,262,235.661
2023-12-11,3,20,277,252.09354
2023-12-11,4,1,19,58.99274
2023-12-11,4,2,29,30.151056
2023-12-11,4,3,55,44.31801
2023-12-11,4,4,2,43.405113
2023-12-11,4,5,134,65.32436
2023-12-11,4,6,147,143.81859
2023-12-11,4,7,271,245.91957
2023-12-11,4,8,19,33.812336
2023-12-11,4,9,434,345.0546
2023-12-11,4,10,9,42.239147
2023-12-11,4,11,125,60.52731
2023-12-11,4,12,74,57.78892
2023-12-11,4,13,54,54.289135
2023-12-11,4,14,21,36.050514
2023-12-11,4,15,226,191.56633
2023-12-11,4,16,205,175.41815
2023-12-11,4,17,234,227.25217
2023-12-11,4,18,138,169.93214
2023-12-11,4,19,28,28.62813
2023-12-11,4,20,343,310.82318
2023-12-11,5,1,28,50.776695
2023-12-11,5,2,146,148.4142
2023-12-11,5,3,50,44.49472
2023-12-11,5,4,400,330.66962
2023-12-11,5,5,72,48.269268
2023-12-11,5,6,69,40.647324
2023-12-11,5,7,230,223.36372
2023-12-11,5,8,164,151.81122
2023-12-11,5,9,167,184.94084
2023-12-11,5,10,46,56.570408
2023-12-11,5,11,87,123.03883
2023-12-11,5,12,354,318.34262
2023-12-11,5,13,118,81.96794
2023-12-11,5,14,12,53.655792
2023-12-11,5,15,23,33.037273
2023-12-11,5,16,165,153.17354
2023-12-11,5,17,169,189.72272
2023-12-11,5,18,118,152.38129
2023-12-11,5,19,27,30.694096
2023-12-11,5,20,4,52.070797
2023-12-12,1,1,212,160.90755
2023-12-12,1,2,9,36.42458
2023-12-12,1,3,43,33.989567
2023-12-12,1,4,319,286.47986
2023-12-12,1,5,84,32.850338
2023-12-12,1,6,35,93.25752
2023-12-12,1,7,57,48.935257
2023-12-12,1,8,176,157.92795
2023-12-12,1,9,225,242.94997
2023-12-12,1,10,29,43.190193
2023-12-12,1,11,148,148.51816
2023-12-12,1,12,37,36.913555
2023-12-12,1,13,35,49.927864
2023-12-12,1,14,194,187.07738
2023-12-12,1,15,60,110.710754
2023-12-12,1,16,114,57.112442
2023-12-12,1,17,82,150.31847
2023-12-12,1,18,33,24.171183
2023-12-12,1,19,59,36.332138
2023-12-12,1,20,75,81.57693
2023-12-12,2,1,168,146.03526
2023-12-12,2,2,162,85.8667
2023-12-12,2,3,441,340.89084
2023-12-12,2,4,61,62.881985
2023-12-12,2,5,160,144.81873
2023-12-12,2,6,221,195.61192
2023-12-12,2,7,55,140.46017
2023-12-12,2,8,13,37.189823
2023-12-12,2,9,105,87.49382
2023-12-12,2,10,133,127.98827
2023-12-12,2,11,66,17.876995
2023-12-12,2,12,8,35.661575
2023-12-12,2,13,1,39.434666
2023-12-12,2,14,255,241.91985
2023-12-12,2,15,63,43.81979
2023-12-12,2,16,121,142.06453
2023-12-12,2,17,266,258.64352
2023-12-12,2,18,223,186.23375
2023-12-12,2,19,250,227.40576
2023-12-12,2,20,79,77.89195
2023-12-12,3,1,38,22.328913
2023-12-12,3,2,82,49.136017
2023-12-12,3,3,115,181.1198
2023-12-12,3,4,154,192.12604
2023-12-12,3,5,40,21.864674
2023-12-12,3,6,53,107.16303
2023-12-12,3,7,215,182.37836
2023-12-12,3,8,281,242.61858
2023-12-12,3,9,239,238.12251
2023-12-12,3,10,378,340.14572
2023-12-12,3,11,281,234.49776
2023-12-12,3,12,25,46.189137
2023-12-12,3,13,98,72.41009
2023-12-12,3,14,42,48.295135
2023-12-12,3,15,151,158.82648
2023-12-12,3,16,86,48.13033
2023-12-12,3,17,354,324.44928
2023-12-12,3,18,405,339.71115
2023-12-12,3,19,1,37.749084
2023-12-12,3,20,57,49.55938
2023-12-12,4,1,133,138.88507
2023-12-12,4,2,358,315.2122
2023-12-12,4,3,212,210.41614
2023-12-12,4,4,1,57.896378
2023-12-12,4,5,51,27.88144
2023-12-12,4,6,63,36.840595
2023-12-12,4,7,52,51.660984
2023-12-12,4,8,129,155.90971
2023-12-12,4,9,172,123.761856
2023-12-12,4,10,23,45.357258
2023-12-12,4,11,213,176.26654
2023-12-12,4,12,218,206.77788
2023-12-12,4,13,145,151.33998
2023-12-12,4,14,43,114.45951
2023-12-12,4,15,198,170.37186
2023-12-12,4,16,364,308.99832
2023-12-12,4,17,52,55.805218
2023-12-12,4,18,69,61.70582
2023-12-12,4,19,66,49.461685
2023-12-12,4,20,182,187.25455
2023-12-12,5,1,234,209.6185
2023-12-12,5,2,104,68.494774
2023-12-12,5,3,105,92.91872
2023-12-12,5,4,192,191.6949
2023-12-12,5,5,157,143.80148
2023-12-12,5,6,105,141.78711
2023-12-12,5,7,177,179.75758
2023-12-12,5,8,294,264.0774
2023-12-12,5,9,4,58.63031
2023-12-12,5,10,191,181.93204
2023-12-12,5,11,187,167.28629
2023-12-12,5,12,116,162.07713
2023-12-12,5,13,291,259.52332
2023-12-12,5,14,364,314.16647
2023-12-12,5,15,11,38.088985
2023-12-12,5,16,60,37.723633
2023-12-12,5,17,71,68.9559
2023-12-12,5,18,49,50.4888
2023-12-12,5,19,193,185.62895
2023-12-12,5,20,447,344.67694
2023-12-13,1,1,65,34.879536
2023-12-13,1,2,271,257.31714
2023-12-13,1,3,153,191.94795
2023-12-13,1,4,50,66.944626
2023-12-13,1,5,190,73.59947
2023-12-13,1,6,19,23.856045
2023-12-13,1,7,40,39.679073
2023-12-13,1,8,300,269.8702
2023-12-13,1,9,318,303.69452
2023-12-13,1,10,253,251.5901
2023-12-13,1,11,30,121.76177
2023-12-13,1,12,218,219.28914
2023-12-13,1,13,65,46.10545
2023-12-13,1,14,91,130.89702
2023-12-13,1,15,301,259.61777
2023-12-13,1,16,450,372.88672
2023-12-13,1,17,13,47.573833
2023-12-13,1,18,62,139.22339
2023-12-13,1,19,8,35.38968
2023-12-13,1,20,325,301.0464
2023-12-13,2,1,153,161.06819
2023-12-13,2,2,145,185.55592
2023-12-13,2,3,103,97.781006
2023-12-13,2,4,16,45.62749
2023-12-13,2,5,122,67.20866
2023-12-13,2,6,41,28.807785
2023-12-13,2,7,244,221.28249
2023-12-13,2,8,13,39.73398
2023-12-13,2,9,13,40.820385
2023-12-13,2,10,151,104.575714
2023-12-13,2,11,101,83.65337
2023-12-13,2,12,97,82.27915
2023-12-13,2,13,26,53.47517
2023-12-13,2,14,42,64.6376
2023-12-13,2,15,11,38.351326
2023-12-13,2,16,130,99.369095
2023-12-13,2,17,41,54.229847
2023-12-13,2,18,306,276.2736
2023-12-13,2,19,47,40.845474
2023-12-13,2,20,74,61.695534
2023-12-13,3,1,184,169.52684
2023-12-13,3,2,154,188.6794
2023-12-13,3,3,10,58.862873
2023-12-13,3,4,177,155.76704
2023-12-13,3,5,34,29.888273
2023-12-13,3,6,25,25.44981
2023-12-13,3,7,170,166.95781
2023-12-13,3,8,164,187.52002
2023-12-13,3,9,206,186.68152
2023-12-13,3,10,402,361.2334
2023-12-13,3,11,120,162.09549
2023-12-13,3,12,33,31.819508
2023-12-13,3,13,402,351.3724
2023-12-13,3,14,21,53.479202
2023-12-13,3,15,45,40.603825
2023-12-13,3,16,250,255.81314
2023-12-13,3,17,79,82.470276
2023-12-13,3,18,167,186.36873
2023-12-13,3,19,188,175.81459
2023-12-13,3,20,98,191.8535
2023-12-13,4,1,199,168.6565
2023-12-13,4,2,221,216.3565
2023-12-13,4,3,21,36.33314
2023-12-13,4,4,246,221.95125
2023-12-13,4,5,412,330.31332
2023-12-13,4,6,361,306.48087
2023-12-13,4,7,31,37.185486
2023-12-13,4,8,42,53.517097
2023-12-13,4,9,222,219.82915
2023-12-13,4,10,304,280.66983
2023-12-13,4,11,50,35.094738
2023-12-13,4,12,66,46.669933
2023-12-13,4,13,200,207.55417
2023-12-13,4,14,333,300.35
2023-12-13,4,15,81,67.06202
2023-12-13,4,16,107,183.77696
2023-12-13,4,17,152,163.25598
2023-12-13,4,18,174,187.82663
2023-12-13,4,19,94,124.33567
2023-12-13,4,20,274,264.3189
2023-12-13,5,1,333,299.3151
2023-12-13,5,2,124,168.62817
2023-12-13,5,3,204,165.60486
2023-12-13,5,4,27,37.0359
2023-12-13,5,5,28,118.73033
2023-12-13,5,6,136,141.04807
2023-12-13,5,7,126,74.769135
2023-12-13,5,8,226,219.59741
2023-12-13,5,9,42,51.426205
2023-12-13,5,10,372,328.96652
2023-12-13,5,11,54,40.145916
2023-12-13,5,12,203,179.19403
2023-12-13,5,13,297,288.13382
2023-12-13,5,14,152,170.82149
2023-12-13,5,15,212,192.75871
2023-12-13,5,16,156,200.83911
2023-12-13,5,17,290,251.26108
2023-12-13,5,18,60,123.11463
2023-12-13,5,19,65,46.004623
2023-12-13,5,20,12,66.87099
2023-12-14,1,1,49,28.641785
2023-12-14,1,2,50,32.502346
2023-12-14,1,3,93,43.023823
2023-12-14,1,4,28,119.169014
2023-12-14,1,5,186,197.1244
2023-12-14,1,6,257,244.06584
2023-12-14,1,7,392,336.7503
2023-12-14,1,8,175,179.11322
2023-12-14,1,9,248,237.63731
2023-12-14,1,10,268,243.13828
2023-12-14,1,11,157,143.8189
2023-12-14,1,12,89,133.34833
2023-12-14,1,13,1,47.576714
2023-12-14,1,14,202,201.18646
2023-12-14,1,15,88,57.61789
2023-12-14,1,16,54,59.59997
2023-12-14,1,17,98,155.6213
2023-12-14,1,18,130,153.74539
2023-12-14,1,19,167,148.59354
2023-12-14,1,20,212,218.81749
2023-12-14,2,1,298,254.80148
2023-12-14,2,2,19,113.15949
2023-12-14,2,3,9,27.778782
2023-12-14,2,4,176,159.24316
2023-12-14,2,5,140,174.01062
2023-12-14,2,6,85,151.25433
2023-12-14,2,7,255,248.15729
2023-12-14,2,8,9,42.20307
2023-12-14,2,9,138,87.5999
2023-12-14,2,10,15,53.652145
2023-12-14,2,11,364,317.59647
2023-12-14,2,12,11,37.187584
2023-12-14,2,13,100,181.82011
2023-12-14,2,14,88,61.27351
2023-12-14,2,15,67,64.36982
2023-12-14,2,16,453,354.62958
2023-12-14,2,17,262,243.30424
2023-12-14,2,18,402,341.00073
2023-12-14,2,19,180,148.1568
2023-12-14,2,20,0,46.95018
2023-12-14,3,1,105,174.9614
2023-12-14,3,2,90,120.0452
2023-12-14,3,3,59,41.849266
2023-12-14,3,4,240,209.66574
2023-12-14,3,5,225,242.27147
2023-12-14,3,6,79,76.34894
2023-12-14,3,7,57,157.48753
2023-12-14,3,8,102,151.36497
2023-12-14,3,9,217,216.11905
2023-12-14,3,10,103,104.94345
2023-12-14,3,11,324,294.35132
2023-12-14,3,12,276,231.73637
2023-12-14,3,13,151,199.55511
2023-12-14,3,14,124,83.24727
2023-12-14,3,15,222,204.21558
2023-12-14,3,16,49,39.721962
2023-12-14,3,17,83,149.44116
2023-12-14,3,18,31,124.35633
2023-12-14,3,19,66,43.39432
2023-12-14,3,20,161,169.72208
2023-12-14,4,1,224,223.57722
2023-12-14,4,2,261,242.34352
2023-12-14,4,3,63,104.430595
2023-12-14,4,4,39,41.776398
2023-12-14,4,5,138,98.237015
2023-12-14,4,6,127,156.07773
2023-12-14,4,7,67,160.36705
2023-12-14,4,8,108,147.85034
2023-12-14,4,9,236,224.52086
2023-12-14,4,10,311,306.8215
2023-12-14,4,11,349,310.439
2023-12-14,4,12,169,162.50935
2023-12-14,4,13,82,72.17395
2023-12-14,4,14,107,159.82051
2023-12-14,4,15,202,171.25616
2023-12-14,4,16,229,237.28278
2023-12-14,4,17,313,281.3164
2023-12-14,4,18,21,47.129906
2023-12-14,4,19,78,49.165543
2023-12-14,4,20,39,45.52416
2023-12-14,5,1,51,57.864265
2023-12-14,5,2,362,322.07495
2023-12-14,5,3,199,175.48387
2023-12-14,5,4,91,144.57445
2023-12-14,5,5,116,84.928314
2023-12-14,5,6,168,187.14143
2023-12-14,5,7,44,50.93571
2023-12-14,5,8,86,122.68676
2023-12-14,5,9,337,309.53366
2023-12-14,5,10,311,301.37195
2023-12-14,5,11,66,66.03259
2023-12-14,5,12,320,310.50885
2023-12-14,5,13,494,362.40576
2023-12-14,5,14,441,357.37387
2023-12-14,5,15,24,34.45206
2023-12-14,5,16,173,191.58339
2023-12-14,5,17,78,150.18515
2023-12-14,5,18,24,57.192806
2023-12-14,5,19,22,37.709354
2023-12-14,5,20,80,143.62189
2023-12-15,1,1,162,93.91514
2023-12-15,1,2,121,153.65184
2023-12-15,1,3,131,59.502792
2023-12-15,1,4,15,30.936445
2023-12-15,1,5,187,160.56883
2023-12-15,1,6,43,35.346756
2023-12-15,1,7,141,197.06387
2023-12-15,1,8,54,33.274685
2023-12-15,1,9,123,95.886314
2023-12-15,1,10,105,94.96999
2023-12-15,1,11,70,82.2697
2023-12-15,1,12,112,68.15965
2023-12-15,1,13,123,92.91924
2023-12-15,1,14,194,203.36113
2023-12-15,1,15,15,37.583282
2023-12-15,1,16,183,196.14172
2023-12-15,1,17,41,44.99988
2023-12-15,1,18,105,85.16935
2023-12-15,1,19,288,253.91035
2023-12-15,1,20,35,32.438866
2023-12-15,2,1,255,247.50401
2023-12-15,2,2,23,46.569622
2023-12-15,2,3,175,151.97723
2023-12-15,2,4,85,50.005886
2023-12-15,2,5,109,148.72475
2023-12-15,2,6,66,37.267178
2023-12-15,2,7,279,268.08334
2023-12-15,2,8,183,159.26253
2023-12-15,2,9,239,219.57765
2023-12-15,2,10,161,179.96565
2023-12-15,2,11,40,66.2711
2023-12-15,2,12,383,342.8196
2023-12-15,2,13,93,81.74519
2023-12-15,2,14,277,252.07883
2023-12-15,2,15,40,35.846058
2023-12-15,2,16,302,274.67853
2023-12-15,2,17,8,38.484592
2023-12-15,2,18,6,46.90236
2023-12-15,2,19,126,141.97304
2023-12-15,2,20,209,173.60681
2023-12-15,3,1,100,85.98976
2023-12-15,3,2,291,282.42023
2023-12-15,3,3,62,38.41932
2023-12-15,3,4,34,36.406693
2023-12-15,3,5,30,109.1432
2023-12-15,3,6,83,124.42702
2023-12-15,3,7,15,34.87247
2023-12-15,3,8,61,37.368877
2023-12-15,3,9,210,192.26065
2023-12-15,3,10,54,64.15843
2023-12-15,3,11,224,240.02321
2023-12-15,3,12,149,183.28067
2023-12-15,3,13,239,250.12978
2023-12-15,3,14,403,351.70013
2023-12-15,3,15,149,160.39177
2023-12-15,3,16,141,189.82811
2023-12-15,3,17,123,155.74599
2023-12-15,3,18,245,243.1427
2023-12-15,3,19,119,73.16712
2023-12-15,3,20,145,89.01829
2023-12-15,4,1,46,31.927322
2023-12-15,4,2,61,50.171753
2023-12-15,4,3,21,103.51315
2023-12-15,4,4,175,144.60757
2023-12-15,4,5,193,188.55171
2023-12-15,4,6,48,25.524035
2023-12-15,4,7,117,147.03287
2023-12-15,4,8,61,27.592552
2023-12-15,4,9,16,54.48928
2023-12-15,4,10,81,75.27904
2023-12-15,4,11,51,52.59726
2023-12-15,4,12,126,98.818535
2023-12-15,4,13,279,267.25488
2023-12-15,4,14,54,151.47383
2023-12-15,4,15,214,187.31285
2023-12-15,4,16,138,73.972336
2023-12-15,4,17,18,35.814053
2023-12-15,4,18,31,34.742065
2023-12-15,4,19,101,151.67357
2023-12-15,4,20,272,245.5327
2023-12-15,5,1,91,140.3847
2023-12-15,5,2,363,327.54388
2023-12-15,5,3,35,16.951752
2023-12-15,5,4,311,262.20782
2023-12-15,5,5,315,260.45166
2023-12-15,5,6,222,199.79504
2023-12-15,5,7,224,209.98027
2023-12-15,5,8,134,136.30914
2023-12-15,5,9,175,105.781456
2023-12-15,5,10,22,52.34459
2023-12-15,5,11,158,183.30573
2023-12-15,5,12,194,210.31299
2023-12-15,5,13,66,66.5183
2023-12-15,5,14,76,162.20045
2023-12-15,5,15,254,243.531
2023-12-15,5,16,191,165.76155
2023-12-15,5,17,41,110.96578
2023-12-15,5,18,349,287.50308
2023-12-15,5,19,272,241.43481
2023-12-15,5,20,280,254.47214
2023-12-16,1,1,119,69.81591
2023-12-16,1,2,11,56.814327
2023-12-16,1,3,200,174.61702
2023-12-16,1,4,72,122.01753
2023-12-16,1,5,46,32.64683
2023-12-16,1,6,357,308.8982
2023-12-16,1,7,267,249.92867
2023-12-16,1,8,164,148.64308
2023-12-16,1,9,152,176.17747
2023-12-16,1,10,55,53.4679
2023-12-16,1,11,176,151.92331
2023-12-16,1,12,296,282.52844
2023-12-16,1,13,75,83.04986
2023-12-16,1,14,51,80.96247
2023-12-16,1,15,246,221.45169
2023-12-16,1,16,221,216.57706
2023-12-16,1,17,105,135.65047
2023-12-16,1,18,103,74.53457
2023-12-16,1,19,87,55.69134
2023-12-16,1,20,179,163.25043
2023-12-16,2,1,163,87.415924
2023-12-16,2,2,106,91.949425
2023-12-16,2,3,106,142.59602
2023-12-16,2,4,75,57.62883
2023-12-16,2,5,310,264.22775
2023-12-16,2,6,59,36.209286
2023-12-16,2,7,2,42.610325
2023-12-16,2,8,55,40.58845
2023-12-16,2,9,57,41.257782
2023-12-16,2,10,52,40.108795
2023-12-16,2,11,225,192.72334
2023-12-16,2,12,47,41.873844
2023-12-16,2,13,308,269.30518
2023-12-16,2,14,103,173.0042
2023-12-16,2,15,254,240.49738
2023-12-16,2,16,214,179.11981
2023-12-16,2,17,2,17.073212
2023-12-16,2,18,54,49.427055
2023-12-16,2,19,19,42.4765
2023-12-16,2,20,109,169.71082
2023-12-16,3,1,16,28.423338
2023-12-16,3,2,53,57.894283
2023-12-16,3,3,268,232.9822
2023-12-16,3,4,66,48.78963
2023-12-16,3,5,77,54.8454
2023-12-16,3,6,189,180.54495
2023-12-16,3,7,102,90.90407
2023-12-16,3,8,205,180.41809
2023-12-16,3,9,250,234.95778
2023-12-16,3,10,215,175.98251
2023-12-16,3,11,309,270.4092
2023-12-16,3,12,27,62.979713
2023-12-16,3,13,212,197.09894
2023-12-16,3,14,300,264.02524
2023-12-16,3,15,10,47.688026
2023-12-16,3,16,20,53.57986
2023-12-16,3,17,3,26.169216
2023-12-16,3,18,242,231.5839
2023-12-16,3,19,130,141.60773
2023-12-16,3,20,271,236.30348
2023-12-16,4,1,49,24.307716
2023-12-16,4,2,103,96.625275
2023-12-16,4,3,64,108.09053
2023-12-16,4,4,164,163.29391
2023-12-16,4,5,49,52.51723
2023-12-16,4,6,161,188.08945
2023-12-16,4,7,353,325.6791
2023-12-16,4,8,243,207.38443
2023-12-16,4,9,108,78.87034
2023-12-16,4,10,94,41.235794
2023-12-16,4,11,196,183.30537
2023-12-16,4,12,51,51.916534
2023-12-16,4,13,66,49.31847
2023-12-16,4,14,21,53.312748
2023-12-16,4,15,124,168.74442
2023-12-16,4,16,283,247.35448
2023-12-16,4,17,135,129.55658
2023-12-16,4,18,162,186.15213
2023-12-16,4,19,51,35.37697
2023-12-16,4,20,224,201.201
2023-12-16,5,1,24,21.244797
2023-12-16,5,2,300,268.48175
2023-12-16,5,3,15,30.367256
2023-12-16,5,4,33,36.89535
2023-12-16,5,5,206,197.99966
2023-12-16,5,6,74,67.19129
2023-12-16,5,7,95,148.94766
2023-12-16,5,8,184,161.86893
2023-12-16,5,9,118,141.40137
2023-12-16,5,10,32,32.33033
2023-12-16,5,11,200,196.91592
2023-12-16,5,12,341,303.1155
2023-12-16,5,13,80,59.73505
2023-12-16,5,14,101,80.36911
2023-12-16,5,15,262,243.00662
2023-12-16,5,16,162,96.240204
2023-12-16,5,17,9,23.89577
2023-12-16,5,18,251,243.89319
2023-12-16,5,19,13,41.12501
2023-12-16,5,20,3,57.665966
2023-12-17,1,1,55,34.28483
2023-12-17,1,2,116,176.46107
2023-12-17,1,3,302,262.94122
2023-12-17,1,4,67,65.28068
2023-12-17,1,5,289,293.48404
2023-12-17,1,6,44,127.71703
2023-12-17,1,7,349,315.32553
2023-12-17,1,8,31,32.128674
2023-12-17,1,9,216,208.47083
2023-12-17,1,10,11,90.61782
2023-12-17,1,11,188,151.30782
2023-12-17,1,12,235,228.33983
2023-12-17,1,13,119,80.24719
2023-12-17,1,14,186,96.668144
2023-12-17,1,15,194,197.00027
2023-12-17,1,16,46,135.84642
2023-12-17,1,17,285,258.5293
2023-12-17,1,18,4,43.349964
2023-12-17,1,19,283,238.49553
2023-12-17,1,20,124,166.70386
2023-12-17,2,1,261,226.49773
2023-12-17,2,2,47,111.26638
2023-12-17,2,3,146,176.62148
2023-12-17,2,4,199,166.30855
2023-12-17,2,5,71,52.16291
2023-12-17,2,6,111,167.09569
2023-12-17,2,7,2,46.014088
2023-12-17,2,8,40,110.54335
2023-12-17,2,9,370,322.06796
2023-12-17,2,10,34,30.770885
2023-12-17,2,11,91,64.80139
2023-12-17,2,12,22,60.207306
2023-12-17,2,13,68,136.89618
2023-12-17,2,14,36,47.229053
2023-12-17,2,15,261,250.12251
2023-12-17,2,16,304,269.25443
2023-12-17,2,17,69,52.86908
2023-12-17,2,18,130,162.54253
2023-12-17,2,19,153,150.60081
2023-12-17,2,20,334,293.61694
2023-12-17,3,1,97,149.62514
2023-12-17,3,2,294,269.28036
2023-12-17,3,3,79,65.10226
2023-12-17,3,4,125,67.669624
2023-12-17,3,5,199,199.7874
2023-12-17,3,6,80,35.038162
2023-12-17,3,7,102,172.18791
2023-12-17,3,8,450,345.66275
2023-12-17,3,9,40,38.415386
2023-12-17,3,10,172,153.45839
2023-12-17,3,11,13,47.54565
2023-12-17,3,12,8,49.380672
2023-12-17,3,13,158,177.2234
2023-12-17,3,14,199,196.70549
2023-12-17,3,15,333,306.64587
2023-12-17,3,16,49,45.938828
2023-12-17,3,17,65,127.86853
2023-12-17,3,18,485,340.08398
2023-12-17,3,19,473,337.2355
2023-12-17,3,20,146,88.28002
2023-12-17,4,1,171,95.523026
2023-12-17,4,2,31,41.749428
2023-12-17,4,3,31,36.927143
2023-12-17,4,4,61,38.25174
2023-12-17,4,5,159,160.08852
2023-12-17,4,6,35,21.848837
2023-12-17,4,7,79,73.27705
2023-12-17,4,8,148,90.31955
2023-12-17,4,9,362,334.01294
2023-12-17,4,10,58,36.8824
2023-12-17,4,11,46,49.824577
2023-12-17,4,12,28,53.98331
2023-12-17,4,13,105,137.27293
2023-12-17,4,14,57,59.05779
2023-12-17,4,15,165,97.9028
2023-12-17,4,16,28,135.04268
2023-12-17,4,17,322,303.82568
2023-12-17,4,18,25,49.59401
2023-12-17,4,19,211,208.98045
2023-12-17,4,20,391,347.05377
2023-12-17,5,1,48,115.48256
2023-12-17,5,2,56,54.88976
2023-12-17,5,3,324,299.878
2023-12-17,5,4,95,49.039093
2023-12-17,5,5,104,161.96867
2023-12-17,5,6,85,117.13215
2023-12-17,5,7,163,208.15245
2023-12-17,5,8,35,60.31252
2023-12-17,5,9,41,53.77015
2023-12-17,5,10,29,24.72351
2023-12-17,5,11,21,39.51058
2023-12-17,5,12,158,177.5725
2023-12-17,5,13,183,143.87396
2023-12-17,5,14,220,207.36195
2023-12-17,5,15,221,206.36504
2023-12-17,5,16,225,231.20526
2023-12-17,5,17,142,179.41554
2023-12-17,5,18,98,187.5011
2023-12-17,5,19,247,253.8054
2023-12-17,5,20,165,93.91116
2023-12-18,1,1,84,117.46813
2023-12-18,1,2,78,68.360855
2023-12-18,1,3,6,40.515804
2023-12-18,1,4,177,155.9355
2023-12-18,1,5,176,162.26129
2023-12-18,1,6,40,19.868689
2023-12-18,1,7,66,126.121765
2023-12-18,1,8,111,170.43352
2023-12-18,1,9,95,95.94827
2023-12-18,1,10,185,76.38067
2023-12-18,1,11,199,166.90689
2023-12-18,1,12,71,151.64105
2023-12-18,1,13,102,77.0284
2023-12-18,1,14,133,69.67456
2023-12-18,1,15,194,190.50044
2023-12-18,1,16,284,242.52986
2023-12-18,1,17,156,177.75406
2023-12-18,1,18,244,261.79495
2023-12-18,1,19,27,63.481102
2023-12-18,1,20,37,144.91234
2023-12-18,2,1,55,36.722607
2023-12-18,2,2,59,45.182327
2023-12-18,2,3,6,48.820236
2023-12-18,2,4,316,265.1025
2023-12-18,2,5,139,174.0224
2023-12-18,2,6,141,76.17959
2023-12-18,2,7,100,160.23714
2023-12-18,2,8,119,176.23927
2023-12-18,2,9,297,283.23456
2023-12-18,2,10,200,174.4695
2023-12-18,2,11,42,21.919847
2023-12-18,2,12,66,53.535915
2023-12-18,2,13,216,189.98558
2023-12-18,2,14,21,31.446156
2023-12-18,2,15,109,67.6611
2023-12-18,2,16,46,49.344814
2023-12-18,2,17,95,69.17347
2023-12-18,2,18,284,274.27792
2023-12-18,2,19,75,152.54794
2023-12-18,2,20,73,71.35869
2023-12-18,3,1,1,39.702377
2023-12-18,3,2,80,61.41501
2023-12-18,3,3,69,67.88653
2023-12-18,3,4,116,151.31883
2023-12-18,3,5,257,246.75505
2023-12-18,3,6,4,20.311949
2023-12-18,3,7,50,20.87176
2023-12-18,3,8,293,274.94098
2023-12-18,3,9,272,277.86523
2023-12-18,3,10,180,166.88295
2023-12-18,3,11,193,170.93088
2023-12-18,3,12,8,23.879675
2023-12-18,3,13,152,147.64554
2023-12-18,3,14,6,45.235264
2023-12-18,3,15,260,236.5001
2023-12-18,3,16,41,49.979626
2023-12-18,3,17,113,168.81406
2023-12-18,3,18,138,160.23358
2023-12-18,3,19,209,214.6845
2023-12-18,3,20,97,108.74499
2023-12-18,4,1,284,226.18118
2023-12-18,4,2,103,68.82755
2023-12-18,4,3,248,232.71576
2023-12-18,4,4,63,44.613976
2023-12-18,4,5,353,311.1563
2023-12-18,4,6,12,26.565952
2023-12-18,4,7,193,163.23106
2023-12-18,4,8,158,107.73889
2023-12-18,4,9,74,66.792694
2023-12-18,4,10,217,204.71451
2023-12-18,4,11,285,267.92615
2023-12-18,4,12,176,145.4919
2023-12-18,4,13,53,30.052357
2023-12-18,4,14,210,172.3024
2023-12-18,4,15,57,68.04947
2023-12-18,4,16,3,45.267036
2023-12-18,4,17,68,59.648445
2023-12-18,4,18,12,67.53373
2023-12-18,4,19,57,78.20537
2023-12-18,4,20,14,67.95543
2023-12-18,5,1,143,167.83922
2023-12-18,5,2,445,330.74658
2023-12-18,5,3,29,125.42524
2023-12-18,5,4,343,305.49484
2023-12-18,5,5,152,162.69835
2023-12-18,5,6,256,224.829
2023-12-18,5,7,6,29.42925
2023-12-18,5,8,145,92.58199
2023-12-18,5,9,35,55.299633
2023-12-18,5,10,220,216.30086
2023-12-18,5,11,8,43.150043
2023-12-18,5,12,126,143.8663
2023-12-18,5,13,191,174.7266
2023-12-18,5,14,167,170.37521
2023-12-18,5,15,6,40.46307
2023-12-18,5,16,230,212.58508
2023-12-18,5,17,288,250.71524
2023-12-18,5,18,54,53.41999
2023-12-18,5,19,271,236.3752
2023-12-18,5,20,113,166.07065
2023-12-19,1,1,242,211.8624
2023-12-19,1,2,80,135.70258
2023-12-19,1,3,75,141.12688
2023-12-19,1,4,27,40.018135
2023-12-19,1,5,18,53.72499
2023-12-19,1,6,139,146.74463
2023-12-19,1,7,13,42.02813
2023-12-19,1,8,9,44.80111
2023-12-19,1,9,291,264.4771
2023-12-19,1,10,73,61.208855
2023-12-19,1,11,38,35.854927
2023-12-19,1,12,51,39.230053
2023-12-19,1,13,24,25.477594
2023-12-19,1,14,375,351.87738
2023-12-19,1,15,48,34.923573
2023-12-19,1,16,105,164.36784
2023-12-19,1,17,34,17.352686
2023-12-19,1,18,50,45.826576
2023-12-19,1,19,9,35.11634
2023-12-19,1,20,82,116.3498
2023-12-19,2,1,110,162.2372
2023-12-19,2,2,21,43.346207
2023-12-19,2,3,145,158.70406
2023-12-19,2,4,105,91.565155
2023-12-19,2,5,294,262.54245
2023-12-19,2,6,106,73.261154
2023-12-19,2,7,141,83.75533
2023-12-19,2,8,29,47.41799
2023-12-19,2,9,139,90.64342
2023-12-19,2,10,2,35.099205
2023-12-19,2,11,90,137.92029
2023-12-19,2,12,26,19.32345
2023-12-19,2,13,56,114.63699
2023-12-19,2,14,295,250.62062
2023-12-19,2,15,81,133.8517
2023-12-19,2,16,114,78.31224
2023-12-19,2,17,182,159.05417
2023-12-19,2,18,157,167.34
2023-12-19,2,19,337,290.2285
2023-12-19,2,20,29,93.75118
2023-12-19,3,1,275,246.55087
2023-12-19,3,2,18,48.450806
2023-12-19,3,3,122,137.28113
2023-12-19,3,4,237,225.26605
2023-12-19,3,5,64,66.311295
2023-12-19,3,6,112,81.56396
2023-12-19,3,7,114,148.20259
2023-12-19,3,8,134,155.82672
2023-12-19,3,9,163,185.19318
2023-12-19,3,10,3,41.428688
2023-12-19,3,11,82,65.58478
2023-12-19,3,12,125,132.6443
2023-12-19,3,13,124,151.25786
2023-12-19,3,14,153,183.22565
2023-12-19,3,15,217,201.77832
2023-12-19,3,16,88,46.537113
2023-12-19,3,17,152,167.39317
2023-12-19,3,18,114,155.06708
2023-12-19,3,19,123,170.56085
2023-12-19,3,20,274,223.9981
2023-12-19,4,1,40,36.02829
2023-12-19,4,2,363,325.4926
2023-12-19,4,3,73,131.64363
2023-12-19,4,4,40,42.51753
2023-12-19,4,5,99,103.476074
2023-12-19,4,6,68,55.430378
2023-12-19,4,7,62,38.148506
2023-12-19,4,8,166,94.28658
2023-12-19,4,9,245,228.09064
2023-12-19,4,10,91,136.55276
2023-12-19,4,11,247,224.8764
2023-12-19,4,12,59,43.176033
2023-12-19,4,13,22,25.775545
2023-12-19,4,14,191,190.88562
2023-12-19,4,15,222,218.99664
2023-12-19,4,16,47,33.97261
2023-12-19,4,17,80,131.98073
2023-12-19,4,18,265,227.77637
2023-12-19,4,19,36,132.7702
2023-12-19,4,20,165,169.49248
2023-12-19,5,1,22,55.80787
2023-12-19,5,2,23,53.61745
2023-12-19,5,3,4,36.5905
2023-12-19,5,4,237,218.44447
2023-12-19,5,5,57,60.035717
2023-12-19,5,6,104,136.63092
2023-12-19,5,7,95,126.431755
2023-12-19,5,8,77,46.183945
2023-12-19,5,9,26,48.92733
2023-12-19,5,10,145,169.69307
2023-12-19,5,11,28,51.334827
2023-12-19,5,12,63,33.31833
2023-12-19,5,13,317,281.24304
2023-12-19,5,14,268,238.49014
2023-12-19,5,15,147,145.19643
2023-12-19,5,16,91,48.994637
2023-12-19,5,17,114,143.82057
2023-12-19,5,18,29,33.60272
2023-12-19,5,19,139,99.27836
2023-12-19,5,20,253,242.25041
2023-12-20,1,1,136,84.45558
2023-12-20,1,2,139,109.43304
2023-12-20,1,3,62,35.089344
2023-12-20,1,4,226,213.46347
2023-12-20,1,5,347,307.55624
2023-12-20,1,6,186,147.62193
2023-12-20,1,7,371,303.8716
2023-12-20,1,8,240,206.72002
2023-12-20,1,9,271,249.62346
2023-12-20,1,10,202,174.4475
2023-12-20,1,11,40,30.78209
2023-12-20,1,12,44,26.336817
2023-12-20,1,13,33,31.799126
2023-12-20,1,14,349,309.43387
2023-12-20,1,15,402,336.0636
2023-12-20,1,16,281,225.7778
2023-12-20,1,17,124,153.39069
2023-12-20,1,18,63,34.332253
2023-12-20,1,19,340,314.74216
2023-12-20,1,20,21,41.744465
2023-12-20,2,1,1,44.158955
2023-12-20,2,2,125,157.02838
2023-12-20,2,3,255,221.31209
2023-12-20,2,4,163,176.63432
2023-12-20,2,5,12,30.095606
2023-12-20,2,6,75,120.36406
2023-12-20,2,7,290,265.1056
2023-12-20,2,8,99,61.206345
2023-12-20,2,9,356,303.17218
2023-12-20,2,10,245,225.94037
2023-12-20,2,11,204,181.25925
2023-12-20,2,12,80,44.777576
2023-12-20,2,13,12,44.624344
2023-12-20,2,14,315,263.6939
2023-12-20,2,15,322,306.4142
2023-12-20,2,16,14,31.913326
2023-12-20,2,17,223,190.24341
2023-12-20,2,18,360,322.64932
2023-12-20,2,19,228,232.0503
2023-12-20,2,20,106,79.40234
2023-12-20,3,1,65,54.813713
2023-12-20,3,2,321,308.92468
2023-12-20,3,3,80,49.49142
2023-12-20,3,4,27,45.106056
2023-12-20,3,5,34,69.657486
2023-12-20,3,6,24,15.658893
2023-12-20,3,7,55,53.03786
2023-12-20,3,8,243,231.88194
2023-12-20,3,9,262,244.06624
2023-12-20,3,10,167,164.67546
2023-12-20,3,11,93,129.10387
2023-12-20,3,12,4,20.110153
2023-12-20,3,13,31,51.294758
2023-12-20,3,14,96,64.204094
2023-12-20,3,15,32,48.672966
2023-12-20,3,16,99,146.5468
2023-12-20,3,17,144,162.98994
2023-12-20,3,18,239,212.76456
2023-12-20,3,19,110,176.64348
2023-12-20,3,20,205,197.91525
2023-12-20,4,1,3,40.245567
2023-12-20,4,2,1,48.786125
2023-12-20,4,3,415,348.89777
2023-12-20,4,4,152,182.77744
2023-12-20,4,5,232,204.68512
2023-12-20,4,6,168,150.78938
2023-12-20,4,7,96,152.63187
2023-12-20,4,8,92,129.49171
2023-12-20,4,9,32,62.858917
2023-12-20,4,10,205,194.47316
2023-12-20,4,11,100,79.51177
2023-12-20,4,12,10,19.166105
2023-12-20,4,13,242,220.2459
2023-12-20,4,14,146,190.37326
2023-12-20,4,15,84,81.39232
2023-12-20,4,16,56,46.177128
2023-12-20,4,17,173,152.86021
2023-12-20,4,18,34,48.953148
2023-12-20,4,19,73,60.364464
2023-12-20,4,20,369,316.73438
2023-12-20,5,1,128,143.78592
2023-12-20,5,2,336,313.29547
2023-12-20,5,3,61,53.76166
2023-12-20,5,4,119,168.36475
2023-12-20,5,5,102,83.07902
2023-12-20,5,6,252,224.80388
2023-12-20,5,7,300,285.53418
2023-12-20,5,8,23,29.426956
2023-12-20,5,9,33,54.38436
2023-12-20,5,10,204,173.73038
2023-12-20,5,11,97,67.08198
2023-12-20,5,12,118,132.0846
2023-12-20,5,13,35,55.66894
2023-12-20,5,14,13,62.84302
2023-12-20,5,15,135,183.31549
2023-12-20,5,16,252,236.38113
2023-12-20,5,17,97,146.4955
2023-12-20,5,18,97,181.0233
2023-12-20,5,19,96,153.04317
2023-12-20,5,20,91,148.28133
2023-12-21,1,1,174,164.1819
2023-12-21,1,2,242,225.76262
2023-12-21,1,3,37,67.61143
2023-12-21,1,4,31,35.286903
2023-12-21,1,5,217,229.2707
2023-12-21,1,6,345,291.1631
2023-12-21,1,7,135,92.30155
2023-12-21,1,8,252,244.99075
2023-12-21,1,9,230,228.04572
2023-12-21,1,10,293,256.37817
2023-12-21,1,11,277,242.24496
2023-12-21,1,12,68,47.466087
2023-12-21,1,13,5,49.020596
2023-12-21,1,14,3,51.89005
2023-12-21,1,15,53,60.40186
2023-12-21,1,16,22,38.73394
2023-12-21,1,17,276,232.91306
2023-12-21,1,18,49,52.631554
2023-12-21,1,19,14,51.19566
2023-12-21,1,20,315,283.82224
2023-12-21,2,1,151,89.38349
2023-12-21,2,2,75,148.6966
2023-12-21,2,3,263,254.05302
2023-12-21,2,4,128,61.844814
2023-12-21,2,5,57,49.737843
2023-12-21,2,6,121,161.61067
2023-12-21,2,7,319,303.8703
2023-12-21,2,8,329,303.816
2023-12-21,2,9,175,180.37105
2023-12-21,2,10,6,36.04751
2023-12-21,2,11,48,37.275867
2023-12-21,2,12,461,335.402
2023-12-21,2,13,222,209.85727
2023-12-21,2,14,142,176.51566
2023-12-21,2,15,128,184.84581
2023-12-21,2,16,315,265.51773
2023-12-21,2,17,83,135.16452
2023-12-21,2,18,189,160.13783
2023-12-21,2,19,62,61.13951
2023-12-21,2,20,64,142.39452
2023-12-21,3,1,52,41.589832
2023-12-21,3,2,82,62.03306
2023-12-21,3,3,279,250.28314
2023-12-21,3,4,191,164.44739
2023-12-21,3,5,25,33.989296
2023-12-21,3,6,179,184.38606
2023-12-21,3,7,45,50.842556
2023-12-21,3,8,43,46.97501
2023-12-21,3,9,19,54.707478
2023-12-21,3,10,15,47.975693
2023-12-21,3,11,265,234.84381
2023-12-21,3,12,336,293.85352
2023-12-21,3,13,142,179.63115
2023-12-21,3,14,227,217.88048
2023-12-21,3,15,132,91.169495
2023-12-21,3,16,7,39.47613
2023-12-21,3,17,46,34.37834
2023-12-21,3,18,126,163.93582
2023-12-21,3,19,80,121.54654
2023-12-21,3,20,231,230.0148
2023-12-21,4,1,65,43.227547
2023-12-21,4,2,96,157.73358
2023-12-21,4,3,111,181.59055
2023-12-21,4,4,10,28.62622
2023-12-21,4,5,149,165.09045
2023-12-21,4,6,49,53.496807
2023-12-21,4,7,11,58.603687
2023-12-21,4,8,229,225.08865
2023-12-21,4,9,165,170.53789
2023-12-21,4,10,11,43.857143
2023-12-21,4,11,101,164.9244
2023-12-21,4,12,84,152.235
2023-12-21,4,13,44,47.975723
2023-12-21,4,14,45,45.7227
2023-12-21,4,15,116,63.313217
2023-12-21,4,16,132,157.37779
2023-12-21,4,17,20,43.012318
2023-12-21,4,18,127,145.368
2023-12-21,4,19,44,15.824549
2023-12-21,4,20,7,74.87228
2023-12-21,5,1,192,160.10863
2023-12-21,5,2,42,53.57372
2023-12-21,5,3,56,69.89758
2023-12-21,5,4,28,25.778332
2023-12-21,5,5,135,149.96893
2023-12-21,5,6,76,70.65545
2023-12-21,5,7,13,48.230633
2023-12-21,5,8,22,51.03462
2023-12-21,5,9,76,55.750786
2023-12-21,5,10,1,42.03458
2023-12-21,5,11,211,193.92036
2023-12-21,5,12,2,55.0837
2023-12-21,5,13,6,40.56501
2023-12-21,5,14,77,136.88573
2023-12-21,5,15,181,144.17058
2023-12-21,5,16,337,310.1217
2023-12-21,5,17,18,39.528976
2023-12-21,5,18,70,120.21501
2023-12-21,5,19,75,48.361534
2023-12-21,5,20,160,193.93747
2023-12-22,1,1,119,152.91277
2023-12-22,1,2,233,247.2527
2023-12-22,1,3,19,44.7115
2023-12-22,1,4,153,149.84633
2023-12-22,1,5,188,165.43098
2023-12-22,1,6,86,145.74306
2023-12-22,1,7,7,38.365116
2023-12-22,1,8,169,107.08331
2023-12-22,1,9,195,180.82085
2023-12-22,1,10,55,127.12137
2023-12-22,1,11,264,236.45647
2023-12-22,1,12,6,62.134476
2023-12-22,1,13,158,156.2173
2023-12-22,1,14,118,76.547554
2023-12-22,1,15,47,27.23837
2023-12-22,1,16,431,341.07864
2023-12-22,1,17,108,158.02824
2023-12-22,1,18,18,16.847347
2023-12-22,1,19,59,103.59769
2023-12-22,1,20,138,163.63612
2023-12-22,2,1,301,256.21753
2023-12-22,2,2,50,31.75329
2023-12-22,2,3,58,120.7908
2023-12-22,2,4,88,47.093067
2023-12-22,2,5,240,208.49588
2023-12-22,2,6,186,102.3491
2023-12-22,2,7,351,313.4307
2023-12-22,2,8,320,317.61453
2023-12-22,2,9,160,158.40884
2023-12-22,2,10,360,327.51807
2023-12-22,2,11,331,321.44415
2023-12-22,2,12,71,76.59245
2023-12-22,2,13,225,205.58511
2023-12-22,2,14,138,151.34227
2023-12-22,2,15,389,324.89963
2023-12-22,2,16,353,329.9959
2023-12-22,2,17,25,43.89231
2023-12-22,2,18,112,50.911034
2023-12-22,2,19,80,123.68861
2023-12-22,2,20,161,168.36035
2023-12-22,3,1,266,240.41919
2023-12-22,3,2,33,32.94501
2023-12-22,3,3,215,186.53326
2023-12-22,3,4,161,162.2104
2023-12-22,3,5,47,116.64405
2023-12-22,3,6,61,28.356369
2023-12-22,3,7,91,143.4125
2023-12-22,3,8,230,229.57521
2023-12-22,3,9,34,49.30721
2023-12-22,3,10,142,94.85808
2023-12-22,3,11,198,188.32295
2023-12-22,3,12,102,183.47961
2023-12-22,3,13,60,135.48984
2023-12-22,3,14,0,39.073772
2023-12-22,3,15,66,48.945267
2023-12-22,3,16,158,204.41994
2023-12-22,3,17,209,170.42104
2023-12-22,3,18,2,25.529451
2023-12-22,3,19,114,131.89366
2023-12-22,3,20,65,47.88001
2023-12-22,4,1,191,175.30554
2023-12-22,4,2,116,146.01973
2023-12-22,4,3,108,88.56499
2023-12-22,4,4,270,247.22493
2023-12-22,4,5,28,47.37135
2023-12-22,4,6,252,242.12523
2023-12-22,4,7,217,231.35422
2023-12-22,4,8,144,182.73318
2023-12-22,4,9,37,36.4238
2023-12-22,4,10,115,164.96263
2023-12-22,4,11,158,173.8821
2023-12-22,4,12,354,328.71597
2023-12-22,4,13,5,51.196705
2023-12-22,4,14,169,151.20818
2023-12-22,4,15,142,180.35649
2023-12-22,4,16,134,183.41612
2023-12-22,4,17,9,34.182014
2023-12-22,4,18,129,125.37463
2023-12-22,4,19,0,19.02672
2023-12-22,4,20,156,163.8543
2023-12-22,5,1,76,65.97776
2023-12-22,5,2,20,36.47968
2023-12-22,5,3,176,156.71782
2023-12-22,5,4,46,27.055496
2023-12-22,5,5,260,234.07805
2023-12-22,5,6,96,116.4105
2023-12-22,5,7,15,47.742073
2023-12-22,5,8,47,50.027336
2023-12-22,5,9,148,168.38763
2023-12-22,5,10,76,75.42194
2023-12-22,5,11,110,178.50528
2023-12-22,5,12,72,58.955673
2023-12-22,5,13,219,207.24461
2023-12-22,5,14,48,32.13049
2023-12-22,5,15,208,198.17041
2023-12-22,5,16,131,107.69636
2023-12-22,5,17,163,88.68034
2023-12-22,5,18,293,258.66824
2023-12-22,5,19,146,64.53053
2023-12-22,5,20,228,196.3074
2023-12-23,1,1,188,166.58034
2023-12-23,1,2,196,165.29828
2023-12-23,1,3,349,292.6756
2023-12-23,1,4,71,57.048622
2023-12-23,1,5,182,100.71656
2023-12-23,1,6,152,152.16066
2023-12-23,1,7,187,176.62216
2023-12-23,1,8,97,81.474174
2023-12-23,1,9,279,241.18297
2023-12-23,1,10,38,55.93288
2023-12-23,1,11,353,323.73837
2023-12-23,1,12,228,219.36226
2023-12-23,1,13,380,342.89972
2023-12-23,1,14,2,24.772934
2023-12-23,1,15,19,131.65219
2023-12-23,1,16,21,66.85732
2023-12-23,1,17,24,31.27024
2023-12-23,1,18,72,54.77148
2023-12-23,1,19,91,121.07597
2023-12-23,1,20,135,144.76344
2023-12-23,2,1,4,46.245365
2023-12-23,2,2,143,84.70287
2023-12-23,2,3,119,163.57222
2023-12-23,2,4,178,165.40503
2023-12-23,2,5,6,41.947636
2023-12-23,2,6,176,168.22604
2023-12-23,2,7,458,348.5229
2023-12-23,2,8,37,36.013664
2023-12-23,2,9,354,312.75745
2023-12-23,2,10,137,172.0386
2023-12-23,2,11,49,45.774143
2023-12-23,2,12,29,52.77973
2023-12-23,2,13,21,37.965054
2023-12-23,2,14,130,132.4498
2023-12-23,2,15,139,177.48573
2023-12-23,2,16,130,182.43959
2023-12-23,2,17,128,64.1139
2023-12-23,2,18,121,163.52968
2023-12-23,2,19,13,26.339518
2023-12-23,2,20,68,41.19314
2023-12-23,3,1,60,54.086044
2023-12-23,3,2,349,277.417
2023-12-23,3,3,39,47.8098
2023-12-23,3,4,287,261.18668
2023-12-23,3,5,62,52.736187
2023-12-23,3,6,81,63.998634
2023-12-23,3,7,64,66.03566
2023-12-23,3,8,92,155.89888
2023-12-23,3,9,28,44.71721
2023-12-23,3,10,157,191.24571
2023-12-23,3,11,7,50.3917
2023-12-23,3,12,32,114.32025
2023-12-23,3,13,64,64.90897
2023-12-23,3,14,153,169.12985
2023-12-23,3,15,122,82.86603
2023-12-23,3,16,277,241.01503
2023-12-23,3,17,58,34.772385
2023-12-23,3,18,44,112.61285
2023-12-23,3,19,238,204.56346
2023-12-23,3,20,221,202.4805
2023-12-23,4,1,64,48.72212
2023-12-23,4,2,61,39.442
2023-12-23,4,3,191,173.69537
2023-12-23,4,4,231,223.39023
2023-12-23,4,5,41,40.58763
2023-12-23,4,6,78,53.98591
2023-12-23,4,7,10,59.755768
2023-12-23,4,8,65,32.828785
2023-12-23,4,9,57,57.416977
2023-12-23,4,10,310,252.31627
2023-12-23,4,11,44,40.811398
2023-12-23,4,12,19,51.582226
2023-12-23,4,13,6,46.30916
2023-12-23,4,14,122,75.98148
2023-12-23,4,15,74,121.70632
2023-12-23,4,16,9,46.397003
2023-12-23,4,17,121,141.12103
2023-12-23,4,18,11,59.40681
2023-12-23,4,19,158,163.16078
2023-12-23,4,20,164,163.85825
2023-12-23,5,1,173,150.41481
2023-12-23,5,2,289,279.65604
2023-12-23,5,3,321,296.56067
2023-12-23,5,4,166,182.02869
2023-12-23,5,5,54,54.731064
2023-12-23,5,6,294,256.3045
2023-12-23,5,7,100,99.69304
2023-12-23,5,8,60,98.92805
2023-12-23,5,9,13,52.750618
2023-12-23,5,10,113,58.902054
2023-12-23,5,11,394,348.05087
2023-12-23,5,12,3,35.7511
2023-12-23,5,13,229,234.94392
2023-12-23,5,14,324,300.3263
2023-12-23,5,15,299,267.44208
2023-12-23,5,16,10,42.186573
2023-12-23,5,17,224,206.17195
2023-12-23,5,18,95,51.87116
2023-12-23,5,19,179,166.74211
2023-12-23,5,20,220,201.84395
2023-12-24,1,1,342,285.28232
2023-12-24,1,2,155,173.27814
2023-12-24,1,3,107,172.02646
2023-12-24,1,4,110,79.13025
2023-12-24,1,5,98,165.3305
2023-12-24,1,6,21,20.422224
2023-12-24,1,7,62,73.45367
2023-12-24,1,8,83,41.87922
2023-12-24,1,9,50,46.092133
2023-12-24,1,10,185,176.66226
2023-12-24,1,11,124,167.83937
2023-12-24,1,12,325,299.01974
2023-12-24,1,13,58,53.285347
2023-12-24,1,14,149,177.77089
2023-12-24,1,15,60,37.73441
2023-12-24,1,16,233,217.23729
2023-12-24,1,17,33,19.088362
2023-12-24,1,18,146,162.89674
2023-12-24,1,19,416,355.86392
2023-12-24,1,20,62,41.278584
2023-12-24,2,1,224,208.37398
2023-12-24,2,2,78,149.74583
2023-12-24,2,3,146,183.72198
2023-12-24,2,4,99,166.28949
2023-12-24,2,5,103,135.93593
2023-12-24,2,6,37,41.133564
2023-12-24,2,7,221,222.13817
2023-12-24,2,8,366,315.96283
2023-12-24,2,9,258,252.52388
2023-12-24,2,10,73,134.52005
2023-12-24,2,11,196,223.81837
2023-12-24,2,12,207,183.3675
2023-12-24,2,13,193,202.38976
2023-12-24,2,14,273,243.14566
2023-12-24,2,15,43,41.173626
2023-12-24,2,16,174,164.52301
2023-12-24,2,17,148,77.96354
2023-12-24,2,18,58,103.97401
2023-12-24,2,19,69,57.17659
2023-12-24,2,20,111,63.994385
2023-12-24,3,1,183,171.3926
2023-12-24,3,2,217,235.98015
2023-12-24,3,3,59,53.780975
2023-12-24,3,4,22,42.801666
2023-12-24,3,5,62,25.765156
2023-12-24,3,6,21,39.641808
2023-12-24,3,7,212,207.75528
2023-12-24,3,8,6,38.140488
2023-12-24,3,9,14,54.01788
2023-12-24,3,10,71,69.889595
2023-12-24,3,11,49,53.953865
2023-12-24,3,12,357,323.1651
2023-12-24,3,13,70,71.33996
2023-12-24,3,14,267,251.99872
2023-12-24,3,15,106,83.129265
2023-12-24,3,16,11,47.55448
2023-12-24,3,17,18,29.675692
2023-12-24,3,18,249,204.6407
2023-12-24,3,19,334,327.74008
2023-12-24,3,20,165,86.07362
2023-12-24,4,1,134,85.55683
2023-12-24,4,2,365,326.9585
2023-12-24,4,3,55,46.21553
2023-12-24,4,4,173,181.13467
2023-12-24,4,5,257,214.51086
2023-12-24,4,6,23,35.67672
2023-12-24,4,7,4,36.53965
2023-12-24,4,8,248,232.70326
2023-12-24,4,9,201,172.45894
2023-12-24,4,10,79,67.418785
2023-12-24,4,11,2,57.469437
2023-12-24,4,12,93,63.288574
2023-12-24,4,13,172,157.40302
2023-12-24,4,14,209,190.38284
2023-12-24,4,15,88,60.68776
2023-12-24,4,16,240,230.41713
2023-12-24,4,17,127,149.56926
2023-12-24,4,18,84,54.323414
2023-12-24,4,19,20,43.44669
2023-12-24,4,20,224,199.05496
2023-12-24,5,1,129,84.40878
2023-12-24,5,2,241,219.75766
2023-12-24,5,3,85,52.410767
2023-12-24,5,4,44,112.64123
2023-12-24,5,5,95,126.728035
2023-12-24,5,6,250,214.96806
2023-12-24,5,7,10,42.722763
2023-12-24,5,8,292,263.0222
2023-12-24,5,9,56,48.607758
2023-12-24,5,10,92,47.48385
2023-12-24,5,11,69,71.2824
2023-12-24,5,12,314,289.64163
2023-12-24,5,13,91,49.649044
2023-12-24,5,14,119,84.82308
2023-12-24,5,15,57,49.593708
2023-12-24,5,16,51,58.02955
2023-12-24,5,17,5,42.78196
2023-12-24,5,18,176,153.30986
2023-12-24,5,19,64,73.080284
2023-12-24,5,20,6,22.16058
2023-12-25,1,1,86,143.2295
2023-12-25,1,2,47,132.59995
2023-12-25,1,3,219,218.23328
2023-12-25,1,4,94,112.39091
2023-12-25,1,5,43,100.50148
2023-12-25,1,6,83,64.19373
2023-12-25,1,7,134,135.68335
2023-12-25,1,8,180,180.52454
2023-12-25,1,9,22,35.940197
2023-12-25,1,10,320,291.48315
2023-12-25,1,11,78,63.867645
2023-12-25,1,12,138,179.35933
2023-12-25,1,13,118,141.23956
2023-12-25,1,14,210,206.43292
2023-12-25,1,15,210,184.30186
2023-12-25,1,16,352,326.44345
2023-12-25,1,17,347,298.9077
2023-12-25,1,18,29,26.790733
2023-12-25,1,19,154,197.80023
2023-12-25,1,20,182,153.20393
2023-12-25,2,1,270,246.87187
2023-12-25,2,2,5,49.53128
2023-12-25,2,3,94,117.59257
2023-12-25,2,4,194,168.8067
2023-12-25,2,5,39,25.26809
2023-12-25,2,6,38,35.700188
2023-12-25,2,7,122,74.503296
2023-12-25,2,8,172,193.45346
2023-12-25,2,9,101,155.30792
2023-12-25,2,10,300,254.4441
2023-12-25,2,11,99,69.16689
2023-12-25,2,12,158,98.114876
2023-12-25,2,13,103,135.92305
2023-12-25,2,14,108,155.5431
2023-12-25,2,15,32,30.649864
2023-12-25,2,16,190,170.1771
2023-12-25,2,17,18,34.075924
2023-12-25,2,18,69,46.98826
2023-12-25,2,19,80,82.12526
2023-12-25,2,20,148,82.108795
2023-12-25,3,1,30,39.956802
2023-12-25,3,2,218,229.30435
2023-12-25,3,3,88,55.725895
2023-12-25,3,4,208,183.78674
2023-12-25,3,5,178,162.39986
2023-12-25,3,6,210,183.62582
2023-12-25,3,7,195,190.7467
2023-12-25,3,8,117,87.44733
2023-12-25,3,9,43,114.73336
2023-12-25,3,10,80,137.46025
2023-12-25,3,11,31,105.76242
2023-12-25,3,12,36,58.032074
2023-12-25,3,13,39,17.245148
2023-12-25,3,14,241,218.31131
2023-12-25,3,15,302,258.6052
2023-12-25,3,16,285,290.66995
2023-12-25,3,17,251,254.65877
2023-12-25,3,18,55,41.554195
2023-12-25,3,19,44,41.118374
2023-12-25,3,20,110,68.072685
2023-12-25,4,1,57,35.486416
2023-12-25,4,2,30,46.755413
2023-12-25,4,3,254,235.80873
2023-12-25,4,4,54,38.72285
2023-12-25,4,5,22,23.915598
2023-12-25,4,6,56,48.84638
2023-12-25,4,7,24,27.536503
2023-12-25,4,8,110,86.55712
2023-12-25,4,9,157,154.81882
2023-12-25,4,10,18,50.836853
2023-12-25,4,11,156,145.82657
2023-12-25,4,12,205,197.96593
2023-12-25,4,13,96,43.187763
2023-12-25,4,14,29,39.70041
2023-12-25,4,15,66,38.836124
2023-12-25,4,16,173,184.15086
2023-12-25,4,17,328,320.53064
2023-12-25,4,18,64,105.31777
2023-12-25,4,19,57,50.758133
2023-12-25,4,20,146,75.71365
2023-12-25,5,1,49,112.28648
2023-12-25,5,2,329,313.5516
2023-12-25,5,3,308,261.7134
2023-12-25,5,4,112,68.72593
2023-12-25,5,5,296,266.12952
2023-12-25,5,6,226,217.13542
2023-12-25,5,7,77,46.216614
2023-12-25,5,8,2,43.00021
2023-12-25,5,9,105,144.60013
2023-12-25,5,10,104,103.86899
2023-12-25,5,11,158,151.91568
2023-12-25,5,12,29,39.96368
2023-12-25,5,13,59,38.024063
2023-12-25,5,14,23,39.540756
2023-12-25,5,15,186,180.45581
2023-12-25,5,16,43,51.136112
2023-12-25,5,17,119,170.07861
2023-12-25,5,18,5,18.34711
2023-12-25,5,19,213,168.85966
2023-12-25,5,20,31,32.953743
2023-12-26,1,1,46,35.589893
2023-12-26,1,2,176,169.6645
2023-12-26,1,3,362,308.43884
2023-12-26,1,4,123,143.3368
2023-12-26,1,5,458,342.10056
2023-12-26,1,6,85,63.79913
2023-12-26,1,7,256,245.18613
2023-12-26,1,8,192,174.03636
2023-12-26,1,9,96,44.018433
2023-12-26,1,10,133,171.05907
2023-12-26,1,11,153,148.93636
2023-12-26,1,12,296,267.20145
2023-12-26,1,13,12,23.542067
2023-12-26,1,14,182,164.01186
2023-12-26,1,15,73,62.82915
2023-12-26,1,16,91,151.44482
2023-12-26,1,17,95,160.85811
2023-12-26,1,18,59,26.402767
2023-12-26,1,19,129,60.079002
2023-12-26,1,20,262,235.30452
2023-12-26,2,1,234,206.3162
2023-12-26,2,2,275,247.5213
2023-12-26,2,3,22,50.522865
2023-12-26,2,4,8,34.43325
2023-12-26,2,5,118,163.4141
2023-12-26,2,6,32,38.983204
2023-12-26,2,7,308,264.85828
2023-12-26,2,8,399,335.2052
2023-12-26,2,9,453,335.35065
2023-12-26,2,10,21,47.380363
2023-12-26,2,11,183,147.14117
2023-12-26,2,12,256,239.94072
2023-12-26,2,13,329,272.881
2023-12-26,2,14,195,189.54466
2023-12-26,2,15,73,67.75294
2023-12-26,2,16,60,49.967186
2023-12-26,2,17,197,213.11833
2023-12-26,2,18,386,340.3087
2023-12-26,2,19,289,260.22705
2023-12-26,2,20,37,23.82956
2023-12-26,3,1,64,118.23071
2023-12-26,3,2,286,283.01825
2023-12-26,3,3,308,278.6124
2023-12-26,3,4,209,182.57347
2023-12-26,3,5,257,259.2351
2023-12-26,3,6,25,40.53054
2023-12-26,3,7,375,341.81937
2023-12-26,3,8,205,201.71268
2023-12-26,3,9,147,185.90967
2023-12-26,3,10,18,40.726116
2023-12-26,3,11,254,234.09317
2023-12-26,3,12,108,85.82423
2023-12-26,3,13,74,52.914436
2023-12-26,3,14,291,264.97733
2023-12-26,3,15,46,49.4032
2023-12-26,3,16,96,70.26358
2023-12-26,3,17,165,186.15907
2023-12-26,3,18,27,37.098763
2023-12-26,3,19,237,207.38742
2023-12-26,3,20,260,237.89987
2023-12-26,4,1,359,322.9819
2023-12-26,4,2,345,316.56354
2023-12-26,4,3,34,40.346848
2023-12-26,4,4,0,34.26603
2023-12-26,4,5,32,62.968307
2023-12-26,4,6,164,95.90101
2023-12-26,4,7,89,70.58729
2023-12-26,4,8,309,302.40848
2023-12-26,4,9,177,192.05193
2023-12-26,4,10,126,142.74994
2023-12-26,4,11,132,85.71114
2023-12-26,4,12,70,139.67735
2023-12-26,4,13,249,239.77829
2023-12-26,4,14,63,39.313156
2023-12-26,4,15,83,57.026848
2023-12-26,4,16,150,162.64229
2023-12-26,4,17,195,197.76581
2023-12-26,4,18,28,53.869614
2023-12-26,4,19,338,308.80655
2023-12-26,4,20,176,172.19057
2023-12-26,5,1,14,39.8426
2023-12-26,5,2,179,101.66655
2023-12-26,5,3,268,265.08722
2023-12-26,5,4,31,23.464571
2023-12-26,5,5,118,189.22299
2023-12-26,5,6,482,347.06992
2023-12-26,5,7,254,264.00058
2023-12-26,5,8,43,46.31533
2023-12-26,5,9,25,61.740288
2023-12-26,5,10,19,29.575916
2023-12-26,5,11,172,163.30084
2023-12-26,5,12,71,142.72351
2023-12-26,5,13,114,155.39946
2023-12-26,5,14,16,46.561684
2023-12-26,5,15,29,20.224066
2023-12-26,5,16,18,29.730911
2023-12-26,5,17,76,146.69342
2023-12-26,5,18,12,50.024933
2023-12-26,5,19,39,47.464706
2023-12-26,5,20,153,180.04474
2023-12-27,1,1,196,198.68109
2023-12-27,1,2,48,130.9417
2023-12-27,1,3,203,192.69646
2023-12-27,1,4,360,321.39496
2023-12-27,1,5,35,145.92966
2023-12-27,1,6,109,89.284515
2023-12-27,1,7,56,73.349686
2023-12-27,1,8,168,196.28598
2023-12-27,1,9,212,195.52362
2023-12-27,1,10,13,27.080322
2023-12-27,1,11,33,36.236458
2023-12-27,1,12,369,310.23712
2023-12-27,1,13,206,182.21434
2023-12-27,1,14,303,262.13046
2023-12-27,1,15,4,26.119417
2023-12-27,1,16,117,62.34749
2023-12-27,1,17,243,222.41985
2023-12-27,1,18,85,66.40118
2023-12-27,1,19,180,191.62767
2023-12-27,1,20,11,43.019672
2023-12-27,2,1,212,203.79105
2023-12-27,2,2,108,93.11247
2023-12-27,2,3,45,61.340664
2023-12-27,2,4,155,175.88731
2023-12-27,2,5,75,164.24559
2023-12-27,2,6,208,214.68437
2023-12-27,2,7,35,59.59396
2023-12-27,2,8,72,73.53841
2023-12-27,2,9,182,190.03485
2023-12-27,2,10,31,31.164055
2023-12-27,2,11,8,40.766907
2023-12-27,2,12,61,49.20286
2023-12-27,2,13,51,44.305363
2023-12-27,2,14,29,36.991196
2023-12-27,2,15,163,145.78017
2023-12-27,2,16,131,140.31963
2023-12-27,2,17,44,21.409662
2023-12-27,2,18,48,124.47685
2023-12-27,2,19,57,65.24407
2023-12-27,2,20,412,347.7996
2023-12-27,3,1,31,62.8468
2023-12-27,3,2,269,244.93295
2023-12-27,3,3,40,45.51926
2023-12-27,3,4,12,54.331997
2023-12-27,3,5,89,56.0087
2023-12-27,3,6,171,193.26787
2023-12-27,3,7,172,189.15916
2023-12-27,3,8,55,154.67258
2023-12-27,3,9,114,187.81477
2023-12-27,3,10,86,116.1864
2023-12-27,3,11,3,42.05481
2023-12-27,3,12,65,51.033924
2023-12-27,3,13,329,297.7844
2023-12-27,3,14,62,56.80001
2023-12-27,3,15,106,133.83363
2023-12-27,3,16,305,257.86533
2023-12-27,3,17,53,28.412342
2023-12-27,3,18,67,77.07406
2023-12-27,3,19,18,51.99218
2023-12-27,3,20,22,54.100918
2023-12-27,4,1,40,52.277008
2023-12-27,4,2,250,239.22917
2023-12-27,4,3,12,63.66187
2023-12-27,4,4,86,63.996162
2023-12-27,4,5,240,218.92767
2023-12-27,4,6,246,257.13788
2023-12-27,4,7,116,92.20363
2023-12-27,4,8,441,349.05344
2023-12-27,4,9,96,50.39912
2023-12-27,4,10,61,110.05496
2023-12-27,4,11,44,44.991806
2023-12-27,4,12,212,193.4027
2023-12-27,4,13,115,160.82559
2023-12-27,4,14,154,177.11836
2023-12-27,4,15,192,161.99219
2023-12-27,4,16,137,154.72313
2023-12-27,4,17,67,127.366325
2023-12-27,4,18,19,16.767803
2023-12-27,4,19,33,51.155193
2023-12-27,4,20,48,65.78202
2023-12-27,5,1,313,293.68588
2023-12-27,5,2,30,47.985027
2023-12-27,5,3,244,231.66751
2023-12-27,5,4,151,110.65218
2023-12-27,5,5,12,24.684568
2023-12-27,5,6,177,203.37958
2023-12-27,5,7,154,80.98379
2023-12-27,5,8,242,220.72179
2023-12-27,5,9,251,239.58794
2023-12-27,5,10,84,52.659863
2023-12-27,5,11,13,28.109287
2023-12-27,5,12,45,39.018307
2023-12-27,5,13,306,264.20438
2023-12-27,5,14,50,45.718933
2023-12-27,5,15,39,25.761871
2023-12-27,5,16,201,192.70473
2023-12-27,5,17,104,65.13797
2023-12-27,5,18,361,303.48932
2023-12-27,5,19,352,313.99527
2023-12-27,5,20,138,175.17714
2023-12-28,1,1,67,144.954
2023-12-28,1,2,22,36.468674
2023-12-28,1,3,212,178.0032
2023-12-28,1,4,265,253.00302
2023-12-28,1,5,97,70.66483
2023-12-28,1,6,12,61.64577
2023-12-28,1,7,144,149.49838
2023-12-28,1,8,287,288.001
2023-12-28,1,9,96,135.7618
2023-12-28,1,10,114,135.42157
2023-12-28,1,11,231,209.04953
2023-12-28,1,12,159,182.43149
2023-12-28,1,13,162,175.75064
2023-12-28,1,14,86,137.13329
2023-12-28,1,15,33,107.73552
2023-12-28,1,16,265,256.51614
2023-12-28,1,17,170,154.738
2023-12-28,1,18,179,156.9296
2023-12-28,1,19,150,168.49336
2023-12-28,1,20,215,202.15599
2023-12-28,2,1,343,309.39938
2023-12-28,2,2,381,337.54288
2023-12-28,2,3,88,60.41104
2023-12-28,2,4,29,45.765335
2023-12-28,2,5,91,135.17914
2023-12-28,2,6,179,162.4889
2023-12-28,2,7,346,298.28516
2023-12-28,2,8,95,86.57946
2023-12-28,2,9,24,37.798233
2023-12-28,2,10,394,335.73447
2023-12-28,2,11,44,97.76378
2023-12-28,2,12,35,68.71453
2023-12-28,2,13,137,179.92326
2023-12-28,2,14,246,217.02077
2023-12-28,2,15,169,153.93207
2023-12-28,2,16,38,44.325768
2023-12-28,2,17,381,352.37494
2023-12-28,2,18,157,158.70271
2023-12-28,2,19,355,321.02612
2023-12-28,2,20,294,279.39838
2023-12-28,3,1,287,280.79456
2023-12-28,3,2,171,104.408325
2023-12-28,3,3,223,213.30794
2023-12-28,3,4,332,310.06094
2023-12-28,3,5,69,46.887264
2023-12-28,3,6,301,269.25137
2023-12-28,3,7,244,219.07509
2023-12-28,3,8,98,184.37234
2023-12-28,3,9,304,271.69852
2023-12-28,3,10,141,75.554886
2023-12-28,3,11,187,161.0541
2023-12-28,3,12,251,241.0438
2023-12-28,3,13,23,55.000042
2023-12-28,3,14,262,227.29138
2023-12-28,3,15,114,130.80914
2023-12-28,3,16,67,75.39588
2023-12-28,3,17,244,223.15944
2023-12-28,3,18,14,33.823017
2023-12-28,3,19,275,261.60696
2023-12-28,3,20,142,105.48828
2023-12-28,4,1,118,171.61775
2023-12-28,4,2,93,154.2515
2023-12-28,4,3,273,238.05399
2023-12-28,4,4,139,164.88289
2023-12-28,4,5,176,154.5357
2023-12-28,4,6,356,317.99277
2023-12-28,4,7,337,297.30096
2023-12-28,4,8,105,107.93028
2023-12-28,4,9,147,83.39517
2023-12-28,4,10,121,165.29309
2023-12-28,4,11,266,235.58789
2023-12-28,4,12,73,141.41792
2023-12-28,4,13,25,137.68864
2023-12-28,4,14,144,161.24713
2023-12-28,4,15,22,33.140026
2023-12-28,4,16,32,42.953835
2023-12-28,4,17,174,172.54216
2023-12-28,4,18,58,48.566414
2023-12-28,4,19,160,190.16707
2023-12-28,4,20,141,106.3413
2023-12-28,5,1,113,94.82327
2023-12-28,5,2,282,251.13583
2023-12-28,5,3,190,88.69227
2023-12-28,5,4,237,226.65424
2023-12-28,5,5,74,52.488358
2023-12-28,5,6,21,44.0706
2023-12-28,5,7,142,93.17858
2023-12-28,5,8,222,238.09499
2023-12-28,5,9,115,155.44984
2023-12-28,5,10,54,57.09514
2023-12-28,5,11,52,55.886654
2023-12-28,5,12,66,52.80247
2023-12-28,5,13,222,217.42891
2023-12-28,5,14,229,228.0666
2023-12-28,5,15,337,303.18076
2023-12-28,5,16,13,37.97378
2023-12-28,5,17,109,166.84018
2023-12-28,5,18,6,55.972363
2023-12-28,5,19,230,232.97105
2023-12-28,5,20,56,126.90513
2023-12-29,1,1,168,192.1691
2023-12-29,1,2,81,71.40189
2023-12-29,1,3,107,84.46937
2023-12-29,1,4,73,157.03471
2023-12-29,1,5,270,238.6014
2023-12-29,1,6,46,61.568287
2023-12-29,1,7,59,155.38037
2023-12-29,1,8,105,161.96437
2023-12-29,1,9,147,173.34845
2023-12-29,1,10,53,49.886883
2023-12-29,1,11,218,208.19899
2023-12-29,1,12,86,121.048164
2023-12-29,1,13,129,65.99947
2023-12-29,1,14,84,65.955025
2023-12-29,1,15,125,76.09168
2023-12-29,1,16,73,67.9727
2023-12-29,1,17,7,53.093864
2023-12-29,1,18,150,94.7619
2023-12-29,1,19,41,58.933464
2023-12-29,1,20,62,45.25488
2023-12-29,2,1,106,153.90446
2023-12-29,2,2,99,101.52987
2023-12-29,2,3,4,35.1031
2023-12-29,2,4,55,60.619423
2023-12-29,2,5,286,265.05872
2023-12-29,2,6,122,89.0006
2023-12-29,2,7,255,251.91382
2023-12-29,2,8,61,33.348988
2023-12-29,2,9,162,167.07971
2023-12-29,2,10,147,180.04782
2023-12-29,2,11,13,36.56698
2023-12-29,2,12,63,30.323917
2023-12-29,2,13,217,193.5706
2023-12-29,2,14,87,131.8821
2023-12-29,2,15,60,51.088467
2023-12-29,2,16,178,164.74733
2023-12-29,2,17,41,124.08265
2023-12-29,2,18,83,50.300747
2023-12-29,2,19,206,196.90392
2023-12-29,2,20,92,50.169216
2023-12-29,3,1,108,168.1744
2023-12-29,3,2,314,276.6756
2023-12-29,3,3,43,51.280693
2023-12-29,3,4,154,106.58378
2023-12-29,3,5,248,238.20628
2023-12-29,3,6,132,182.76595
2023-12-29,3,7,100,170.01965
2023-12-29,3,8,186,151.41835
2023-12-29,3,9,194,174.33916
2023-12-29,3,10,210,205.26562
2023-12-29,3,11,165,100.95364
2023-12-29,3,12,132,144.03429
2023-12-29,3,13,116,135.97514
2023-12-29,3,14,181,158.26906
2023-12-29,3,15,297,263.63257
2023-12-29,3,16,4,29.954512
2023-12-29,3,17,138,173.84378
2023-12-29,3,18,265,237.7828
2023-12-29,3,19,10,59.840313
2023-12-29,3,20,48,44.45134
2023-12-29,4,1,33,28.4573
2023-12-29,4,2,13,45.99143
2023-12-29,4,3,218,218.52344
2023-12-29,4,4,237,232.89499
2023-12-29,4,5,85,155.65605
2023-12-29,4,6,192,188.26282
2023-12-29,4,7,152,110.62207
2023-12-29,4,8,71,48.69009
2023-12-29,4,9,73,50.52061
2023-12-29,4,10,145,84.46164
2023-12-29,4,11,241,229.09332
2023-12-29,4,12,103,61.61369
2023-12-29,4,13,30,32.140133
2023-12-29,4,14,232,210.85297
2023-12-29,4,15,56,126.93401
2023-12-29,4,16,156,159.63066
2023-12-29,4,17,100,144.42381
2023-12-29,4,18,52,36.329506
2023-12-29,4,19,219,208.11589
2023-12-29,4,20,141,145.75562
2023-12-29,5,1,123,65.52651
2023-12-29,5,2,120,162.76683
2023-12-29,5,3,144,175.34671
2023-12-29,5,4,132,72.7539
2023-12-29,5,5,417,361.97156
2023-12-29,5,6,25,45.36023
2023-12-29,5,7,36,49.656254
2023-12-29,5,8,126,71.5186
2023-12-29,5,9,156,157.94394
2023-12-29,5,10,171,152.07556
2023-12-29,5,11,336,288.59155
2023-12-29,5,12,28,22.577806
2023-12-29,5,13,287,260.45248
2023-12-29,5,14,198,191.89432
2023-12-29,5,15,64,142.4187
2023-12-29,5,16,273,235.14677
2023-12-29,5,17,225,211.8572
2023-12-29,5,18,144,168.33148
2023-12-29,5,19,80,61.725597
2023-12-29,5,20,268,237.15157
2023-12-30,1,1,30,12.1089525
2023-12-30,1,2,105,165.48679
2023-12-30,1,3,91,118.897285
2023-12-30,1,4,43,25.697186
2023-12-30,1,5,132,179.25078
2023-12-30,1,6,38,29.821781
2023-12-30,1,7,368,326.6311
2023-12-30,1,8,12,32.820007
2023-12-30,1,9,138,138.20471
2023-12-30,1,10,331,287.90176
2023-12-30,1,11,55,139.0162
2023-12-30,1,12,160,82.4857
2023-12-30,1,13,136,158.85233
2023-12-30,1,14,46,30.264719
2023-12-30,1,15,60,138.50592
2023-12-30,1,16,64,44.516476
2023-12-30,1,17,43,25.62844
2023-12-30,1,18,32,39.16812
2023-12-30,1,19,94,57.88611
2023-12-30,1,20,53,32.41831
2023-12-30,2,1,36,26.76924
2023-12-30,2,2,40,43.584538
2023-12-30,2,3,92,121.096504
2023-12-30,2,4,257,229.64452
2023-12-30,2,5,73,81.6446
2023-12-30,2,6,102,64.57272
2023-12-30,2,7,13,34.705452
2023-12-30,2,8,228,200.40186
2023-12-30,2,9,179,154.51665
2023-12-30,2,10,57,37.578903
2023-12-30,2,11,29,38.706875
2023-12-30,2,12,119,140.50624
2023-12-30,2,13,201,193.84108
2023-12-30,2,14,52,32.181026
2023-12-30,2,15,18,48.911007
2023-12-30,2,16,336,297.9598
2023-12-30,2,17,84,47.27965
2023-12-30,2,18,359,319.47272
2023-12-30,2,19,53,43.805122
2023-12-30,2,20,269,231.40228
2023-12-30,3,1,31,24.03799
2023-12-30,3,2,174,185.38849
2023-12-30,3,3,265,242.47652
2023-12-30,3,4,157,80.144516
2023-12-30,3,5,271,260.67636
2023-12-30,3,6,230,210.16393
2023-12-30,3,7,124,164.2384
2023-12-30,3,8,160,156.10454
2023-12-30,3,9,190,165.81104
2023-12-30,3,10,38,46.564148
2023-12-30,3,11,118,165.73785
2023-12-30,3,12,61,35.104725
2023-12-30,3,13,119,86.507645
2023-12-30,3,14,81,56.05119
2023-12-30,3,15,220,214.27301
2023-12-30,3,16,224,220.93263
2023-12-30,3,17,37,35.03357
2023-12-30,3,18,8,42.315907
2023-12-30,3,19,208,183.75069
2023-12-30,3,20,1,38.00487
2023-12-30,4,1,106,136.7621
2023-12-30,4,2,241,225.00125
2023-12-30,4,3,167,163.52054
2023-12-30,4,4,12,39.046097
2023-12-30,4,5,150,107.108116
2023-12-30,4,6,11,34.96882
2023-12-30,4,7,247,240.93767
2023-12-30,4,8,188,159.72935
2023-12-30,4,9,116,74.5103
2023-12-30,4,10,264,242.24039
2023-12-30,4,11,291,285.9725
2023-12-30,4,12,262,231.52951
2023-12-30,4,13,326,301.17712
2023-12-30,4,14,55,42.193996
2023-12-30,4,15,60,50.30134
2023-12-30,4,16,79,159.41777
2023-12-30,4,17,383,346.74966
2023-12-30,4,18,171,188.69518
2023-12-30,4,19,11,41.411823
2023-12-30,4,20,67,64.7935
2023-12-30,5,1,92,38.531998
2023-12-30,5,2,183,169.2553
2023-12-30,5,3,29,44.54755
2023-12-30,5,4,153,182.75706
2023-12-30,5,5,472,357.4578
2023-12-30,5,6,77,59.12722
2023-12-30,5,7,58,55.1603
2023-12-30,5,8,222,202.01378
2023-12-30,5,9,237,208.89001
2023-12-30,5,10,58,51.462215
2023-12-30,5,11,6,36.953964
2023-12-30,5,12,216,209.35794
2023-12-30,5,13,234,216.47792
2023-12-30,5,14,153,146.54938
2023-12-30,5,15,46,24.95282
2023-12-30,5,16,11,51.62426
2023-12-30,5,17,150,87.12567
2023-12-30,5,18,29,53.49322
2023-12-30,5,19,29,43.06433
2023-12-30,5,20,149,95.421196
2023-12-31,1,1,26,24.38808
2023-12-31,1,2,6,37.03159
2023-12-31,1,3,143,150.6089
2023-12-31,1,4,158,96.53841
2023-12-31,1,5,52,66.948524
2023-12-31,1,6,146,149.93748
2023-12-31,1,7,181,93.98556
2023-12-31,1,8,100,66.03457
2023-12-31,1,9,54,31.55532
2023-12-31,1,10,58,58.131634
2023-12-31,1,11,267,253.07822
2023-12-31,1,12,25,43.923157
2023-12-31,1,13,111,166.54436
2023-12-31,1,14,48,23.982092
2023-12-31,1,15,164,153.44496
2023-12-31,1,16,61,57.519814
2023-12-31,1,17,156,184.42305
2023-12-31,1,18,0,47.738594
2023-12-31,1,19,62,36.425373
2023-12-31,1,20,37,48.807213
2023-12-31,2,1,308,251.0024
2023-12-31,2,2,28,118.058846
2023-12-31,2,3,86,48.333767
2023-12-31,2,4,187,172.53389
2023-12-31,2,5,396,349.5142
2023-12-31,2,6,187,85.71435
2023-12-31,2,7,16,55.386154
2023-12-31,2,8,15,43.436016
2023-12-31,2,9,57,44.422016
2023-12-31,2,10,37,51.388275
2023-12-31,2,11,189,185.16487
2023-12-31,2,12,194,186.453
2023-12-31,2,13,104,76.58176
2023-12-31,2,14,119,126.927376
2023-12-31,2,15,44,19.641874
2023-12-31,2,16,12,118.38449
2023-12-31,2,17,293,297.08875
2023-12-31,2,18,101,86.00124
2023-12-31,2,19,284,236.19846
2023-12-31,2,20,158,162.49551
2023-12-31,3,1,24,28.195158
2023-12-31,3,2,321,301.0469
2023-12-31,3,3,144,174.43814
2023-12-31,3,4,165,162.25964
2023-12-31,3,5,6,51.84347
2023-12-31,3,6,288,261.2395
2023-12-31,3,7,56,122.67908
2023-12-31,3,8,18,39.72771
2023-12-31,3,9,114,77.05888
2023-12-31,3,10,131,151.40317
2023-12-31,3,11,290,269.2583
2023-12-31,3,12,44,34.852203
2023-12-31,3,13,88,65.6483
2023-12-31,3,14,125,77.285706
2023-12-31,3,15,53,35.20857
2023-12-31,3,16,1,43.49537
2023-12-31,3,17,132,168.19017
2023-12-31,3,18,2,45.23562
2023-12-31,3,19,184,167.90932
2023-12-31,3,20,17,47.472755
2023-12-31,4,1,86,66.460495
2023-12-31,4,2,194,197.43964
2023-12-31,4,3,33,27.702595
2023-12-31,4,4,184,157.90633
2023-12-31,4,5,134,185.28676
2023-12-31,4,6,101,66.40426
2023-12-31,4,7,83,58.033264
2023-12-31,4,8,55,51.62444
2023-12-31,4,9,240,199.574
2023-12-31,4,10,47,107.31928
2023-12-31,4,11,30,43.899086
2023-12-31,4,12,77,138.1073
2023-12-31,4,13,37,45.32217
2023-12-31,4,14,86,119.924484
2023-12-31,4,15,95,52.70915
2023-12-31,4,16,221,212.3011
2023-12-31,4,17,122,86.71698
2023-12-31,4,18,213,188.21126
2023-12-31,4,19,88,143.02684
2023-12-31,4,20,139,150.11333
2023-12-31,5,1,39,42.315617
2023-12-31,5,2,271,248.35704
2023-12-31,5,3,155,78.781906
2023-12-31,5,4,30,39.012905
2023-12-31,5,5,210,211.42888
2023-12-31,5,6,299,268.10507
2023-12-31,5,7,162,149.25883
2023-12-31,5,8,8,38.94506
2023-12-31,5,9,15,47.78451
2023-12-31,5,10,217,206.68422
2023-12-31,5,11,13,52.11073
2023-12-31,5,12,52,127.84719
2023-12-31,5,13,160,185.75653
2023-12-31,5,14,22,26.503658
2023-12-31,5,15,33,24.550861
2023-12-31,5,16,54,38.14213
2023-12-31,5,17,162,173.12868
2023-12-31,5,18,111,79.91574
2023-12-31,5,19,17,42.875706
2023-12-31,5,20,40,33.6017
2024-01-01,1,1,40,33.463955
2024-01-01,1,2,99,166.10254
2024-01-01,1,3,64,33.904266
2024-01-01,1,4,182,166.39156
2024-01-01,1,5,272,273.5333
2024-01-01,1,6,87,54.349503
2024-01-01,1,7,9,34.77049
2024-01-01,1,8,233,210.92409
2024-01-01,1,9,22,39.9199
2024-01-01,1,10,70,53.11066
2024-01-01,1,11,15,45.369728
2024-01-01,1,12,51,45.2094
2024-01-01,1,13,220,202.33739
2024-01-01,1,14,232,200.30067
2024-01-01,1,15,257,227.69357
2024-01-01,1,16,13,28.884432
2024-01-01,1,17,186,149.17604
2024-01-01,1,18,29,25.169388
2024-01-01,1,19,145,165.32162
2024-01-01,1,20,52,41.08913
2024-01-01,2,1,18,44.737396
2024-01-01,2,2,26,44.533787
2024-01-01,2,3,93,34.278946
2024-01-01,2,4,46,32.46794
2024-01-01,2,5,200,203.22145
2024-01-01,2,6,159,180.29199
2024-01-01,2,7,2,25.756933
2024-01-01,2,8,43,29.378141
2024-01-01,2,9,31,26.35567
2024-01-01,2,10,347,299.12085
2024-01-01,2,11,39,56.280605
2024-01-01,2,12,130,141.9815
2024-01-01,2,13,19,31.75845
2024-01-01,2,14,327,288.1445
2024-01-01,2,15,167,88.29797
2024-01-01,2,16,110,70.46485
2024-01-01,2,17,12,45.67974
2024-01-01,2,18,30,34.698444
2024-01-01,2,19,240,231.31306
2024-01-01,2,20,225,188.35396
2024-01-01,3,1,114,159.62985
2024-01-01,3,2,229,230.2721
2024-01-01,3,3,9,23.835989
2024-01-01,3,4,36,24.177805
2024-01-01,3,5,291,277.74603
2024-01-01,3,6,366,326.07126
2024-01-01,3,7,97,135.03973
2024-01-01,3,8,74,42.84825
2024-01-01,3,9,14,38.746628
2024-01-01,3,10,398,344.49442
2024-01-01,3,11,108,154.09428
2024-01-01,3,12,94,47.903843
2024-01-01,3,13,115,140.08675
2024-01-01,3,14,74,50.61422
2024-01-01,3,15,174,155.51598
2024-01-01,3,16,150,156.49944
2024-01-01,3,17,44,112.52855
2024-01-01,3,18,219,211.946
2024-01-01,3,19,184,177.53719
2024-01-01,3,20,277,234.1084
2024-01-01,4,1,496,351.24863
2024-01-01,4,2,180,188.48192
2024-01-01,4,3,72,40.083584
2024-01-01,4,4,6,30.969759
2024-01-01,4,5,112,157.96071
2024-01-01,4,6,195,201.51822
2024-01-01,4,7,117,136.18652
2024-01-01,4,8,365,308.981
2024-01-01,4,9,47,33.731194
2024-01-01,4,10,113,167.16127
2024-01-01,4,11,107,147.65628
2024-01-01,4,12,63,100.76445
2024-01-01,4,13,6,35.67348
2024-01-01,4,14,169,168.0895
2024-01-01,4,15,6,40.12773
2024-01-01,4,16,182,166.04227
2024-01-01,4,17,19,34.539104
2024-01-01,4,18,1,38.430332
2024-01-01,4,19,44,30.424532
2024-01-01,4,20,243,229.79655
2024-01-01,5,1,201,189.90378
2024-01-01,5,2,97,156.95586
2024-01-01,5,3,92,47.204582
2024-01-01,5,4,85,47.714607
2024-01-01,5,5,154,168.28304
2024-01-01,5,6,173,185.5804
2024-01-01,5,7,4,20.280123
2024-01-01,5,8,292,260.74216
2024-01-01,5,9,211,177.0991
2024-01-01,5,10,184,185.4966
2024-01-01,5,11,121,60.3015
2024-01-01,5,12,324,286.10245
2024-01-01,5,13,276,235.19244
2024-01-01,5,14,190,178.39513
2024-01-01,5,15,323,302.02686
2024-01-01,5,16,8,28.545044
2024-01-01,5,17,51,34.42271
2024-01-01,5,18,36,36.52865
2024-01-01,5,19,264,240.42215
2024-01-01,5,20,6,42.725574
